y,x1,x2,x3,x4,x5
10.444883826111358,0.23152704112636802,0.18952265605834495,0.2819426763581887,0.37233534053430606,0.8792786934025815
10.576033572244004,0.7212199187733285,0.021365669320303704,0.305684051562218,0.7845698462895233,0.29825030442819433
11.705085549687809,0.7856096338891615,0.8884146282165463,0.7269981595802313,0.13805820532122826,0.2332060264899689
20.340233202420144,0.5849992857862858,0.5670197134091401,0.6893310243049691,0.6078347484726193,0.9820760165038456
16.671497773514165,0.7364434198035167,0.3775319616345634,0.22498135991851953,0.4555834938112514,0.5874807408348017
17.072354880671565,0.6672701486106117,0.9028605607892942,0.3192164165752942,0.5250664510284188,0.33631124542901125
17.623439161268813,0.5784806184617715,0.6337765668369392,0.6741153362873956,0.42498551890060765,0.7264614874329834
19.811639299793733,0.5015763389006967,0.8316034355428411,0.1060045492580477,0.5211925352058856,0.36643818107677095
12.19679210754747,0.025601301988079195,0.7522800867779592,0.9798314238356387,0.331320226422646,0.7348289444669008
17.07585452560915,0.9690271159614328,0.19990275689550485,0.3613072345725711,0.6064024085614022,0.982047488309451
16.391122915540887,0.7986574652844509,0.7050139576610747,0.806912979057372,0.18240867500284141,0.5757496057752806
7.193089190360825,0.013906385839199453,0.4201031532994576,0.024785042473055352,0.19115158669565924,0.11629260121200191
17.772721068351505,0.9398559876054566,0.8390553259054441,0.6389751337682251,0.793145879487733,0.6581996304392979
22.899804987483513,0.73281957499186,0.7411201438625069,0.44107750339553675,0.9613907613912911,0.6616041478595424
12.329546693549668,0.7641431832314817,0.11312894043102395,0.2227270648721793,0.4909451538885967,0.6399895220335423
12.211933138662541,0.6703606908726597,0.2967119310642147,0.4975464909549169,0.6184873276472173,0.03539546082240186
12.900177042432514,0.8636518364207947,0.17115049760648338,0.8782276107829002,0.2440648263547539,0.623957101651202
15.82374328912758,0.8428845964740839,0.8648345459640818,0.08677569053283818,0.3818259018490685,0.21352633032878565
16.122437621995637,0.7950230694145309,0.269944958233853,0.5981026884124573,0.653668603658517,0.6300696721753848
7.271452637182141,0.2676968008807882,0.3299968359394557,0.5036253650463378,0.3637330908984917,0.17881850487643436
17.312245271315607,0.7832284995625509,0.32424566694973334,0.5956863418423857,0.6200797045003945,0.7539754670734378
14.15596647071524,0.8092580331811393,0.9903213802642984,0.6889696923477513,0.34142807549876864,0.8371864963061011
17.422860825816194,0.6526907634923742,0.49147718506351523,0.007379013698191383,0.021566999514169738,0.7794508340441781
17.358891984257685,0.8641423142241865,0.11578957883927621,0.43694746389984584,0.9928805632386627,0.8517301830504511
18.16261926015387,0.9017886615139961,0.9376657128524685,0.3583850961701194,0.8262535972745981,0.9671395974192152
20.73682670423624,0.7265925421490905,0.46559595014799415,0.6978729689690432,0.6310298426903499,0.9812526762775534
14.648709902198625,0.5165534167693135,0.3590191398441659,0.10412894350554536,0.1726304483894049,0.8572043335242653
22.799435701943555,0.8681590796191224,0.35794764552515246,0.05576995937111784,0.5686430132936782,0.9764151366097716
19.116461362540356,0.4748464244326781,0.7454128518874397,0.5726008320146303,0.5774991709763565,0.8540490098945469
10.53529601485239,0.4481834695879343,0.3504133805703382,0.4886611339189313,0.2603948786098528,0.6385345066515714
13.472641169586863,0.13246847240356208,0.4862877281888647,0.0222926245883881,0.2826660042055674,0.8143870773175617
20.71180238697295,0.6021901211375166,0.9310881644657917,0.4606732011406993,0.6387264503871231,0.8949661684095289
7.252839092439556,0.14214701105894223,0.6497574784850735,0.5082490510565637,0.0657857005145952,0.7465114218369516
15.735476714168906,0.8486358845304329,0.44836514429113405,0.5587090657765867,0.2998702813371731,0.6728634658805998
16.433160231618874,0.30128104898697783,0.6772314652668836,0.3162308586286,0.5044094670222622,0.9467323868491576
20.46811992740868,0.7777459858972325,0.6917670278128527,0.38343383273239506,0.6188623824086142,0.8157975692924415
25.59417200708922,0.5411848504412552,0.6383466338074184,0.1608280728591267,0.9750574815701731,0.9396768554373605
13.760551249358704,0.5208337231721704,0.18294471847995086,0.8511700210879389,0.791505933547448,0.08603221884053469
21.37662259928996,0.7449957103337657,0.8748573820718609,0.6461300598596292,0.8523973695358311,0.7081627885100134
17.31723382873269,0.3584617868386125,0.8305952498177654,0.5038326678563072,0.45625154620837494,0.9412506545479347
4.340680728028513,0.06446966206408167,0.2044419654162941,0.5733471998230709,0.1525723585295542,0.4586815494419956
17.738833408481245,0.3880426143778616,0.7908260048144182,0.8505995264189665,0.5103990782422335,0.3922461850588911
20.557291804247235,0.53114301512168,0.9684544814041254,0.6964742139997954,0.6653128754491522,0.6284668993509028
16.628193596601584,0.6337246669001386,0.34467114665349285,0.39869220313978293,0.5915313052433047,0.8343078227297994
19.135375575058063,0.7982069738458639,0.7801164018078324,0.9088533764776596,0.6254239254147184,0.05432852395487786
23.329476109467237,0.8471286758539781,0.4484863526084436,0.4359719955620428,0.8998447347442454,0.9904264610517124
10.0967943092827,0.2369794579855361,0.6284362197551512,0.42111751066745584,0.30263328537809475,0.4872366354813845
11.443407719183478,0.3219825367937802,0.9848090024776422,0.5624938135426241,0.25833977218360693,0.07758732247928513
12.75460600044488,0.2988955194253785,0.8896410496163533,0.5121327398886265,0.16469011150641777,0.7378491061519991
21.632722001323458,0.7400925031863552,0.6700443989394179,0.22444132090580493,0.9212779024792882,0.18042457670677126
21.656403578252277,0.25058321637961656,0.6894926232528993,0.8924237872517384,0.9772313252355758,0.7277791348086401
13.22989309223939,0.14347541425333554,0.24709910745925467,0.674608219437822,0.9798027410609175,0.3421257274948831
4.200290761864478,0.8097178342702159,0.035825145318452045,0.549366570947794,0.017149006440267178,0.6139998203269897
12.08214501027248,0.31380848859129695,0.682981705562751,0.18597451992880742,0.34690065963022343,0.08100484965372379
4.584061626750776,0.115896824243647,0.31901721554586027,0.4089624021776467,0.22850842723861808,0.19485739367523858
18.294156368335553,0.5595293700484435,0.6028288948675266,0.8340790230541202,0.4250216986724945,0.6179736014944667
8.783723542875801,0.10334817266513618,0.3943397039387987,0.3764860084356533,0.5136969772294753,0.41296021166387675
14.405784594870997,0.4551698526008352,0.31445107585183496,0.9609527983430767,0.1708649165685896,0.8202130055898492
14.002482106128522,0.8073114009915351,0.8435993562171515,0.35725150861234,0.18889577221867804,0.656075840743665
16.629053360068557,0.9665020463988871,0.4183364621596488,0.24749381314493502,0.13380016479716772,0.8928418150138583
18.504233210211297,0.6965747613623797,0.45518351486139563,0.4004017054041984,0.7348280885384666,0.5127933867668034
15.6444801742114,0.7065293993188837,0.9646408299232623,0.8517910715028381,0.2722563582195421,0.40592820139116803
12.748592108740215,0.2284859189594184,0.6413333967971451,0.03352746105347715,0.24213173141182998,0.3065355062408047
12.2113973078839,0.7918968248348464,0.05179749992268823,0.3265420280781367,0.7458025271857144,0.5733109966228069
11.95999653167681,0.09923495988004649,0.1325887606918149,0.07920896028345503,0.3575029946959458,0.8860858245947053
7.700262342922079,0.11018651257081058,0.484833673351289,0.5537113253748498,0.16616561663117213,0.8620940060621991
22.08056072728074,0.4347298942921868,0.8731854683416357,0.1351916739849105,0.6025623239375428,0.8200211357247267
8.677218394356094,0.09372085922817008,0.5589747297160995,0.550226615363576,0.3839400010319224,0.6297958483866274
22.81938123079748,0.39244040895976684,0.9747890167676587,0.8949296445340489,0.5923707042078239,0.8898734699124525
7.255089673118506,0.04060683008189003,0.9214529719397517,0.27329749151434546,0.010939011552786204,0.9890051309910698
11.253442821326313,0.9373522314117803,0.8294494823289232,0.7582728409573541,0.18855801978503517,0.31977557351683006
18.23028021406302,0.43389272431708104,0.5113649668827509,0.09833066050919448,0.8234678991317135,0.06985177634728412
24.4882568720551,0.38226399960023383,0.9978125373194969,0.8381247678967891,0.9151369307545453,0.7472273049499786
14.16212500560712,0.11445089807981701,0.8685574212014024,0.17719227230331525,0.5711220284219467,0.6588712209923407
17.153348437641753,0.6601931452233539,0.3453041527059645,0.05833075713464253,0.29147980937982654,0.7544060143283973
15.458442603506777,0.16716222612548326,0.7772224713750178,0.16478801576338542,0.8550206172718618,0.13833163667938797
7.535611076283853,0.026817118810324225,0.7032301520565378,0.3693875471907895,0.2978080915959509,0.724844768844556
9.273567194479039,0.5648949275865794,0.4773456119233952,0.41378108522630985,0.09217709036731092,0.14185704325762527
21.367561675500106,0.6418108743457247,0.6798641971622751,0.6744959140464175,0.6398963813751068,0.911783366605941
20.352732511195235,0.5044518571065053,0.7981307578008286,0.0006706235389468684,0.10748808673138455,0.9511182178118556
21.48268235948929,0.6312864336237817,0.6603274411005815,0.7017907624151305,0.9203154454361577,0.3608687246611131
9.2239325076321,0.3065015264078971,0.17184915845726823,0.6284184581283823,0.23788131542009994,0.9736188000508996
17.77400771184505,0.5994097500510196,0.24474606165962198,0.38461347852081595,0.9510303822925186,0.7100087581877096
21.40194087530518,0.16606455408276433,0.84162971180888,0.05570014590995864,0.8411369840019003,0.9582832158801875
7.452567311802095,0.7885254280247017,0.9958124019697894,0.6761903928169817,0.02160219171855826,0.073747320236907
15.344584374232635,0.9579309542149427,0.8657152274830677,0.7630594008007131,0.4746713140883806,0.8208823755313459
17.71739419591789,0.031069659899302215,0.08139737242612022,0.04596594951607902,0.900022053544224,0.9029571187698846
14.067139677093774,0.8481981582399886,0.25539337687249597,0.7551409110296948,0.21521650397535552,0.8641740209486999
18.942055664482794,0.5492818194032895,0.4224976474556893,0.6866976230630423,0.9634994005905607,0.3896352415646983
9.970991422966453,0.11054223764736859,0.48603767851050705,0.9028903998254295,0.2638610672812697,0.4812130834615843
17.480948391865937,0.21718159902059353,0.3560162328360247,0.9565487735016791,0.9109626302215678,0.35946379431661457
11.678774703671781,0.8689035489214134,0.2471672021906508,0.8187183068856915,0.2247202531841883,0.2306590228100761
7.552048258525542,0.33589208739390175,0.24679909296542557,0.062111031649301984,0.09374943201285024,0.040929098727101154
17.59059508769289,0.2867988898033058,0.6467762713183528,0.9755565413743527,0.2729006238241717,0.9670593448089483
11.833140717652915,0.7732862676201435,0.32426645368865903,0.5348127877936448,0.38967586280068134,0.16488337446720014
14.552492679251353,0.1694919970488471,0.24158328889296588,0.043119324495343725,0.5203658504620866,0.7782419480332277
15.151828831349604,0.6788263512595822,0.3332583534109236,0.3620364899325791,0.39257409981949465,0.8643447455114851
9.815463752262708,0.07692461272957096,0.22569861999489582,0.6675937972913613,0.453988565857697,0.8337317020669055
21.286728900803293,0.8567956929735903,0.5458143425190964,0.6976058898311706,0.6683045142662909,0.7748633983958065
8.165081962127687,0.4237852033158439,0.20344317724221217,0.5118291246239242,0.48370059957030176,0.1299424292735163
21.024572073376575,0.9136640118732956,0.7016496274373613,0.8429949839543187,0.7801768252319916,0.36720258498552993
18.66899710524488,0.4755328150911816,0.12055854386671283,0.05771709883996423,0.9058843290072174,0.7813062401285369
8.649891730420258,0.04016475690248478,0.5321099655558771,0.39282774132769516,0.49789621522181127,0.5540585554491219
14.482004927711712,0.2780929496965132,0.0439117167957116,0.7818723955415757,0.8084231354071514,0.8850379832533055
6.037717092329668,0.3845246408559011,0.18651875643219729,0.4248865952507743,0.07804410719956456,0.5820537598705572
20.107513505332847,0.9899517416357034,0.31051960628888375,0.6108555267808043,0.9347452742966906,0.4579346991404414
19.18214256689556,0.5792961654796267,0.609672663549738,0.3723532453745668,0.8948838200946683,0.19048825824030235
12.163524070102866,0.15488106230404752,0.37488433510028873,0.3967327254512464,0.8559995557316691,0.31525156277492017
9.281808647151383,0.037507979540409075,0.7435030686300136,0.6288188233958184,0.5360816523917666,0.5428242758629126
2.3189400499106627,0.027497708016012146,0.4118839001489769,0.42113047754382094,0.06089589396583772,0.24596713300406903
11.365138133790975,0.19774422213645138,0.7793898513239492,0.7420871840789025,0.3661154332562214,0.37540329311066
16.6921038481419,0.18555172553113908,0.4189135496215769,0.3640309048844229,0.8967848845221313,0.9873473103798495
15.23848774979673,0.23257499678344074,0.692915644977677,0.16919111149895016,0.5114548512290672,0.6171901492881507
21.30347305204862,0.8752439985786811,0.33431265861911597,0.6478364261219893,0.9927825076525507,0.5974177257131165
18.443614045704702,0.10989464084329525,0.5515971796189512,0.9018268888177952,0.9003529415459754,0.8635840101154992
7.234194769466766,0.3526092116426248,0.209402757638114,0.7200159680306494,0.22048465536813633,0.3524572662854024
15.730688920591188,0.6669172437533456,0.10346053652650455,0.9200590055950566,0.523057307089924,0.964074780331215
15.017566436611826,0.9786003679261981,0.20204506482615825,0.07482119226789197,0.4287749583374165,0.2588975296232888
18.64395011909073,0.8529167140026749,0.2403533582591849,0.04927110148878777,0.3827507833856004,0.949814829656245
8.909812671114423,0.11212346663689066,0.4025700300741112,0.35073988205926787,0.5453505005552461,0.3194891508504183
7.404112803931361,0.11958394851389498,0.6253760853793946,0.27589308723146067,0.08955040829117078,0.6352494061607814
14.32694296697167,0.5800743373236977,0.970273521708428,0.853866947364463,0.11772593649120833,0.16788540712472366
15.743239530568298,0.975746413149144,0.7707458029547436,0.0028054846158109825,0.23391750284166613,0.28693793615953045
12.753657939589141,0.42547195374625146,0.37724138112517447,0.7826756155582276,0.45164630094555547,0.36152685664144535
10.165159559520152,0.03812802208711108,0.8953066720690804,0.9579365712081204,0.0435326189563926,0.8930694260241734
5.433061851879701,0.36500457359800365,0.18018467155613827,0.20527938200699225,0.16430059243618322,0.0002701733736585332
17.578627176438044,0.8187239611187241,0.9835066387745754,0.4961618910006761,0.9114604771073708,0.5438685761931075
19.111751599453,0.1509451744753293,0.7729378295405532,0.849336710416617,0.9429877893266594,0.7314674928840893
17.26112220278601,0.5564182430658724,0.9396694034943075,0.22606856344402315,0.20879525249495856,0.7396307766625401
15.195897587532698,0.6015301760052165,0.9496797892790205,0.4851527955726703,0.3640412354063488,0.36012551710722696
21.286129965312714,0.13489532561376782,0.6333403388721961,0.01233381105063247,0.9516011833468657,0.8723705711159886
15.462448603584935,0.7855056792336856,0.4824968960209898,0.2919475505916779,0.07310682325149354,0.9158925366016691
17.19849158749883,0.5837555074034164,0.8291119849432861,0.6753522421073371,0.3716381310664907,0.575954921283406
12.332691275440057,0.5041845069538047,0.787395814438948,0.6999699057323285,0.017331990749904103,0.3757330573620087
16.07838459679831,0.5233517197987474,0.4752687308592972,0.2823354142985871,0.7878907755546329,0.041811943285186004
10.379104001953051,0.1781760235912584,0.5164531813277137,0.4521148875955051,0.7366419016445086,0.02320865016883511
11.577484523639473,0.3635582934847623,0.4564200424670396,0.8326259726160866,0.1542049536860307,0.5685091849573196
23.047379570222056,0.9731053907230466,0.3561057007804095,0.8010980474523596,0.8500663738180595,0.7746985959415366
15.657590203598243,0.8237547113182828,0.04085433925594972,0.926124940818889,0.6003097325266233,0.9935084087056725
8.587465182324843,0.8766371396559495,0.09136409135858059,0.519796822348809,0.21378224375340027,0.7904142133461284
9.504507594382947,0.01970489277290477,0.33382153162074146,0.03704142650890274,0.1388817567901367,0.7244881093265825
13.413471144202838,0.2085873948786493,0.3327684754082757,0.3854633583721142,0.629728295661796,0.9380871015917621
21.27333853373896,0.7143009280142829,0.8521570732098669,0.9430794953324525,0.5066898694106378,0.57149033647954
8.340660127884819,0.11201935871638768,0.38295136150695297,0.5699028192073553,0.33813093702050745,0.7036038279867957
20.205398007640742,0.42434117742232025,0.688318732313038,0.814949263543656,0.9750008599246998,0.10601183543793191
16.412311032034754,0.2508196026179542,0.9811639750226386,0.8761053332257377,0.5800203169842041,0.15984185360606706
17.449709119111702,0.15533643541048492,0.9846172891854942,0.6419785649803287,0.9214914317763201,0.6418874289659677
7.334694687831446,0.10648608974334639,0.23950383666870156,0.4738136264581826,0.2255721629394558,0.8529778333959326
19.512634499949247,0.7547005794151622,0.1990076901821789,0.9967345416159765,0.9499310256343527,0.10663268067975085
11.291899440704944,0.0007230368676043319,0.20440879613460117,0.25241361438859133,0.5408973841968459,0.9304604224466047
12.755931948211668,0.8762003284148432,0.8572895663880669,0.599411198777301,0.3335715937330067,0.43545082240268684
19.3299066790637,0.9373974500729086,0.7070400238010807,0.45948666460758014,0.5798455553282928,0.9555855521663444
19.599179141046836,0.6525441593135716,0.7825110012574074,0.9986943569168046,0.05412882691592458,0.8179075874506585
20.04888284161261,0.5727293951139508,0.8743718989206808,0.2833311016703548,0.7774947724562135,0.2670113588157189
15.915232156839446,0.8671220519251416,0.6264233017691598,0.2514463381105356,0.4577482363851705,0.03881270365570488
18.448406305519214,0.8591072378615208,0.739583257971824,0.11575301340567756,0.2145442122979706,0.8481905788375727
21.986260743247392,0.8786329751448366,0.6104540781009831,0.10635496002091338,0.7643694582058567,0.26172512756284494
11.694561790868587,0.4952367535731088,0.22893157616310822,0.45497952304529354,0.40013994513073214,0.8331336793435737
11.513934978586029,0.16424455452181796,0.6178566177146886,0.9925428526723878,0.24815577836656955,0.2092128089689127
8.781661978822624,0.18281577456893694,0.006006907161192676,0.2025096864687248,0.38277375337906405,0.6298830297649304
23.573834859172997,0.9989313593683201,0.4499805228597885,0.8584508865203718,0.9024318896573551,0.4210725914074046
14.631565352304746,0.15436661859023892,0.41721029950951516,0.5198879291795234,0.9886983066095151,0.5454314716495653
12.308583927004348,0.9115242702213494,0.7009934294268181,0.715097457341769,0.2103951996595954,0.043465294196188275
18.816596570433457,0.8895594118023724,0.48023103970114434,0.3866542825524295,0.5754381601367645,0.6131421925990428
14.034030296303726,0.4707181042410359,0.6404205395565779,0.5142586800453856,0.09575212070244965,0.9910886286999296
13.633206703270023,0.7888422697387705,0.0757498274779953,0.03910330974506093,0.37954486514735053,0.7446002321386463
11.368887685813304,0.05503894741780857,0.03791028040182609,0.0827521580418833,0.7240125633994207,0.11625932818164608
11.724612753839228,0.9393769188054442,0.9135986397378566,0.5535456507266991,0.3384478310093775,0.7948564807356963
12.656692434240021,0.7313947633138782,0.18841421079264153,0.2097463130746371,0.3401528861765193,0.6749835201581162
16.893929640694385,0.6044873432652585,0.7839841229615191,0.6505279085177985,0.43549784086700083,0.4238707855662056
6.749877761623844,0.35959308797142964,0.2390873685583832,0.5947775750288472,0.3662675637008923,0.047861729687915466
15.71452241423868,0.5132472571811143,0.5005287438894148,0.5587404682508886,0.40241458646720907,0.8797604427049563
4.042127276778793,0.03161694040432217,0.5981616980179819,0.36398954041347964,0.0024486128843497212,0.610774878298633
17.68468079575462,0.9649377668276099,0.28669331479463456,0.3162510593229435,0.8312775464480175,0.21183757375450007
13.163298438543311,0.1375254062884318,0.8824856695784613,0.5857011156627993,0.5660252558551871,0.7270185312153521
19.675560718309242,0.26527011301804193,0.5846337268736065,0.04779047225190314,0.7785945785438473,0.6236128241837208
22.4066252466495,0.7097969500703384,0.7111003149378945,0.7209063894611382,0.7393604347679139,0.8076270943569236
9.330148289057558,0.05258724606364373,0.677417237871658,0.7480996189482049,0.635739418672525,0.12497498687860098
17.595993768343906,0.8529879249834572,0.7161701340907638,0.6590565700773718,0.3946668082529132,0.748797369972674
13.737518818736797,0.19190752064005145,0.2886980282858954,0.20086096865000114,0.9467745926948898,0.1496635973896565
17.619030673395404,0.7485650738083475,0.2692347324918629,0.7692634153483104,0.9675734253814114,0.11526471837128582
7.130292078049113,0.0495284197840099,0.2613004733512836,0.6380967207476819,0.5156274442476337,0.23722738677728483
21.412411001024594,0.6010590334248271,0.7721885964156637,0.44730562110864547,0.8688483073296291,0.5463634992283118
13.84992666145887,0.7244349327941596,0.19707183080088964,0.9389438650358418,0.22117828173538823,0.6896920088632421
18.43606922073573,0.6042068389708274,0.28352121425129184,0.521302850783858,0.9527866400434741,0.7546908957981392
14.111810238079576,0.486158613532677,0.547881029427398,0.34078366853024766,0.3596432653089663,0.5166887874782621
16.55819458079811,0.6729300083907775,0.8798153727712099,0.16801947802770045,0.11804262435036372,0.7177628516634378
22.030485364586124,0.7325528087954916,0.7216659455402471,0.4033552266097432,0.9682238043311295,0.4403890945143535
19.325786011294266,0.4538433285097845,0.8310604248292827,0.3639695209852126,0.6552963265641555,0.6276106875443217
17.95667986731365,0.7406123600981354,0.49479620132905033,0.1851921948061458,0.6075341516020862,0.15330948914050002
2.0815199893125986,0.0781553457850197,0.3931852822795705,0.3253321836899661,0.04597606005063726,0.009536925398690665
8.001195339032659,0.04608029622383325,0.9111593340046586,0.6793959647701883,0.30236031260586693,0.6037422113488136
18.443184139747842,0.4063733862511367,0.887588377244826,0.9266098876309506,0.2980429329093325,0.5530650929116109
9.343833318385332,0.20656655898095544,0.07468819059159759,0.3248226229025296,0.46947544665961305,0.7101677652440953
7.329296926842793,0.07408308973795297,0.7471906005020634,0.009129212352439686,0.029529207594156115,0.09693416967122137
11.809973023050299,0.4555296254782849,0.6247078841392243,0.44947781688265653,0.15723221575597246,0.4781384771488447
13.58958303400198,0.987774890543703,0.6648506953099568,0.5760316765287338,0.12278248263313263,0.6867882359777727
8.441935229098405,0.12966976077714853,0.171071579975405,0.054898485354831994,0.04481967083689431,0.6670203501044889
17.22485908456106,0.7216479231693058,0.7529433252872824,0.2078976306113829,0.377038089647745,0.36812751505164054
11.31362482710332,0.04806875859543447,0.3954563999741184,0.8717507491018074,0.7801554527953646,0.030252875239939914
8.192744908103148,0.504983189123582,0.16517138957236077,0.4355077644815092,0.4436886289294314,0.21643879164029867
12.903723753040428,0.29036285421441255,0.622968629360355,0.9488792196603962,0.27324000696943596,0.15193977058760755
13.60032781884544,0.5850165979921164,0.9797094369858107,0.6477814814207472,0.04978266640638507,0.5857169204005253
18.245326233923727,0.8705825206882374,0.15471434516469795,0.9941095956772035,0.46668566401329503,0.9178544484810157
14.344936788136462,0.2555705897041006,0.695175547432971,0.38749889591452913,0.6640570258734937,0.4310021876406115
23.019000417458948,0.6429367816884517,0.9481503376200853,0.4398338791693328,0.8658717504092753,0.9749668822583423
19.798884171444893,0.3191452663906986,0.8981332049812866,0.8737119213305606,0.7447163703323469,0.3444385267842591
13.850498201613755,0.5793832974586818,0.23292415702923452,0.1813833609920894,0.6975371533094438,0.1462031510437708
16.158810133548617,0.6978509310925334,0.020822890910750513,0.9713933519470714,0.9084629962722256,0.43471828887594743
9.095466867627627,0.41378066772480027,0.29830728750246194,0.7448394101885235,0.09045311455870864,0.6421358711076184
17.330032953730345,0.9817931687966174,0.3490040241094875,0.9164934451556412,0.08675481838230203,0.8380565471239283
18.115263319608275,0.24779353655667324,0.6808033535460046,0.14024058135089568,0.6933675727091445,0.7075736695686367
12.49410582038411,0.2393374276059964,0.2245988247640741,0.7693062181924906,0.7208158596624209,0.43093716918468716
16.26039055021773,0.3544738513483603,0.11803863188782437,0.3332336656067958,0.9645054200979265,0.9496810958153215
7.598032126040693,0.127747301015799,0.18004697292727623,0.04103631132803087,0.21209328982151887,0.10843840528066895
21.303984243192666,0.23953008031436218,0.6508136597065116,0.11278682332690848,0.9692709341712589,0.7817238509671013
27.58417478608576,0.5088636432564311,0.9409526912205197,0.9694919071384874,0.9242150985254799,0.7911413673777917
15.884754136483586,0.7859730724765369,0.1277298167260721,0.8517801405006977,0.7173029742011894,0.6269706562310876
11.01424169643499,0.2643579454661561,0.04882296499311245,0.48021568927776515,0.9798226611533443,0.16056413001208814
13.88209364431054,0.5492685581690606,0.8290336541855078,0.25554828792051176,0.18000049842081167,0.19702455194906354
19.00938075285701,0.8967896434122758,0.45087993878087507,0.8428575011782425,0.2672849341023418,0.8867303587513553
22.25292561517519,0.9400018549646718,0.3838366488268913,0.1435610862312725,0.882579616830405,0.36542344790442405
12.032387032145401,0.5763079076056231,0.6278234051287834,0.26761074255977135,0.04727351368881405,0.2814189337040405
15.09719743158298,0.4634554414648031,0.3626103917685378,0.3658522406464233,0.9489403169439051,0.04203816298140595
16.97136823115003,0.45656042820998366,0.5820494102238107,0.8109224327502875,0.3453499505565716,0.8344922380377852
10.97397495126806,0.5851640630401993,0.13582283507029747,0.41090289717522377,0.7048619481403936,0.2591116843074033
22.244476494620066,0.27862180201470943,0.9765050523927163,0.8763813566448863,0.688156765888652,0.9971154725160827
2.6307246710749896,0.14216577351007698,0.12168069947563598,0.5281856621338972,0.003076761730473554,0.4081754204364426
11.789687584363705,0.2771671213106881,0.6235462199884102,0.8117118777557037,0.12086994141116114,0.6942116217079157
16.190748554508637,0.5502694194614297,0.8976252142600363,0.11203275181290673,0.013989472314208107,0.6084593739188111
10.328299396452017,0.3113253427019087,0.14928715722151964,0.24280146582445716,0.4176527184494522,0.6747637943312003
13.423695722013985,0.7526715132989574,0.8335916650856939,0.3210990686549513,0.3337816979688809,0.04726838843261716
20.739338706002172,0.8639043111091737,0.8389394778486563,0.6804491832004603,0.8474196564698557,0.8010039449968546
14.570227493530517,0.8072754989415324,0.9669831883259473,0.11353918542083141,0.4974695705095439,0.049863443877460445
13.105184494845771,0.37756426066067483,0.15941427473467007,0.6738224540352155,0.6544593252665413,0.815331396139867
18.75693088863826,0.9080229325310339,0.6962376959133135,0.3687983161264099,0.6743822998673001,0.50378985252282
16.919181433339272,0.5017339926309109,0.5508000318171906,0.20507138436125405,0.7202877433409896,0.06900149268109668
10.38798051806462,0.3622005208908856,0.4409594123803403,0.3387767292027918,0.13191832628994804,0.7478459108040533
14.182220592609994,0.4904859369837369,0.5384395095079465,0.4478180693033791,0.42575921913126,0.49859607298524344
14.755229657143467,0.8066586241910386,0.6539921631223786,0.46111973866651823,0.009803207708252937,0.9328783374578125
13.099398671504254,0.3175485197105451,0.1027833485205254,0.14798425535478543,0.6693072592585034,0.580889045306712
17.79010655542037,0.4655043757948172,0.5059218578751967,0.9417037187418518,0.5453509905092392,0.3385226283308884
14.400843768731754,0.331418980302125,0.12942794469573737,0.08081123081936548,0.636225568874797,0.636139241709621
25.64453164478586,0.7880823047174429,0.782815155483457,0.965828949302565,0.9355824940290849,0.5231713223266945
16.063403342131842,0.5833251791715516,0.49103522950134915,0.17246695246626087,0.607932601334092,0.0012285026174148062
13.335775975340852,0.5442071971346998,0.07993990157172959,0.2806221622197588,0.9534112516026717,0.29533344490833413
23.615884170680793,0.7858710459434349,0.9756851253414369,0.9351200117618053,0.9124309941341069,0.8031843586722377
9.947052347997396,0.6704416803049045,0.19754105258815335,0.36755318410643745,0.0719841810692351,0.966932500127484
19.043388845907305,0.8706632715224224,0.6259456796130975,0.7993277910951319,0.47904660609257166,0.5121380363621597
16.47101385512492,0.7918147085989327,0.4437837482974457,0.30339095148140705,0.36918313638881184,0.6152422732205615
15.542239436256427,0.6707942509367996,0.7597360360852236,0.2603750669351318,0.3577855711083201,0.1641108648633287
11.721101453063321,0.14140371197073354,0.42429545872639096,0.6218403251311081,0.8945513305880641,0.12099354773819648
7.279657073770383,0.3116503125775154,0.452719536262438,0.7997442750959054,0.019449561755651712,0.19989427746140187
18.701513976808695,0.33794076316815824,0.3862027060882314,0.09046827887076658,0.8500800936605525,0.5720210904819941
13.669588387604799,0.8142308370734018,0.40821180657622014,0.8621506973139734,0.08706730722970235,0.30612678559506523
13.502200721691352,0.6846039742437319,0.2325205111952463,0.9144352827636096,0.16471230732186626,0.7249752521719467
13.388001224469914,0.04574875876699902,0.6616222018935501,0.2248032954516036,0.875973707146149,0.43282447803701996
18.08059794106814,0.2438884846652435,0.27412091441488773,0.973607604332213,0.979909115241748,0.3421043257822358
14.55173317329948,0.4040639291278729,0.9945555407447454,0.5105525466907753,0.3926851413842303,0.21883132825153562
19.729252345252455,0.3505222508617438,0.9748164641485163,0.36818236084983647,0.7193157128681027,0.679996735570158
16.22265652652377,0.3259473222696526,0.801529158935803,0.41161261231401025,0.754588332656636,0.24077598809691303
5.728370880133411,0.4019526050821789,0.1286576122605536,0.3508983247506626,0.27755734668740895,0.17813148376032262
20.931109665206865,0.4220839350699822,0.5554155143163337,0.8932869711560014,0.8185590741887666,0.5870221232014123
14.713361517156788,0.5864870321878828,0.8659822162735671,0.2696888212175992,0.0548311662252271,0.6214509726652221
13.670001926532562,0.8623724010958999,0.32463236516165583,0.7095466136706194,0.49214239162603746,0.03323426300371468
15.14997735368674,0.4862950416663926,0.40350009080563476,0.8688456984606817,0.21598597033453948,0.8975608965525246
10.920863662223475,0.03298410401474783,0.5978912863463794,0.8615921639286602,0.6835624285545241,0.17022143634370313
15.426095837996229,0.7613768990190606,0.5148302183388733,0.4152041287979953,0.5186468859430057,0.13322513666530622
21.218564713664193,0.3041553636288912,0.9321897565106716,0.5264166168169736,0.9812481706366065,0.7233539455048744
10.070493856274213,0.8156487646151044,0.7823254261855044,0.4453903700917553,0.09031874454969713,0.0068349330667580865
5.829391842583435,0.025981040594520555,0.24866651588467747,0.4232445484750227,0.25924963581403604,0.5832230462978154
12.56961749434101,0.9628302798169086,0.26617864370649746,0.476262086476546,0.26739600868712,0.5350185430835247
10.619653522606615,0.3811058606111789,0.46207916990011766,0.2552200234228985,0.07572540069681089,0.681921279647249
13.62827126681377,0.12564751743979707,0.93296542739085,0.7371700521188024,0.6350361643647825,0.5105747229412901
11.483254348329735,0.1313514165301889,0.8439269959899767,0.46469719785756836,0.4508128462791795,0.7075356940603943
7.653014498847333,0.09100471202865645,0.15980590562013997,0.764137080178489,0.1646875716821511,0.8308090231112745
23.656471441317628,0.42976937987750186,0.8043069088487518,0.9196318453313663,0.6512954767415567,0.9548528927841996
13.527334905063944,0.9273651097796074,0.4388431744522373,0.6973521728648236,0.2137765012182955,0.20693736148758501
27.003573199463368,0.7650028365753625,0.7208380540836131,0.983659144959889,0.9983414872441451,0.4943890954871969
21.433505864634846,0.7803536118010242,0.5895439236673776,0.0291372028743212,0.25587138813106536,0.9038404018266983
10.068013750715346,0.11788267479457204,0.11153500215648715,0.5306064108965355,0.656504336704095,0.61425895742532
27.082171433781404,0.9114442530914878,0.41034000641903734,0.9831656348203319,0.9131939896124776,0.8108997612354567
10.854072249689995,0.2293494890056843,0.02874566231787956,0.5139364898703744,0.9060167081395281,0.31658328956446113
10.824369505047434,0.7062263003715175,0.06585803571389681,0.4565007888184246,0.7484719054106254,0.36916494082742424
10.43430770691703,0.08412271172960306,0.05438727400211163,0.6835118088146733,0.8020774938932166,0.31925434685627063
19.05590115450951,0.7223738989543456,0.8101483250073095,0.26677960732931083,0.5163188724380903,0.6322424850896667
18.213513897283843,0.5562543718638612,0.592632211172894,0.5779028628670224,0.5467520781138754,0.8045459808791507
15.835523169567203,0.31175422280003706,0.8501687949489666,0.48621676004161396,0.637246626130864,0.41240445188618646
17.804282761394195,0.651110443166669,0.922435530113527,0.3909710220509748,0.45527506664193873,0.7018269244175765
17.21476145151342,0.6652538746266631,0.3079271554820989,0.8510965905862433,0.38443776822859776,0.9809161984387176
22.159600336568687,0.5687255219938357,0.7688878255922741,0.28771495760393406,0.8897789997061059,0.5107943524009968
21.273347157262187,0.6333100001055507,0.9371772373910587,0.2129662859572058,0.5303719612760918,0.9500791874566407
9.207116837195333,0.7959694925072176,0.24736587472101723,0.46689278773411214,0.12627027064245822,0.4247634669635526
21.73966589850396,0.7359212664013828,0.712311624580198,0.23441971376433712,0.9892297832642588,0.09312182763649646
13.951104815942344,0.20847197841839127,0.3091997809049736,0.7144155823945885,0.9091702440888143,0.38573586177499786
21.80967690820787,0.43094111947115943,0.8954825174213026,0.6454156450810346,0.8905205634526038,0.6234314557581112
7.746676524420949,0.4534360040403105,0.403798184809007,0.4130034780105666,0.021369456498847805,0.3882923288739262
19.18222591126437,0.4274442359625258,0.9955048438016186,0.13316067101951967,0.5212783594695126,0.3101000291896715
15.430429292909777,0.4988346202801699,0.5040542150528823,0.6819140881536752,0.5972801867656574,0.338559080471294
12.559786707989094,0.6849402489240124,0.10332756885485128,0.256305248342122,0.5867547385451912,0.6598729211171841
13.605446684494398,0.7747307652388946,0.15297181771843982,0.1963345375729436,0.37877024636181567,0.8671498884849012
18.336111281671162,0.8848036668806555,0.7656743231667017,0.8705075916770822,0.5989952209646342,0.22301295848819913
11.723493163144788,0.9446500133588362,0.029633130086296977,0.004317936753979734,0.31326359891051203,0.5597104186870779
18.32210842122055,0.7110117373498869,0.5911813523392646,0.6236441716361415,0.5557585141630247,0.5540614965097854
14.81285685317679,0.5099148385090664,0.2909541144827834,0.9155924264697435,0.21387625035361013,0.9451527129855071
6.60154906301062,0.0426989335540614,0.8442162380601558,0.10560204189703026,0.09280837276483678,0.2864870486472695
13.480017740388996,0.9855368131192469,0.8256654134674191,0.07090045833916203,0.3264726501207992,0.20181305086767254
16.723462725316573,0.9831350580385216,0.17668807342142445,0.9732795614244728,0.23898132854106013,0.9326875159890187
12.337276306151107,0.16232546116317037,0.3375718341109327,0.1207452960753288,0.34206993107341566,0.8653803129077231
15.353985163107978,0.4669848597957075,0.5639672085376833,0.3610244650979051,0.5519518037908148,0.41731140846828096
11.66703729583074,0.8263767619142622,0.8989450851783458,0.07035957718270602,0.06651969588522211,0.016458996186134334
17.915678335714333,0.5905733255940898,0.5480654409167158,0.48419848001923593,0.7358299901382555,0.40956845529168495
2.952753055253122,0.2104915472628318,0.0382887005146858,0.5533860222887282,0.2611806658145862,0.006155416240768763
12.958034007323956,0.03815947661522734,0.8337103130390717,0.8755031166594298,0.7380633898991769,0.3519093531707643
6.615848819638816,0.04356194062265417,0.306159572412416,0.6601831402750648,0.30270101409315653,0.5313594520975252
24.573612091499232,0.44401100137221616,0.9564130346067489,0.8244205823251111,0.8262660857581673,0.8969584441121733
10.310518166751587,0.5755939668016526,0.055135983206623274,0.5190855055721472,0.7432679286856193,0.37503815447109323
16.464341102248987,0.6614129662439432,0.13645810706899686,0.46895917652329866,0.9256303793784165,0.8782317302302994
15.183148892751621,0.6674494065765062,0.7943067175065316,0.7507437039009128,0.3409299808882451,0.11225085777704691
12.798246608132423,0.7363755043388042,0.22009016389433134,0.4169277312586508,0.7185263199451805,0.12011382199828724
5.187360084445163,0.10681098897987773,0.6079540222635311,0.6847778041958067,0.17668933917699936,0.14234012889710612
20.87194363204489,0.8206684828264588,0.3320603782647742,0.401663554464764,0.9170153385698183,0.7910668967960937
18.97607112412783,0.3335621033672259,0.4030346889429559,0.00428480240471496,0.9373310689031938,0.11781389037626777
18.17076956338356,0.8350279078074767,0.30842377698959555,0.717366400940445,0.5884527935782238,0.8209320176869814
12.384465245060246,0.5344696646749472,0.4918593434983889,0.09523550687908566,0.14490134050174885,0.06147189961501698
13.802732508579762,0.4766023138782328,0.5171381047193017,0.833815800681428,0.1783941282719359,0.5595862607853286
7.351932482829756,0.16816185505571835,0.4267374213784071,0.46854931138248823,0.343508294720152,0.33233562404694306
13.968371421377336,0.31168479736889765,0.6849855358144035,0.46018529031978495,0.6105452722964986,0.32312890060232813
16.709463406155088,0.42935214269394795,0.4175695575998105,0.5232919578994345,0.9572405956149282,0.35738693449712255
10.289254588296336,0.42831873659961783,0.09854903891867606,0.7115244779188329,0.7036963947459369,0.2070485584722015
13.779089936715945,0.6227888064691459,0.2899075647105952,0.20970969259122474,0.5726457858269307,0.19887650275110136
16.7944660128765,0.08832113998032276,0.3331923102650137,0.020039156225678978,0.8653157345639848,0.5221742655850713
17.233128770693952,0.8660153798025098,0.37720368438601215,0.11656045526113057,0.10498389445147938,0.9378339617926285
3.503210567935205,0.1388933820834798,0.42903757939726406,0.3277945778140069,0.1000686347933365,0.009651205374673344
8.166186500883155,0.2396653371209394,0.6802487698976895,0.4181450738281898,0.05407035831349283,0.518137820236425
15.616096983459865,0.45997763804620817,0.3866770443519706,0.7259151332477219,0.693198358260845,0.47238059807649013
12.024956082171947,0.4779731277757857,0.416672335589955,0.48250220027302615,0.4242727068866783,0.3839338572745633
20.075817365213705,0.6805346868451346,0.7874753809323908,0.25296956182325825,0.6311883503164389,0.5214002393202333
9.552706274034687,0.3370570064375804,0.3735491891240901,0.0693196304021878,0.08043077615748251,0.23710642529012294
18.273512091693775,0.517423750409155,0.41000623031890293,0.2886472860223933,0.706647421767098,0.8262825541137776
15.746976685239494,0.19198366238046105,0.503348183339852,0.5050048984933452,0.8139303181318761,0.923545018357888
13.701701380675614,0.3384940651988436,0.6128583575461968,0.15710429936603754,0.27248295480853424,0.5119549833831765
14.081635878638695,0.8533797280932566,0.04511332075659802,0.8995502256890551,0.7063700196298842,0.5237198732347259
17.69086463879581,0.3406405329104255,0.7686618442684019,0.6799364729599371,0.6329277497234354,0.6769931459534984
8.162225245882144,0.06579590234863486,0.5054594209000185,0.28541071475387236,0.6049358638060122,0.029798153059068744
3.128083708498748,0.7215944957502891,0.04488301613457779,0.7481133245777827,0.058284809189390274,0.059661530635637505
6.185100754634474,0.20633217413646032,0.2627523373038162,0.7055826816275806,0.18532857344639797,0.35831231944577113
12.647320725915652,0.3276288447328729,0.1280829669420952,0.7307646962483975,0.7049078903826319,0.6437365237779586
18.506177861967515,0.7428479230565052,0.3978865342254352,0.5161457701844858,0.5656233805087447,0.967432027074308
13.833448340509298,0.9865700432007608,0.37515870694288045,0.6734009130373428,0.33908360584500385,0.1324415345029064
12.137228808089617,0.2726723457514143,0.47324300041218603,0.8194302391955478,0.1915767867503675,0.84739145436244
8.656026653562598,0.1858719231036814,0.13521875320753607,0.7807162091537375,0.599562388416312,0.059120612599587785
22.248460918417972,0.9484808823152794,0.6031991682942767,0.0090607313174077,0.44922959094593196,0.6382670928742683
17.729394834290964,0.6014144146697139,0.9659842465182579,0.371383590567235,0.5526259589761348,0.43879589392962093
13.509031670451467,0.8108704438738455,0.18338470600431345,0.3701167477523625,0.591979510838786,0.5496661501720252
12.669157343025836,0.30849694464870325,0.23319696300397497,0.9233670822016974,0.6381716852042361,0.0923518556024886
12.818359851578151,0.4718182117499107,0.34482470066377513,0.6325102666197613,0.33508869515252393,0.844949733430419
10.18572216242454,0.7176304878802807,0.07688016180243828,0.42054201994492113,0.4282763472744108,0.81041748715371
11.23929788799191,0.32977425704717267,0.3551116308503003,0.8377058993649016,0.48444214918571205,0.10347794561163781
14.601720643937545,0.8249949761285928,0.40276921103440366,0.054470996639832236,0.1638261179499988,0.06996719765040138
4.483645187011937,0.8998534179652391,0.04991251149191178,0.7085657507440989,0.16846233060846283,0.10453854419150166
21.30821676252198,0.6414637817868871,0.6191341376873547,0.7362299479172991,0.875748223283599,0.3904210392616734
11.69032963184863,0.17684042726422788,0.47185470397073614,0.7303016597262908,0.5203544055549467,0.5668981370423544
17.267369628785758,0.9486584575082078,0.3529809783109872,0.4086755279539618,0.7019822576504552,0.2793267556475292
25.89264771712177,0.8686556300586102,0.7800262802309542,0.9112644176226542,0.9927496291415823,0.8197029925032409
15.16182628270488,0.40475946792373174,0.5969207587699354,0.6079646408267921,0.418954804271355,0.7713823912614957
16.25160793472504,0.6637325340026615,0.8350281961801731,0.8948073438901061,0.07199642363098013,0.5117984277078547
15.506730718521666,0.276904670837369,0.3692381070968943,0.060019456151513606,0.629862191329853,0.4358637861120186
14.17294166907419,0.25103674010586297,0.8308174050340295,0.2862706709686522,0.4453056131771457,0.5425754064435484
11.22198002950293,0.7398508687309666,0.3274890517236364,0.7982409371157749,0.23417442816855383,0.040695153213519464
10.93363397757238,0.36782466455322504,0.26940500967072367,0.805538863188921,0.3062811673340825,0.5881320849442421
14.778982720868248,0.3905963289106371,0.4751370133290316,0.15941554090970556,0.639465717944056,0.11174878637806218
13.530874746293527,0.8744498010457803,0.4371494527148806,0.34514884901217313,0.0969745701588216,0.5515649375140339
14.442697413604458,0.08868900260777934,0.9608475497323924,0.2837939796215583,0.7195007909410444,0.7334989817102714
14.454993311142779,0.09858399080416924,0.02015801087354785,0.9852327072615357,0.6474713282332893,0.641766661108974
11.675241547398633,0.8380046933128287,0.19621346469867973,0.9558712043980285,0.25714068885888675,0.0016998882986885011
9.671544623020786,0.364966956958386,0.09022694834270106,0.03443359478583474,0.06087515738785343,0.7390147827660506
14.137997489358805,0.5221023447314863,0.8562093986874171,0.7870741734712658,0.003303761719835707,0.5189752547206379
12.540446309003364,0.7253661932073672,0.6320209051515051,0.681474808995614,0.03814488806694516,0.31708457260911393
5.767414646262486,0.13588878015362327,0.417818903413375,0.6196608802710082,0.021093311639037604,0.6991702645758354
10.944445834666304,0.19669640588922688,0.35669157523011774,0.2811733748078814,0.7031216748379304,0.15383822480645815
14.502257887656334,0.23709702147278655,0.29923249338789737,0.276016466175514,0.6625789313550937,0.9325269863027189
22.076013431502442,0.9688116595357162,0.34538709467682405,0.11344592606962633,0.659415056147061,0.7626129964219773
14.182369581047624,0.8364708784846421,0.8014222148810402,0.07074952727944317,0.020249214548943573,0.33864041523813826
16.755552838624602,0.8039164061947807,0.8023158787784544,0.7337813038227364,0.6148590413723543,0.10670843829964383
21.847468927155912,0.9783863655610539,0.5421468981619707,0.1807471060783179,0.9448186289814898,0.08129851305376345
10.552927621974062,0.7423045578935188,0.15875948626097403,0.1428481202427878,0.0719376543933613,0.7328205157921341
8.629765273244496,0.17081242858633705,0.7949900517513009,0.42959322067937566,0.10626445299422549,0.6660216470706268
17.850921042222765,0.641531669039252,0.8272949875216861,0.7663928124886414,0.4574520691665658,0.3807360978098351
7.843673473417073,0.8175021811018791,0.9919632845475975,0.5905768394061135,0.05570501333236433,0.30519016788280806
10.756033995519449,0.08334227414780881,0.7688975129915359,0.9463620976660152,0.44254113133741513,0.0692453057149729
11.603458840579538,0.14068870928578348,0.6311969073437633,0.9348037648610773,0.20415256635678325,0.6054177983944294
19.166080527214515,0.7074673853088879,0.37676385281230895,0.4979666583522483,0.9615915115628432,0.4242253239109587
11.559270443468698,0.1443289852106342,0.38061293913238303,0.09725066944530003,0.24939368812574703,0.8207921647197546
15.046902698336083,0.30615406467201944,0.8980476606206939,0.5822110938437748,0.7145101360385073,0.032754700741663534
8.555192519379807,0.9038021620455654,0.11527311513852945,0.14965020507656535,0.09446756604340001,0.3881408585821684
19.017337969357012,0.9198606592732443,0.261501503964221,0.9532488845530969,0.4275866504777206,0.7549678978164408
14.921314077423952,0.08387005767479705,0.1159536386880412,0.053862704050529175,0.9100724133499729,0.3068693289290142
14.177408111255591,0.7830425886278856,0.07966532402330206,0.25039500096742495,0.7154640327203088,0.7658935451584715
17.2330705493567,0.5396744665059114,0.4056475469123383,0.658191816523649,0.8046475675996481,0.46761983723359557
17.500880153338002,0.5620390813512643,0.6487774166230288,0.4200448176861944,0.7636093304324434,0.12551598281918463
9.539312950008831,0.007914379777436698,0.5696286589297966,0.0630552026984218,0.14177027146593435,0.8323137529853367
16.34952130430876,0.15041492651018518,0.4442293053811459,0.019450279516946223,0.4741682199283165,0.9810978597901543
19.699525623897927,0.7176835986671435,0.7155236111153391,0.7536144945122943,0.38452266853396444,0.9153822207896926
17.099965264211367,0.32113376973408625,0.24159943452312804,0.8472853226545545,0.9618008753512546,0.5312900023307535
14.087105855489831,0.08878750710589856,0.4996995716885393,0.857847926906293,0.7370141926148733,0.5533074060253207
20.14108597685373,0.8726865071362239,0.19671942371671014,0.18769730588691202,0.9366369921310598,0.7376871942806347
21.22816479201328,0.7741628971638089,0.9182919047472905,0.928066574541214,0.4812407419466891,0.97337877167456
9.34603729876657,0.5260230353327695,0.12273693391085227,0.13053775288615732,0.2534763528857852,0.41336319650889897
20.38215435239579,0.8716229700265615,0.15832800827140148,0.8717596841291442,0.9862960751773002,0.7108329337351712
19.589568363344597,0.7374839235378358,0.46357223772513967,0.4097990282046753,0.7081839200283031,0.7107363165356038
9.42614893004985,0.3104722793081244,0.2938746312788527,0.09925077338323607,0.31443371519774743,0.04850327615529404
17.562203089503157,0.5620223472017206,0.18770385415166502,0.8953613412559855,0.7851635343602251,0.6661020070652794
16.2817655185286,0.8132326073729413,0.2555537220902313,0.6028398327390814,0.8530448195402868,0.29297386403236414
18.838988244363236,0.8747779781600963,0.7453024656605453,0.6446316621049407,0.7249034577165879,0.4579700240650242
7.200383633621506,0.10413496613823359,0.19845671299578038,0.05394421879577094,0.09104563139721145,0.33236354401017065
14.612204023866191,0.22829828855852352,0.5611066416923626,0.6149336346152844,0.8677053413649668,0.3508674821376313
11.841210450704823,0.8212185156313951,0.5610820093359651,0.3874550103681911,0.11760112655317612,0.09754365090551176
14.136844854745489,0.624106250572777,0.07858927908994118,0.15154692947976134,0.727809245528591,0.579112345514515
9.456549588022213,0.1386705300286294,0.5383592791744247,0.7810527610958033,0.09255636104466236,0.925454577432016
12.802186217501337,0.3959980437085663,0.26208886313661617,0.04895183585594787,0.12880924970550467,0.8484233238011536
17.06936817880815,0.9825029289096338,0.5463934829708981,0.17243443233303213,0.49491184586087567,0.00822814394786986
16.64504581039503,0.8590750100292942,0.8684948529116109,0.6865737705056455,0.8292318473106256,0.0998819162649579
7.949490593703155,0.9906921353855999,0.04892681605723703,0.5891379468366696,0.6101119154527327,0.03451279088042647
19.65747468074936,0.6863175953355299,0.41127829973961116,0.9436959376598313,0.3034489079397481,0.9870638792157617
11.716923719581692,0.7891681752979041,0.3141804260856791,0.8467874280819833,0.20612515890504057,0.045051335918533275
19.771942674841622,0.6477392951471628,0.4536016279580405,0.8389883299589849,0.6864587507297482,0.526928641243652
14.434779445522825,0.7268685697733143,0.16550260104212278,0.09535746889239893,0.41051691906206467,0.6729863219989368
4.754439674819357,0.2196684234537799,0.14956323397272508,0.6017874839163153,0.13888430036943555,0.42561311883946096
20.797563750652763,0.6401709907779363,0.5519105434265547,0.960862644779441,0.33375526432205405,0.851046491176559
7.144932107545408,0.06927426386540725,0.43246152322033327,0.40582014586523774,0.17189387771530829,0.8617625461078844
11.455670358158583,0.2018827779607434,0.8671504267472057,0.7283868439680783,0.42490464290781993,0.18734937367402205
15.137826807297376,0.8924660636927487,0.3608306867939852,0.1747714190706562,0.1681286612724595,0.5727605130638997
9.0928135665975,0.4890421595140825,0.2537225788895967,0.33445072637350737,0.4018720886459938,0.14516309438124342
13.68756626624248,0.6308715479252475,0.34445496514046514,0.8592468952295576,0.4547978706370016,0.049920029189253534
18.066905825270332,0.9916517036731428,0.4465531521625081,0.19013701252341098,0.18751238216313948,0.8864727928898914
11.79642867778333,0.4075973629806403,0.4603802032562021,0.8991176332066477,0.28737503160468336,0.035433417579152415
17.95071830020349,0.17442545835089351,0.12088169711750263,0.999327893613898,0.8725694739580476,0.7153081997507077
13.835374069227562,0.3069537330646027,0.8619733479002547,0.599321274499092,0.1550457509500307,0.9400144436368091
16.81937409477661,0.8215411679413355,0.35080357548614316,0.8283310176515821,0.508998375357441,0.34132169312821903
15.279480513112416,0.20807648075481444,0.6243084823201716,0.5771688254858707,0.8306085470757182,0.5771172374082408
10.218362811989511,0.10775478044641629,0.2525206925174702,0.09764109790436037,0.4529437319737266,0.3194550699242975
22.63673743683425,0.7482341052239567,0.39654651183800627,0.976141806946325,0.8187204721496594,0.377266597886347
24.543553441051166,0.9211485751164192,0.5018435997256301,0.08768488789571116,0.7912071250454632,0.6603130231482577
20.321705492484902,0.5857156909477945,0.2618248185809512,0.8820785807569191,0.9743940641204687,0.6049046223593226
16.937104561937865,0.6868906478308633,0.5484106046498224,0.3766873055171289,0.6334758031669201,0.20782940207264367
10.346038429788647,0.6038849188139601,0.04010548263534197,0.31537068673197866,0.6663119797466335,0.44820550749759813
16.753892811303317,0.5802277971257247,0.34993951594732253,0.8403922394022705,0.6992445148602974,0.2978290358271459
21.352562474043058,0.19893150869614862,0.9329345546613232,0.9754123856912275,0.850663138499543,0.5639759081421649
14.87865843236776,0.7479788608508278,0.3553044178034972,0.9355384831845561,0.10161587245326309,0.5312522894772992
11.880287214472919,0.9048224118770491,0.9308793671469325,0.18114983348723213,0.2572471371431756,0.5039752308599644
11.969156868673126,0.23061598060880073,0.8095160295916103,0.27206558667958014,0.32511787857505126,0.4288879782597611
13.276493539724914,0.0599759135920932,0.7432616367261913,0.7049668173980624,0.6714127236007332,0.8652517817825022
9.521079390363507,0.17047446076913486,0.4796805479826989,0.3422823320028461,0.3304621755088972,0.6356282534698774
7.018095934755375,0.3376410129576717,0.03767154820686669,0.08547878198045089,0.023139431372336094,0.5901315078532627
17.42506464921894,0.4110310858773375,0.7641706456440145,0.2603145103468463,0.4811951775064156,0.6243299538741507
16.54282747003653,0.24094167330133698,0.22149885325605512,0.03814653127936818,0.5788278029340572,0.963921238222538
13.858452930029284,0.43159246858024425,0.9592574940111364,0.4260073324594952,0.06989464769906606,0.6825403397208684
16.2148871109517,0.7426049485486875,0.1838271481051318,0.7749593478376199,0.6731577576349634,0.7625794445137796
16.6443690156228,0.7739632934855253,0.7774790504879009,0.266109058849579,0.28495475274762594,0.64143866738004
13.039294345174142,0.2845192827292242,0.4549545920987056,0.9731442508617046,0.3036163129061227,0.3140796010504423
15.171165927843193,0.07211687680616508,0.8921663337187508,0.09629216996056478,0.6785457094551525,0.6237072018183292
12.309597825307495,0.9165426942189627,0.8416284934837943,0.2292834448102714,0.1518158783571052,0.5490706974068477
15.66036058869297,0.3523691840074207,0.46739661430426793,0.07643156010026464,0.3002135851772608,0.8247454386607289
12.890738401518961,0.31405532647890333,0.28133519606637913,0.6975285546723382,0.798340567079747,0.2773481697897433
17.835184140281434,0.37764124729899995,0.49772190471068245,0.8789017761967047,0.6123926528387866,0.6544411508284418
17.174872940427864,0.5595839661195122,0.648932121763917,0.2744919692705109,0.34834964521355916,0.7169145295449108
16.754508703067547,0.538517198613331,0.3737801354114807,0.3425912140066446,0.7068199612005122,0.656048594357216
16.673726529642654,0.24581258260215366,0.9276182955836435,0.2661377900763793,0.5028541264174002,0.7970034497068654
7.650443401367227,0.3554052769033993,0.27358152922879686,0.4889684468653078,0.04466840897625868,0.8387929783179866
15.089137005345838,0.0665968232350358,0.9450002646018674,0.14457213742598218,0.7082306431375439,0.703195370552302
7.891995921248545,0.6704232286336634,0.22163911044143714,0.3305191075711109,0.23426386284999023,0.09488666924765521
12.976646376730537,0.85210610139835,0.31411533596763697,0.3872049278787898,0.2599435625287908,0.5340942865543316
15.598044958757912,0.7055615847755723,0.28068481260340183,0.07141298646151628,0.1724180090355214,0.8744383079318485
9.677351266833874,0.23809703376543467,0.6980162391418595,0.6278129054673312,0.15965556517976498,0.5533789446269208
17.93005191766871,0.4973675146268435,0.5857284594757272,0.7028270300473723,0.48377373723589445,0.8685190981694544
11.102907162150018,0.5347293276709318,0.12415261142909118,0.058158253264380066,0.061788813539374376,0.9019964579714812
10.157379973761232,0.261950649352945,0.2461323179968209,0.8145232560389649,0.3714832204804839,0.4904690850820682
20.144832523438566,0.5173789296174249,0.8126602130267971,0.6740259971741991,0.5478778367165859,0.8741980170308727
24.34977142484528,0.757689580253234,0.5903197205125116,0.1373105742392522,0.8218002477502807,0.7275491546955617
3.4134884704394928,0.2333508891913202,0.051984834067811736,0.40108090099188387,0.2536529976736662,0.060050712811779317
21.18655905003379,0.7051863596892468,0.7212277064394953,0.7531552816079123,0.648330889177694,0.6850295467205701
11.227904787081407,0.6056308045812889,0.17390219939983076,0.3290049290760949,0.5914021248545307,0.29607958122856726
12.358328982172688,0.9287306477513066,0.9514270883698853,0.32388537164857567,0.769420258729739,0.09370281023050475
18.872953017396974,0.5984641699431368,0.6111767087384259,0.6957051401098737,0.8231197589430874,0.15036371708071516
11.351851701334272,0.44674028786913267,0.05294042920634956,0.1838132176969638,0.6401584341392402,0.4416925922876095
22.520440731375174,0.7230507863295582,0.6571037602905141,0.5222667117345315,0.8476441961515645,0.8129231446139382
23.5879705180994,0.9165371850904281,0.6539629284998019,0.014345724139680494,0.5756585827934163,0.7195260022441284
19.18805006533351,0.5093539492157337,0.9760851022400313,0.5911803129386496,0.6324795230455439,0.5394744568361163
9.24272672701991,0.6224042721390641,0.1576159010593864,0.13825583454108825,0.05605659569656163,0.6063226544660493
10.969113661859346,0.3258757044489755,0.34917499793859996,0.7030741123296687,0.6579734025889841,0.013100648650268498
27.173323432081084,0.7926620133002226,0.6055304401635598,0.9907891227749022,0.7471479974433348,0.9808268908181742
16.31507558903613,0.22899141531337197,0.9953296994972978,0.8646871526120555,0.48906584792303676,0.44009492841127607
9.98630253097071,0.6279976513547226,0.037025022603150104,0.3435293559089143,0.7927713717757227,0.16782111922862442
10.403263760688052,0.16729682541074176,0.5863231585533788,0.13777429204377645,0.3589256452778269,0.23136217690499317
1.3656560575836445,0.08651227147317675,0.08086607101460364,0.3506812720467464,0.036811772198237835,0.06637029265862804
15.06534400442077,0.31220332101642867,0.7365658645705904,0.08715348735884632,0.17367143772684346,0.6615297271189177
6.43443980494829,0.03863804866298137,0.11543456900703164,0.37688201824243084,0.4980027679064153,0.20222713987846908
5.118699497407855,0.0046261586894927875,0.018146220531139456,0.13567257005729527,0.1468944885260285,0.19848556118550753
17.188609419723377,0.4282221272153156,0.7821158107259164,0.45151347635396166,0.4360724718919504,0.8191614308853757
12.150616377308408,0.5628390681913247,0.19795232074800284,0.050608443245119594,0.2113279189337831,0.5138203687112554
10.732801154420853,0.13645734127831366,0.41457754607113284,0.9603471075696753,0.07258510710537613,0.8001271958061351
14.314553501375135,0.24138186490575897,0.7047685693244312,0.9463706370640774,0.5104313230350209,0.026338241291353537
9.215672833902769,0.8319686871485321,0.17786895044802198,0.12497213640506133,0.07936653364936908,0.22515595151764156
11.576685687984739,0.26065356438964893,0.6191026550536409,0.4899355432117575,0.5239745703805744,0.295933990250821
18.997076548935876,0.8074315086517906,0.5560406942880254,0.3339859227212373,0.5354451238581097,0.6439336585566626
10.819132307888706,0.5023673760594669,0.2988228217906146,0.5853703944421131,0.3833103981756617,0.4594070204687566
13.18028567553457,0.41823841629737546,0.7599900057405758,0.8564036905496827,0.16325288026002205,0.12005415634848182
12.930583084526017,0.3208455918039259,0.8207795633501991,0.7117044233794245,0.2793296385348639,0.375944856465142
21.710974924100938,0.39458514566935665,0.7831427887289176,0.5991459825810528,0.8600243104098069,0.9321467633341025
8.476764771920179,0.9468860418955072,0.06628763250940006,0.4981060616091594,0.4705571266021362,0.3623994938924877
13.173345646216038,0.15401747698633206,0.1809188262874889,0.07205624790693066,0.36983295848956277,0.9876044863614645
18.44932942963629,0.2957804335703075,0.8985560488137416,0.5574930673871222,0.8527040198276813,0.4886997640089511
11.635006163251974,0.033648227502599104,0.049047119692814944,0.44449435800618287,0.7072945058491854,0.889719315899139
6.808820440524409,0.6780776966102361,0.0766611398102498,0.46886970104974124,0.2175563584483048,0.5976109544923123
12.451505113051264,0.1370263370634952,0.2996851470222953,0.1369834715373085,0.463489499428584,0.778895653226968
8.857497469783603,0.16624091915056904,0.34919096910545344,0.07100061976386896,0.02844304400357056,0.6157321166401207
12.347217032728617,0.40806014204454455,0.8078346243531676,0.7932183150551969,0.04769792888250024,0.3097917190629571
5.653696207710352,0.7040210228489192,0.09465673840555322,0.26987904777236316,0.14010890982936552,0.22303726981212257
17.103041877557423,0.5268541740219402,0.9435368955922286,0.37048358442454343,0.4911465172198898,0.37129997305994267
16.416488975549225,0.38186980725573727,0.48732078194437256,0.6035960735054615,0.6494600830485985,0.8376694791495204
21.14583015909073,0.9986887494616921,0.7903056257623543,0.842763297661534,0.8105179233954867,0.9087450823268255
11.45235666076251,0.6799817331260664,0.13517057302692725,0.18176929932486552,0.2089349000967754,0.8980007413985096
14.087938608312843,0.29675775299627793,0.3068528442281995,0.18681288120154094,0.5289912761321264,0.8028798620602745
7.906793360603711,0.9464708734119804,0.12019783626010638,0.4393038518692568,0.06887002026575662,0.729204305321491
8.2822052858425,0.6004309724489556,0.16469597009636905,0.8168143787296267,0.1149232808761409,0.41372044188341883
9.351772988754224,0.7427234777220044,0.2767042303010344,0.39281296319753667,0.17148992513352834,0.27799333814293936
12.04121535218855,0.0011795792158346696,0.9997739871445129,0.12697671684623046,0.8099863800549331,0.2242750084803744
6.55224312445527,0.11905985318763712,0.01655222740046436,0.218566201899559,0.04208814921534265,0.8970701652078287
21.466814622695814,0.7455320133671306,0.28831995471739214,0.003967269836555487,0.5868878687964588,0.8851445781645216
14.581761589443467,0.6081357180133001,0.9576886881373794,0.8215746599492839,0.019410909892008554,0.5305358669143904
8.84613751542971,0.2975444515289847,0.1888588816613298,0.5989919644432087,0.5610033211567564,0.2567775910783521
11.804984515244126,0.29680207447584284,0.6908412643705402,0.8574925828169584,0.2325223379707292,0.18369133907032675
15.14464461263479,0.5533388866425898,0.5090786686869315,0.08075335320151245,0.08450315012729381,0.6090663127884465
16.074363536858876,0.7704273344418393,0.8814449530891348,0.820334812127872,0.16322060641942726,0.7862588907299222
15.36443789880821,0.7618802426969349,0.9362242287660405,0.17341784140501115,0.4529233069998042,0.1728642174686288
11.154973892792976,0.8475215707067176,0.7946032150147002,0.40365007297152034,0.22632879514221882,0.030833673639896086
19.428435309220973,0.5700174536316129,0.46822180183562956,0.7721251315677827,0.7530618751124353,0.5961074025292834
9.091263186102779,0.49822593962895534,0.1647876781360209,0.09014304245280502,0.10405590022668376,0.42805183563454396
18.715705678289687,0.9871718705219622,0.4881847010117072,0.8607722279379291,0.43599010153966045,0.3537591166668288
21.237410814404246,0.42448009116333296,0.4459312006257713,0.707717726490196,0.9889487053438392,0.9765294698560673
18.15797248007817,0.36107401056051025,0.8508220477373352,0.5723763093191946,0.5512334728558206,0.863930835593939
25.349566922729387,0.9333438689399368,0.3927298929585509,0.7754927962638539,0.9704456600013867,0.9986390904251148
11.067508409660398,0.4583830103509072,0.01648164193685908,0.9877596479579457,0.5441733408305635,0.12605269428863508
2.5178953107962645,0.20064952353304888,0.1780300310885743,0.5537544911433242,0.017433204824780613,0.23317959560161583
9.267207204602853,0.015559790311553079,0.39450793703857834,0.4555967072729904,0.8616551857062869,0.0836777638830094
16.170794920747117,0.7036763243248607,0.10561420130327748,0.6851690603574219,0.8549454566035319,0.9243935200491712
13.930193647611384,0.20626482853180894,0.8075497047384631,0.9661451188635121,0.41097904676214647,0.09544648717422488
15.344405053709536,0.3550689107965309,0.9043682741909846,0.20151826554849983,0.2879788393760293,0.4441650978111864
14.214898231035445,0.22261150526560658,0.9301522009985096,0.03246506531066384,0.1711734443057601,0.41509834983925786
19.94058059306949,0.8418876165997148,0.4598198353376379,0.35409421362914917,0.9784297216402041,0.07055510208430182
6.07791967924515,0.04703128416616231,0.9484034750084972,0.5610498205742551,0.03520137076344776,0.8509300039790549
21.26639466376911,0.6140555170657335,0.8831751862040403,0.8038503463866048,0.9111131024732118,0.07940169163700195
17.406135007119342,0.9472729168100305,0.6600297245382785,0.07770260744896573,0.262821791409824,0.3950333759539657
15.647288772571994,0.4263825713365579,0.2607208454450456,0.1572438131196343,0.6330628042238381,0.7090357089293874
16.790528296841135,0.18836248590448945,0.581919610062886,0.24034505109247983,0.9278559835455271,0.5575303739624039
14.825829871258215,0.5294208241285422,0.546691518339069,0.30384052004136775,0.28131942847441294,0.6705010193436948
9.22438215523141,0.4822668352698256,0.18117993363289508,0.0713847632570962,0.007988614913224557,0.5519176305800853
8.592414612481935,0.2422696271124024,0.24670444401920155,0.5196570597477254,0.4660511295038958,0.41149827926499893
11.797878516299944,0.4521703289662762,0.6038910441543917,0.4393223148409514,0.0975738062815833,0.6368269735636979
15.740668256010096,0.3911122166484875,0.39939416193708666,0.885961126580217,0.6885446061392455,0.2326200968049783
21.755845442837426,0.7314792151863849,0.9590823190693,0.9085050440730342,0.8683083303369532,0.33475199104995335
12.950007095181395,0.19314592075037895,0.11962536598201667,0.8649162342722156,0.6608403637629617,0.5906187613768051
10.728151911539506,0.5236438162644814,0.057186237902795756,0.6741757482077214,0.649020993291388,0.5383656730877583
16.266744798503776,0.9390868861374125,0.7577699052762062,0.5079949733174459,0.4971592322421361,0.6846920063203416
15.141682468229153,0.5255460757483092,0.4924736250990722,0.5223212291750814,0.34907507930571235,0.8753519232739446
10.184792682426899,0.6933008355611507,0.02174924167947434,0.33829533124281985,0.5384764345503541,0.7607048083220089
8.687819635247703,0.9246632875434343,0.19238415984862,0.5934118158549277,0.3125813749028492,0.017058640505530853
19.956005163786504,0.2922909815254685,0.9220401988618095,0.5918831835167256,0.7994530068502587,0.8603654299884886
17.91480876331958,0.5040114936169245,0.660602873319699,0.46494506439697225,0.7390595972510169,0.3690773533815479
18.722092208954724,0.6685644597026151,0.9524798656580277,0.1777224104164019,0.3419068713311273,0.8270147856126516
15.54089399582124,0.09056715114123504,0.7868009672011378,0.8910530539785638,0.5933330643770662,0.8658237901758477
8.795681956841882,0.8410135829742857,0.3197603160596151,0.5754469408356674,0.023984053386658433,0.1926618148141701
11.32269473257778,0.32276527173247116,0.1163150542668977,0.041346762323596464,0.35185022713729763,0.48404759426480826
18.467296253130577,0.9504739745952515,0.23493132693549124,0.7067943331540418,0.6329316817809119,0.9658035630685956
20.426848309732275,0.6419175247164731,0.6974910626264029,0.19746177737262582,0.4159439906455036,0.9142671214434063
20.201593674355575,0.7423138148506254,0.2941367523513301,0.331992250650364,0.8563707470847511,0.9478680369446335
18.628889717313115,0.526766823995176,0.49299342498986365,0.09935214131054215,0.4039588680671651,0.8191710577070002
13.585401074244174,0.6411503698917617,0.10625102813595222,0.39472526260379925,0.785795093294002,0.6763901948792912
15.26659622792447,0.7680424153534491,0.9417774666655533,0.1206333425806746,0.4448063991210577,0.0604045145870713
10.046134920237586,0.4335026915302198,0.1748519366049105,0.12593504816725232,0.11783543719069811,0.7420882623931155
18.369146351517497,0.48338027919611304,0.6142289336703964,0.33507924384341514,0.8215400280679579,0.31542213175400247
9.01464257644437,0.012083803450744224,0.2600193847821889,0.6612017424036666,0.44263410758301613,0.7939747000778298
20.062288599198624,0.8220382877287707,0.1688325552241069,0.06497920371440924,0.7489520120910577,0.9129260478298182
13.1856495262921,0.7630263418962064,0.1991047727887183,0.24253691015083578,0.3654354445973699,0.7223845767929061
15.665832924185493,0.15847990635816844,0.781646849098199,0.7322004829139046,0.7657179412721067,0.6272290095933013
12.017649700582545,0.16791987683864096,0.1409693689235345,0.8744656324393031,0.7115320410384289,0.2709720794940067
15.503218005798553,0.4137545176295506,0.6928041183488678,0.7990768730443782,0.45962008683147015,0.2562904031270823
14.504070160675058,0.8869439264473566,0.6805413995917255,0.2469632443627806,0.12867448219711497,0.492357076336424
17.805417220108545,0.7065783418271543,0.6318216059692849,0.6770197066698146,0.6312758965883785,0.20144266473276673
24.91548082186786,0.4984064141040696,0.9348241600448302,0.22498103594918362,0.8758712525765239,0.9402624247055807
17.330240072706417,0.6449286142901669,0.6390898109063591,0.06485039815734461,0.07065513637085241,0.6429750291530251
24.8364516638036,0.6727155706678059,0.9935955253481608,0.9185639686085451,0.9170644175942115,0.705821359173096
17.635403996042932,0.46191793609634635,0.7335648820948559,0.9299176112529406,0.4174230460009972,0.20380697949026572
16.073006035635427,0.9402242307495672,0.5321696110810716,0.5277591022385514,0.16764266649903137,0.8762348734275605
8.350686754732688,0.24905442245343867,0.6211502153485097,0.5335966547204397,0.055658409702424305,0.6201110802007569
13.357829310619724,0.8061338904100847,0.3471726677596667,0.6760695254476184,0.06217189251800126,0.8827238690897079
18.00682780366595,0.5501163603953253,0.8340044589594445,0.9911880491481514,0.0001484840407233179,0.6527358872544758
9.901557476705612,0.22443978435736,0.366642541369523,0.7424458823291313,0.11813927781435296,0.9976147042574143
3.8141323142403594,0.06407856697331693,0.34278741880274843,0.5582106553137304,0.13053097123492952,0.3503078876266753
5.8571924266986075,0.3767011079037632,0.40121202103309084,0.651898630141565,0.06408425317835897,0.036636604216937596
12.122268275174244,0.1784892983374885,0.8084240900537738,0.2680151634056296,0.5040810504461564,0.325125181090398
14.393141286260468,0.4377704019512969,0.29124052644687104,0.41311939082174476,0.7362975777379962,0.5960051179446826
19.855830651960343,0.2730616667959582,0.7204966474109816,0.05380281700419942,0.6448594936573123,0.726141461580172
10.157463163171421,0.5745927423802506,0.21445236723462113,0.6226656078534321,0.34960308552329633,0.5170606989730694
17.47009841473702,0.8928227640750058,0.7680372964205269,0.023803918849186534,0.09057562577824652,0.7366949639096262
9.895740296523194,0.1934249674507439,0.6917583366350338,0.35153605286098344,0.4278244098875743,0.21916287591129036
20.881933848001488,0.7597759907825307,0.7811603421661275,0.34617179384961516,0.9444227290183345,0.2785652879077859
9.638134209047436,0.0691979754353168,0.8918747390798117,0.20819546296936786,0.2059599484960598,0.7897597477903181
16.214226748460852,0.26292614610141596,0.12308679032748382,0.8796659848041076,0.7429207753773653,0.9774278334545442
17.07152639195022,0.8180898453463805,0.5763817022021189,0.29892759505759625,0.13174613547994474,0.9970858135126583
9.415414080021868,0.8104238786536229,0.118126018964964,0.6823567866600173,0.37298451976986835,0.41162184455035566
15.707304042644134,0.6896941758586205,0.7657984142770412,0.4340461121071377,0.14152926604697946,0.848827689441347
7.138977109841155,0.03291405228991162,0.8102325544599905,0.7492123168654924,0.35106158615531136,0.30988086972379214
12.750517849834962,0.3927783195043123,0.9067522989650294,0.29027069566448993,0.1871288470740058,0.20067082101606526
11.872021465007146,0.057860152541439724,0.8308855882280323,0.5136652651614383,0.9641537600275649,0.14443171740492045
21.96788846284735,0.32962817691169566,0.621004091102461,0.924656873303192,0.9149053996917139,0.6430982609615254
21.634152159644216,0.8105712493945004,0.5805490005754758,0.07466263725440914,0.4648492295737786,0.6820230356961973
16.00345189419913,0.8146424814592862,0.5767373518660421,0.7919961134152652,0.3038070383697724,0.26100343403184445
7.429613766511178,0.48141799114299266,0.32318684880330906,0.7680518678228879,0.00978925012922971,0.23981412657384504
9.578602984490676,0.8730174343584711,0.14596211287784544,0.38924679479786517,0.14274193790813416,0.8017359271355085
4.4677638588450845,0.6382256026376228,0.019715601067167854,0.6572635560071419,0.06108682339356197,0.593411081010779
14.446016183905703,0.01797975537758889,0.13339183452785708,0.1880410260526163,0.9224448426949928,0.6399707947385778
15.593974890489012,0.061206410654693566,0.12715406359840142,0.04008670257965907,0.8962032496422444,0.43141259273748167
11.061034493392885,0.42862915500504706,0.025373220963502363,0.5077020237016026,0.9356621856678231,0.2723244846026306
14.036163640215417,0.008553312706905958,0.41572083165855866,0.8310159043712917,0.7128977993964147,0.9208097889298374
19.693544541301726,0.6215304576129185,0.6307424224505047,0.12457262396841406,0.6795975979855982,0.1296961987122175
4.8649202178026965,0.13414017686132862,0.48586582626881714,0.1492613628808579,0.007560739474440914,0.059146322569444076
17.297598772468344,0.6741455242094582,0.2325343141058973,0.6411186126882991,0.8430499992872537,0.7481327013287891
15.81370651540427,0.536588464526082,0.8689852753673153,0.8296651075451545,0.3258068340189886,0.08761796567583302
20.860446546599057,0.784997308288364,0.3893137501618831,0.35311756835713115,0.8089336162736472,0.8294231194480428
18.156444333524284,0.48162327794300097,0.6507441346424615,0.6924973031320381,0.642076860811132,0.5327930444648904
22.87360172098047,0.9013036000228934,0.5510493896406288,0.7159141408704786,0.7860605957221606,0.8162334037561528
14.066084969184315,0.49447713126885673,0.691721984774841,0.5069858678966549,0.4517277548821914,0.15081187436734822
21.56019874729956,0.6551003388604248,0.99444103791706,0.5516009056430421,0.822451462471019,0.8786526980160051
16.41065838297092,0.4486682889046225,0.998193272817229,0.8313588543184424,0.36535477021551577,0.13900113012350312
16.146390326969506,0.8919639006860103,0.9574511608074854,0.2784210991008573,0.8063444847447967,0.5347506817884685
14.519788112107817,0.8324632560059466,0.5216312671756345,0.1370385275930579,0.11233410272327937,0.19485507463949836
7.0085715815156995,0.19550415714071057,0.6605329869906157,0.3317844181200006,0.06073711384217095,0.37773803326786315
11.192605105533568,0.16692261117766583,0.03295439620784557,0.09409755604243453,0.47675457450508574,0.5914236578500884
13.512389362899581,0.2957546344067493,0.233156325696108,0.6037246804660367,0.876180083736702,0.47719345983100003
8.114590196069281,0.3720699843628511,0.12696580812811342,0.8596789175765274,0.16291824962985735,0.4838755159626118
13.762906505275083,0.30413756891067956,0.35378799384065995,0.20179556964067724,0.5786179248207851,0.5763720456928859
16.463098921509303,0.3851328986805148,0.6896718617369765,0.25385756697483597,0.3024516340687289,0.9635107081313709
20.172560185400197,0.6453098520233284,0.4553090316706949,0.13351600586355195,0.45553550680196286,0.9913096497524301
19.860824575013797,0.3154929206768132,0.7702289228157075,0.9974351034493418,0.34338608605564525,0.9128440303874858
11.759932995458833,0.11063299323789044,0.06467407564796801,0.780948244432578,0.5783386747277921,0.834628636443299
13.199540503503744,0.37025390828612936,0.8873074269648953,0.30220634029280957,0.2835035207847394,0.19965075437101953
14.67677727354263,0.9513369562519044,0.699831676787698,0.7057659022832711,0.06727423506041752,0.8966056017811015
15.56081860458681,0.3721649534967396,0.286216089383432,0.9272305455124199,0.7991601375038266,0.1268791290626703
14.83260991774103,0.8762439076797404,0.19949405842025447,0.35438349785356593,0.6534072216011272,0.5309361874774443
7.150303411791368,0.0969556402411399,0.09290874126296289,0.5664048155217408,0.4861207246600935,0.38358928963105565
13.672475979764231,0.0443578768125541,0.39292104833217967,0.754050148381583,0.9092909359479215,0.5482915874969355
11.554394565548467,0.07495404358736502,0.48797238355186157,0.2193425653894675,0.6781134945218675,0.41027225032330394
10.054284522058884,0.32584235057299926,0.08812419419497552,0.4009817497050395,0.7710641373980365,0.2493356571299824
17.54730772089513,0.18470491828498414,0.7762179925205778,0.18973918116623167,0.8818615183467444,0.4900145477882981
2.709214226977296,0.05034642796107236,0.28055866749647584,0.6171080694759462,0.015046031627838574,0.36817191836773056
10.692147115805195,0.11631021992888146,0.05466470589247685,0.6872124237277087,0.6115988136252766,0.7350915918388963
16.2587438565416,0.36653186744606125,0.9652894807074485,0.7710939933880974,0.3523820500223648,0.4602654649680229
20.599181796865416,0.41362787244824484,0.6833915595587107,0.6316631122701839,0.792932059324285,0.9129667063843709
21.46090572976213,0.39318603396388985,0.7528706301421905,0.33714998627121195,0.9370036834705298,0.7088908667577891
12.422982305010935,0.5838362635923015,0.33285890477334834,0.15759119667998633,0.39011461477413456,0.0888020590188685
8.195283326295815,0.3753340345652212,0.37956129976855724,0.755687230439202,0.20026217825003045,0.11149699294441329
20.35535550440364,0.7237582186643416,0.6667558504705214,0.8135146851212944,0.4358189073887818,0.8092651308377029
16.4364172638362,0.9504789266412202,0.5309550292972992,0.424727862726329,0.44087656738426906,0.38308120405168056
11.816687096949572,0.7294632183528381,0.43165486260233166,0.7401310199487868,0.11835975407097499,0.22477824844559657
13.36388709436727,0.6018613202550605,0.17408991661430373,0.011608301700288925,0.46564558017556645,0.14086551604112907
19.58012591391394,0.6501925400570258,0.8470840952923488,0.5106248671904303,0.9209316753520009,0.0990939810428535
12.847237730026606,0.9820282040475639,0.015604500139508426,0.1060278553905093,0.4982054992583971,0.8559336283840453
10.1714427333103,0.44112321018304157,0.06968440878080273,0.7007050363765127,0.5973058402904451,0.48570547266931274
8.250507595940672,0.7711064571950627,0.04817862910943138,0.32392099111534667,0.24680474078048675,0.7995806696092614
14.020863508181701,0.3525128485774819,0.8251761839491948,0.8638284758954485,0.13732026439695844,0.4163346833790049
21.05228655949616,0.9027535186983882,0.48074381175471015,0.8646692751621463,0.37885483985922186,0.963659940446028
10.78836066864942,0.12618498606623596,0.6762511699053424,0.6919187299637117,0.3638897814556914,0.7527989685384511
11.297666316398557,0.06247203279595015,0.7323093037522327,0.44584000683615055,0.9616845892030487,0.03797095746875345
16.816869167563414,0.386133237139455,0.43585809763068883,0.7487930222992909,0.7541039803349547,0.598703395673485
6.965483554117352,0.03277860372722108,0.3243354386655497,0.34624579767338404,0.4700911248633892,0.29156726602657135
8.277462427676433,0.20038097675071964,0.6328867377577156,0.3247796545287178,0.1414671863799296,0.47383911165121373
13.273690814872626,0.8616421260890337,0.1148799877812916,0.7523242071083749,0.5999967602126692,0.5881064493387165
9.884577863467829,0.004685250321356471,0.01794611303335103,0.9832755523245286,0.06379288286482698,0.9145804660845838
6.876755540327312,0.12620248551222668,0.05001398613117658,0.5183057387726847,0.28720136295684084,0.7599518103258232
23.782776183380296,0.7768512116704113,0.6550075444342913,0.1990345768082753,0.8696805933167537,0.6556451169157446
16.549420417721834,0.11629066317966719,0.4484029671290748,0.9529236120102066,0.965640765565576,0.2318696444711651
5.60817319102861,0.17466462322127663,0.25059028277371664,0.19505184259967223,0.0038862344061619813,0.4677441154756419
16.79149287083397,0.8776685510871597,0.5726326169578262,0.949109792614669,0.1520417404071437,0.24748244924497864
10.653279137409328,0.41446778252217464,0.24854090421138542,0.8008109870593836,0.48700903921414906,0.15868282077634066
9.508917125468598,0.13917830553559896,0.7052985673019257,0.9648105992710512,0.05655806255168727,0.31742969812945854
6.26398575133971,0.20678732831397928,0.16633361120129042,0.317772625426203,0.39248848310980644,0.1192987957414805
12.523915601996023,0.46148842047826055,0.6657677748972687,0.16840459313021416,0.0770729362651289,0.2664487924943939
14.035489809552914,0.7267299447256292,0.09308826622098731,0.8485221617235442,0.7120599109970619,0.47524232423498436
14.200942107748531,0.5129934351821493,0.8477690469032733,0.7994461285742601,0.2508613180307133,0.02147579687386869
8.332219405226105,0.3869779639119232,0.21557541699636362,0.6985492268054799,0.1517963883201291,0.6869820464932608
10.360056073831817,0.026032118065862586,0.23927664239589708,0.23010335773793245,0.6061918134054648,0.529116102184853
10.12329718837049,0.9225830931239974,0.7750993645683381,0.4880375390109847,0.029129735989426253,0.40533440477342264
18.897138247401024,0.4355379459831187,0.8406402700986179,0.47038733376745134,0.6231646731434908,0.7038719608539746
10.06125084965435,0.2750853519267652,0.07875648258741408,0.13673606965638208,0.3607530137528647,0.6268828139816304
2.77806955993768,0.15819113172750388,0.18118999763848953,0.5164125349842955,0.03527280697837465,0.3041413437068542
6.023898148848476,0.2923636572540458,0.03699904039515811,0.4088877767327779,0.20273741290894287,0.6981458226063681
18.697741363267365,0.8097445285316368,0.5004959886135005,0.4446344091804001,0.7291759592856482,0.3568436262067446
15.543561110537954,0.046403017890784604,0.06496048805684329,0.8068880266523801,0.8693250919878281,0.974401478242858
6.904389174422006,0.804791596470643,0.16205242481978588,0.6090116584224513,0.1884057592292877,0.15982421314972628
19.315460474354982,0.6402522078570966,0.4420430043821433,0.615923274833071,0.734238960123306,0.7878130660120725
10.745262557982564,0.498774137421202,0.3991120430606415,0.4697765725912889,0.28336194684057714,0.407853160242017
19.33889432644758,0.6052858622680083,0.6946731959231047,0.049974464961233145,0.13653261524748062,0.8467139799230609
16.854257329647478,0.8325961071285081,0.8234213041152539,0.35363704592488143,0.7054429924557625,0.20465676038050007
14.575574489761694,0.3158714539498023,0.6711332583242792,0.8184736671464504,0.5723940772957375,0.12894593393634568
12.104245767240853,0.9305314279639864,0.5091633407962043,0.1843294045964855,0.005097005865246529,0.018838389485766105
12.417165344206254,0.38015221433399926,0.16106407432136471,0.44449508575950736,0.8209693738097156,0.44682690162623173
9.132051813133979,0.5651056142109939,0.045369476466841197,0.22154705103071148,0.637162436837355,0.08102370273158888
12.303864984641859,0.9765576513549665,0.13817184522249493,0.3730742848934038,0.3079782439706997,0.9577322399601138
11.370126356435348,0.5197004067149353,0.42634579009250984,0.49812409651371803,0.08687722562747202,0.8178134655122361
14.443308581144347,0.18280873693976063,0.7679363483103483,0.5777434633359497,0.6151315481044303,0.7804729828721186
7.48485431128635,0.008824563033249078,0.46778900751780517,0.18490383171604774,0.04368612359374158,0.986519761077405
9.972339635526307,0.7891230470309558,0.0278734810986917,0.5448896797807368,0.8153666627252651,0.2175817571315133
19.07502810441789,0.8598287786866798,0.8413538203677021,0.9614287567301283,0.5516462041928971,0.3328076251737103
18.358967806634524,0.5261242246196965,0.656746164018723,0.09879087380802087,0.37788541375393303,0.5030604308078047
23.703151237322544,0.6108519500465678,0.6325835333517714,0.86238532739069,0.8008734885173822,0.7395788137708263
16.305667673144995,0.8064790752717244,0.37172179933584715,0.3887016826668037,0.7711637548911557,0.05201402040876679
21.15328770692195,0.33153738379507014,0.6344024034856316,0.898460223810263,0.7058421435017288,0.9564486186987579
18.417719356126632,0.9607376115001804,0.2776527243620984,0.8877667521553946,0.5019034843244164,0.591638782018219
13.953563967498905,0.21917789778314578,0.5638373759921067,0.27754425345847944,0.8147686170514565,0.2061089962244167
14.226601795069163,0.5272581882481662,0.887744277590554,0.17417093265258066,0.15223464614439453,0.12624633848333688
7.238066900636753,0.13128103520512002,0.01172316518996197,0.7278152754788678,0.489350607240175,0.2516429983108357
5.022612347344331,0.42121927229869993,0.2543839504970793,0.2691307270742964,0.049674035157190044,0.031362993027550856
10.510433407919868,0.5527543864766069,0.1676738251484342,0.34548762200775385,0.26812809797172565,0.8961869173148089
6.576618499593614,0.18885177561710553,0.3672691255480166,0.15329474882280225,0.06167357030836851,0.2788007433690497
11.21119585708189,0.008740170695924476,0.19676879339028353,0.927280955715468,0.6015493170833234,0.298058752238054
16.313201461825543,0.45004444338467253,0.30128073276475253,0.8162751671292608,0.7191732346937856,0.5977695557973361
16.902973449094816,0.8417605774852328,0.34048253377062043,0.2798999794510092,0.8080685319095671,0.003536217686510912
13.031311662123416,0.3036025825467078,0.8673137312466322,0.44481845071973425,0.5084242314214028,0.10510196614678591
17.90878512768256,0.6184265688650754,0.89889161447852,0.2631206600358672,0.6524376027054751,0.08319429730029959
15.38412838625894,0.5185396050352259,0.5395727074058098,0.8804738479044605,0.019334010012023062,0.9189318995158432
11.032962232517939,0.2876963454540731,0.5214024126020302,0.24930343196726934,0.06641380353586734,0.9143575880830538
6.9306400441293725,0.09268669587173728,0.780559068682505,0.5149365578872568,0.28784286909692913,0.35888118582608974
11.342883239295473,0.5111226564413616,0.07981448346163278,0.9202230155234131,0.3477326280839258,0.6111404934840121
10.983655535437011,0.749245137035884,0.08631389985524351,0.6852964752886068,0.7964023367428554,0.06304163625079007
20.27254224652912,0.763152234416774,0.2333835548534573,0.05280123795705138,0.7112111817919878,0.7705459856413635
17.733918186401677,0.22543483114135288,0.8447642108296379,0.766612001094309,0.8388651738350869,0.4582769764306964
21.46611989548391,0.8684521605849392,0.6237318044365174,0.8536632314660749,0.70918952360157,0.39165643235768455
13.938996898115636,0.5842896232525441,0.7806107207713401,0.7174984287552695,0.034827739911092226,0.5479099337607288
15.806333773360768,0.597767042065827,0.8198468085130802,0.2079376925505595,0.318440161737817,0.18415652786968784
9.288515297083137,0.42066895203733345,0.09525998401939051,0.7981352577225157,0.5189563857996268,0.21313075727262232
16.751156220799864,0.7831141563346053,0.9127869335730787,0.9643975069068582,0.022278763141563407,0.8814315896263952
10.0025429165383,0.28991293604845114,0.19010176118986744,0.4356462194177918,0.3241619214012609,0.991061746977946
18.926597278887854,0.7905165692362721,0.9209593829374083,0.393886873368655,0.629968695023193,0.9719781589555563
11.605993918276397,0.44811891022003714,0.39336000705609153,0.41673956282620317,0.2937129098051019,0.6542402058636747
21.660794729323616,0.950071020930553,0.359444867763299,0.6208983186299424,0.9462464355605412,0.624071700389711
19.67532086676437,0.588435541882768,0.8723141862544805,0.6746368845349133,0.7514980098335383,0.31182174434854515
2.08972149894555,0.07452748085196459,0.31811977756985843,0.6108453421513594,0.08613566677570361,0.047697965689405986
13.090727283255163,0.1148872754682102,0.6976866469314847,0.09185608233405618,0.5965617360941996,0.2603712069508509
16.977174578710336,0.18907936330517028,0.6703762321238841,0.9317028504217483,0.8857094189280537,0.10300787252768773
19.960737878407276,0.990358415137547,0.4431479522464411,0.9694696277838506,0.47329854396997195,0.20070548416196432
8.423308289010428,0.013905856681692863,0.08772856574573662,0.18839462267480345,0.3540794916187715,0.5804459341167559
13.025284556226083,0.3297819669825309,0.9497046028334687,0.722562801612878,0.16093056632990532,0.4196960727714586
11.260909411379872,0.07987948898614394,0.5918525090446672,0.3670630477933624,0.7105422279498098,0.4644500477042002
10.85700934489654,0.285937708405515,0.22176550202841083,0.3980410573976194,0.6245279269895929,0.4849697398942021
17.005156041234017,0.9134950565512878,0.8410643175542838,0.2999189130989881,0.5304551234619512,0.8494120973452483
10.81111754446477,0.9981428065373983,0.149812815203622,0.1306012463782823,0.35341175263244284,0.004203783979705
13.103120955458301,0.8263238561671449,0.7395025454236622,0.7641324038032141,0.21037990200429757,0.041324089177651624
14.84294739992591,0.29642688118161886,0.09531397951976994,0.3346641327031573,0.8800424833776113,0.9218709642446608
14.157787999424936,0.32848807414905057,0.5699447115291101,0.8798694712847835,0.3283559292867376,0.48796502930432817
16.96940138876571,0.4349951606686746,0.8539573365502942,0.396895723409153,0.3389570057728286,0.8342931073090258
17.491185572264477,0.7363896588878552,0.12858299229631553,0.9858301325847498,0.5706879244956553,0.8265358096449579
9.074965922688497,0.7852590135738711,0.023445053997927512,0.43384050977484767,0.6148328851041106,0.4522073792326319
17.564782966546694,0.731777190001636,0.8541785880746731,0.5251938456901868,0.7579952539283649,0.1468326261553835
12.03311595818759,0.17033376912958054,0.12056263407205747,0.5356301624782634,0.6946744865603373,0.8832548864300787
18.548742475828526,0.7317614019263159,0.3251079873844601,0.9098794524026181,0.3781460739695801,0.9219989077500714
12.057560598079146,0.35459388381254764,0.7696392850119946,0.7499741839953336,0.15484712420823532,0.33962128539965175
12.177516631083897,0.9425196961713646,0.9212436693060803,0.8528074142740745,0.3986471445641756,0.33617364108850445
10.3911956332012,0.22215805414341694,0.8636194602549805,0.6722921455076472,0.27006205377890935,0.2855632166710157
11.635360820341953,0.6988868612671859,0.05390361804140065,0.23451390252738324,0.8800710464648006,0.04884731245147278
13.660774070056362,0.7713639133070316,0.8123440605937765,0.3905304698327724,0.3807893202775128,0.07878465588479333
22.08380890528182,0.51551945675493,0.5790567370182288,0.7919792566603926,0.7633546013983075,0.9365129264649174
15.010421423041109,0.15129267152867576,0.2180421134515298,0.2447326824733459,0.9970595401074905,0.5404196073768243
14.658887814373054,0.5798977593143413,0.2006847370425997,0.6757493482654474,0.5680538360660912,0.957084273300352
8.420498975365147,0.02076776994613816,0.4061554017379676,0.267512793381424,0.5520271685825363,0.31085215203756933
18.013550470496245,0.5931791382370738,0.3830687307245564,0.8612706657273431,0.8520796658384104,0.06697391726491098
17.37882877649858,0.5404342271475567,0.45480332807486745,0.655169598568501,0.7614145717477341,0.461234531673152
5.383771701643431,0.7729326391691009,0.05098760651655232,0.20689705370073652,0.17082045083903097,0.14448799124259493
7.126227960357203,0.06418206550320982,0.89028641072609,0.3587944595946445,0.04903561963242442,0.8903196070767403
15.206119595028696,0.5518532748023703,0.13831627710422356,0.9166502760556463,0.7531504123795527,0.3655191407594105
17.28463758774531,0.23389861782482824,0.3225456269480981,0.08163592213967696,0.9110607767298485,0.4650952832938273
16.632769535343552,0.6380213017353256,0.2674796943742427,0.4142704243569888,0.8283686322538492,0.6187805408982437
11.377661467601776,0.4713860002112209,0.01267708423267766,0.30166063467324833,0.6700862382981976,0.7404609481282532
5.803910427486805,0.9009552549411358,0.003814351235246982,0.6388520775229684,0.3273882062213399,0.4072939528144801
14.31505652655976,0.834952780659079,0.9485384096481898,0.5179906417191346,0.4857392371907038,0.6743016682655013
16.917019104846332,0.7125135010687982,0.5432132870164208,0.8577211444991836,0.41874747998696993,0.15865600168245508
19.381898021338426,0.451555845554955,0.28558792273267497,0.9543961292633271,0.6952188039303981,0.871750529627268
4.568452114087178,0.0568198299708792,0.8106032427382187,0.7121192815876802,0.11405203095056782,0.21722371190915502
17.739803012706844,0.9339969587380941,0.6383821147530387,0.025815348236920665,0.12054413888965654,0.4982003803891686
13.460287059873275,0.7052057279350592,0.42835330679926753,0.20932360462601352,0.15374108969997025,0.4209332229932581
12.205263942523537,0.576451888654941,0.230540684141042,0.7587552413973538,0.346609079976678,0.6690575161267349
18.347122671713674,0.07855997072290766,0.9652005684951528,0.20040918512767536,0.9947075490251119,0.8490543633898997
10.38671304882648,0.28833806904720805,0.13143431348942936,0.6929690170216672,0.4704006690247975,0.7500381396403657
18.6576023980531,0.6272365759786133,0.4275491986526333,0.06611546832383985,0.5388441909009333,0.40819667703820905
12.232631037363529,0.5736100900272366,0.5042780461863513,0.7201085809235992,0.2311102318890531,0.21306254090700083
12.17019772887721,0.32332179513428294,0.19454846313557417,0.4817791729897841,0.789561583617979,0.4609322338379903
15.01757961796889,0.5695450284415128,0.5377340225187217,0.2722160858554695,0.30319717184371886,0.5487272882606535
15.42441459441623,0.3912693421291574,0.8306619958352904,0.34796230498072844,0.31387809218807716,0.6593432888797331
14.112491438836587,0.21601170625393173,0.4839841694193936,0.5293635102874255,0.9265212883378584,0.32086997637785863
8.52461176112471,0.03722731631036469,0.8306592636864634,0.8229459511156156,0.12409888069762864,0.8455574265253271
15.028967253191615,0.8266061605934742,0.11428073670367445,0.5958875785379484,0.9850024410814798,0.4141429710942366
14.649684902584257,0.5878361053722619,0.20784688227546577,0.70177458428658,0.7823574576501185,0.453403498332965
21.981733639003153,0.7986888818476994,0.7600971672521658,0.21342470194595542,0.7108814833421948,0.7581874889157761
9.735886117877248,0.4807741779215259,0.32782582975288066,0.860450341182179,0.06855366096777726,0.3400500572579872
17.686847821792885,0.1663018125976541,0.9952974130075062,0.8431379569539774,0.5926233036909715,0.8873955593877106
16.574649987272824,0.9861338899378264,0.6583045086810836,0.8415259781000204,0.21939779539619264,0.625217986782419
16.787427723563724,0.8897265858315992,0.4148979040818035,0.5161420174074139,0.3258260126749972,0.8714204088451964
19.56777183828456,0.6363726315581902,0.2613949384044424,0.9738509810065759,0.7591773435197541,0.49881375893516744
8.692887521679731,0.9100892000737958,0.9854709787659727,0.7674522699930906,0.2566068421101386,0.30251243745828515
9.286535575431067,0.2218691476798602,0.14901114149621963,0.519995066257959,0.42678987849241135,0.7947732007648721
15.27569067902557,0.7570723853790251,0.9661507189066718,0.07068047645450648,0.10310596588029286,0.6174669730261453
17.995230042001417,0.9858382414682069,0.7253856343645947,0.25315291476512947,0.6881378684338038,0.41861914326831173
17.99728137540623,0.56897128288612,0.3617424964969409,0.9071335845035089,0.489621487263887,0.7522201939354776
13.878441210309871,0.30015370541301756,0.3065988591523612,0.6087680637681162,0.6249459713481909,0.9082745032528724
8.385451178918817,0.12581336847833235,0.3497816728938913,0.6992229316456561,0.24514902391885263,0.7524076279177778
12.595832823996355,0.23647334119940844,0.13605958402483131,0.11054932479906232,0.5025160148560834,0.7056331642033776
16.677040972231485,0.7023832838506077,0.6889254249531092,0.11044775430027576,0.1544224719028341,0.422120469186799
21.47025372098588,0.5822675327366053,0.9284923808471974,0.7666875792288619,0.8109046039540532,0.40402385400064367
5.748052392602013,0.2566235760681421,0.40693020442873173,0.4793590285922674,0.07841454842216222,0.34664429274670383
20.680986466960174,0.8912139898696269,0.23327842553333966,0.09953406252155261,0.8455528503278308,0.5882330960286715
12.59955707486297,0.44727551883353966,0.35453353879674154,0.29164318479665663,0.6034784287659878,0.18365720171984667
10.550692734780998,0.2262316780259198,0.13442643967340007,0.6156405738864255,0.5444152136339524,0.7770265067030562
19.43470655880581,0.3844922314381508,0.8531079955182919,0.1572943838415265,0.4119429834089574,0.8781701737822525
10.764356989846817,0.053190946797007754,0.49685677079217827,0.12310878691356442,0.6535213012088302,0.1117777712775847
6.568037008723131,0.3892339598061242,0.1373891732675122,0.31606842477966746,0.3667654980991123,0.11032850500147484
21.657255603659713,0.7754089095302134,0.488713971598273,0.6877976943162147,0.960589484663017,0.4120786529000712
21.279226453979945,0.990375604980114,0.5431881171361329,0.8688988954902146,0.5512977324058226,0.623109314219138
15.879209097029442,0.9752128173764861,0.0750606348291446,0.8857587112329357,0.6545175589531497,0.8156809217392257
6.144726629928279,0.1346037263828368,0.3496375013341082,0.244519448115616,0.14584625224087622,0.38154526224328766
5.321925519780895,0.1107355697164164,0.814425521136592,0.40155699344137064,0.04251453266360883,0.3814883105906425
11.241538136243829,0.34456753225410275,0.6764109138895303,0.4009091277456087,0.14043525207044627,0.5911335052485771
17.69224467586797,0.9378803349478212,0.21957562985147938,0.7825932572449729,0.7313747967112827,0.5507269769087101
10.12024319950488,0.09202838562488413,0.5105629279657151,0.1504860260620534,0.3272582286048138,0.5867395421044354
12.996679910140385,0.28612710039080125,0.28741450409589686,0.7701887927370695,0.47671774509946707,0.8429107927314956
6.116730929086131,0.3536207164777616,0.043627222796465914,0.4188851575861131,0.2525927523539916,0.5949463790887068
13.717822446689002,0.003491396535021063,0.9651726858491246,0.4145115214093119,0.9642543466982958,0.7646499901106821
12.844027023946154,0.5219379863989468,0.15725354483303267,0.13868506541890369,0.4325580679168931,0.6714885033113046
14.400920641263939,0.7137352362888848,0.05002021598854545,0.025824238724454163,0.8268979640145787,0.10317039907212544
4.596927795165584,0.5393564029143864,0.1515446226338668,0.6611991407237031,0.1482457030696397,0.01101283030852307
15.478411590288738,0.7394618787768572,0.5933793236709751,0.6316206923113078,0.3490724504205205,0.36511601544585126
19.2360300398867,0.751964886947591,0.43479339989174803,0.7955943105533858,0.5209762284559609,0.7441015608230274
13.74600798246129,0.3500130636492328,0.0009513384568238248,0.2698792107154472,0.8284887810532076,0.8783095435015914
8.767305564937457,0.1695774097728573,0.6071194114256502,0.6174026223406115,0.2572665959806185,0.5481367491970233
11.74708637439727,0.5139339005505222,0.471868069916353,0.38297057312929783,0.2970738778385792,0.3199425857408005
22.440708357297588,0.24636166747139765,0.9103056447036275,0.9348092070793922,0.828012230929989,0.7805028415651625
17.53848692543223,0.1134046610166548,0.005783780114107406,0.9269744583554527,0.9695946887461632,0.8351580690176744
16.767836230840622,0.5182567700234758,0.5505830498393813,0.5222422546502424,0.6603515852688545,0.4686762730533882
20.57131642908211,0.4588900750881718,0.7200234489546101,0.2680373068843247,0.8670255607932595,0.44218627727674575
24.135305514964095,0.7961457407308239,0.5444476997225371,0.19601887781587024,0.947645495270791,0.6056918733604515
4.66437970365215,0.01324342413152968,0.09751474044085806,0.3958008154906322,0.14740439902063918,0.586522996602857
6.466100341487234,0.16521661681146194,0.3119653979244593,0.5402284141417251,0.3446639424808584,0.27498509344815114
11.486759410836697,0.08454822287851826,0.7516986417484867,0.6945888455567338,0.6916544377301146,0.3659051800386173
11.22229137146219,0.6047726546626758,0.4860872073091175,0.5154142360704883,0.27940325568907254,0.08921761814476348
12.044369831504325,0.2834643374928576,0.3183108617167758,0.10621022473797936,0.4307525562113266,0.3677188294639909
8.496378051125491,0.7386288822672491,0.29380251703599713,0.3694751411701577,0.17971986695008269,0.01136739189815339
8.293740508234155,0.48843194329519746,0.13963468211351837,0.5985962078812352,0.5291261282417153,0.13635626961463954
11.035386442717408,0.16592147765238052,0.27487373295237516,0.04680579474165347,0.4114159191439457,0.2771248701586926
11.95184163923803,0.2408073111633111,0.8522508677602086,0.03254494789055784,0.11361820368386844,0.08708806900117161
11.078861040307572,0.39618701305149917,0.1961425682089104,0.04890121664598823,0.270308879723719,0.37776868356864934
21.467927904940346,0.7997249689449266,0.8703816865789045,0.906743170586953,0.8928581934126034,0.21367009549021565
14.242770955813919,0.6578620283638179,0.7972249622986219,0.9376634632831535,0.000350918075009643,0.08755906734698582
17.218110430087734,0.17400798539076823,0.8089719615213171,0.3878029860159087,0.8891000594933448,0.7591493342884964
8.917069875343685,0.19199585494884108,0.1475993084561279,0.13665958283707347,0.43084141605526116,0.21584545868206761
18.802064443002127,0.49423246922223196,0.7201240732428387,0.3679457766471569,0.5937959059714354,0.7045081325785217
5.389880896531047,0.15962225439921696,0.43497218190218767,0.5541469952067855,0.24882706026978174,0.13579624055557693
19.827337284938057,0.5727068141668037,0.5116626294037807,0.4807985077525937,0.7867748925142326,0.7985259027539716
21.044656954176894,0.5153323292935628,0.5741912875537741,0.7528467678960094,0.7325908041112171,0.8852681188871926
17.93238037956255,0.6865995881093249,0.38498803832468176,0.8878250076406853,0.4552770980546619,0.5978520813739204
17.313710165405254,0.2402985296040553,0.8337890016249994,0.09682907885172531,0.5166781766566447,0.6018075886313379
22.49706406073527,0.9160376070043907,0.46854722932724,0.38586659325683803,0.8695665282267405,0.7574336251915884
5.468518444692214,0.5805356864803423,0.04179612155756818,0.20113615399026363,0.22432311350857004,0.13547058300015602
13.178934206308647,0.5324720442619614,0.7787912704877666,0.27474076450619445,0.16047851519359002,0.1832719833194565
22.36383851942871,0.8383174709180478,0.5490026131514064,0.29554304111644714,0.6694222730597624,0.98229591711029
8.739723756205715,0.18581546113245184,0.08381514693403358,0.02247919215551486,0.35783870814669494,0.02234661385362935
8.356692888626508,0.08134436777498821,0.16282357484398813,0.6795405352573709,0.4285332617353639,0.6021374390392706
5.5576223341217545,0.015321857716027898,0.6363128005211633,0.2990747341031369,0.15060839444548113,0.5875755269139185
11.141039472708265,0.3099393614109094,0.7125285599917656,0.3271577007445652,0.19777323311338768,0.4342502529841574
12.931538141103367,0.8802170420671382,0.5444857703363473,0.6311161225288534,0.022704339878656943,0.47637477019898555
15.354143685109982,0.36566022702038836,0.573108149861484,0.0721939276073349,0.08068956028841545,0.9537348057964721
10.26027904170215,0.1876441409975872,0.0785546476919593,0.7414183991955282,0.4712636521113156,0.7838140700938407
23.81330457748045,0.7113391053229091,0.8668828604858863,0.887495677747892,0.9737661260098036,0.34731345697350635
11.978544358549673,0.23093088939522044,0.8794396681862263,0.6120643030237449,0.16806823065459975,0.818117897553789
18.387862925377345,0.6754047944176469,0.10851740553036437,0.9669860763802445,0.8637446162977828,0.6213232834277232
19.16796992114876,0.632818785467134,0.4288247635683299,0.3096987043785986,0.7473642814788226,0.6881130697848549
7.56235585188561,0.1164095483864086,0.05778530124988035,0.15277774820264145,0.18079605197263326,0.626363558938005
17.28569811821815,0.8415953864405511,0.08331730906551449,0.7349124570445377,0.9016672914719643,0.9960506081493924
5.041144785619777,0.37390604955208695,0.0542309418922412,0.25559278042694145,0.25847639897556485,0.12501686554399272
12.41446710683892,0.34531775375124385,0.6994180699471406,0.5261142567410196,0.16320789695979065,0.7777025276943781
8.514921568024477,0.10095274284432465,0.4755840093003142,0.026117685793217937,0.03481577967593796,0.4345722853816525
17.191039069138643,0.46057587230337005,0.19214751102342842,0.33506643350506793,0.9089467751164496,0.9625854603259448
19.92743709778273,0.7207577304919612,0.8368823223855341,0.8047861340998189,0.596416172534414,0.525251650876096
13.398036891693849,0.06492453896036354,0.1536089753060078,0.3588018217938286,0.9642868413000523,0.6086340888432569
9.777348145798527,0.9334071727350389,0.036763914789155194,0.9295275068709746,0.0447545816033873,0.9127904383136496
17.365029867428245,0.5569199280856653,0.44827599555668873,0.3770069448940677,0.6056940884473339,0.7884338734235666
15.593204015284218,0.33312730143405267,0.5671715791946709,0.026902903067827277,0.24836042959942684,0.6079827027158609
15.74011678533282,0.6618347764190231,0.4029131755512574,0.6909249649376247,0.6446783588060446,0.2265874437380564
16.46445827333738,0.6860707535193246,0.21146462022045687,0.7685380857620342,0.9593991648941933,0.20531454245539804
19.49982104364839,0.6511856421585153,0.8534021883616615,0.4350244782638185,0.5111705622398723,0.8913035454066286
15.999377860525378,0.6644665274403564,0.07295031622464232,0.8064928121330439,0.7934015620660607,0.9339317378326547
20.54330905765146,0.8833736039589823,0.5749793379991004,0.9030951456885679,0.6834635810510685,0.09241116177855058
13.452110511466898,0.16490097582502772,0.5090920068241702,0.46127377193887953,0.6632987246357294,0.8364474504926775
19.142765770494588,0.369276420928747,0.36132374529238354,0.9587079303369745,0.7989437161650773,0.5749952776241799
16.491436447048596,0.5614838674862994,0.6845899098093778,0.6624871117489517,0.2930886287975072,0.7369804414260481
6.122222465458948,0.09541330938316817,0.6545904036340991,0.15514665901290736,0.02129836533439189,0.31623903925699126
5.478560427053141,0.7178674607120991,0.026772613655970834,0.1075082783558774,0.06626198515593662,0.22630474721651272
14.037772569029006,0.40750216986755505,0.6093106785189811,0.1112409553816448,0.08181477461248265,0.632770497841203
10.567497474315372,0.01598318300825563,0.19424032074314979,0.2952903945542107,0.8611479076854436,0.20407325590566616
17.38410783773695,0.4787729529206801,0.6248010924914896,0.301497669499465,0.6031771154388319,0.4980105872027758
18.591049749657536,0.18341953484085494,0.23374822758725355,0.9335824529098596,0.9433023404063813,0.8110588609458993
15.16658233803916,0.4183597666792973,0.5250887555960037,0.7362240378524562,0.352328081326991,0.8321743303199806
15.31788553838103,0.707996868763706,0.8711478169492816,0.6941460312958134,0.02958982424451362,0.9866984882217658
13.443217077980837,0.5082003929638554,0.2437131835372447,0.3619841970540848,0.605318562010237,0.6430967458592762
14.830888931580791,0.6945672285964212,0.31284478202791655,0.4406940331965864,0.34693388464861086,0.9965507027317222
19.156337080355577,0.7468216504366559,0.7680160751983814,0.8051977749790606,0.2874598301022664,0.9369488099105374
13.126111178195796,0.29380605688094896,0.07139420477357628,0.6774437965801917,0.7211261195963997,0.9253237533825495
19.349498926278105,0.2659915010990279,0.9793286656739869,0.6501556643724122,0.6774595300446333,0.9647374280858549
21.55466587620669,0.4210783175122671,0.6948470366225227,0.1797981341961532,0.9831791703914369,0.34424515317845983
21.981066603350577,0.7007609582142995,0.5147542826518938,0.5291532851790779,0.8055210011108394,0.970196795452219
24.801792983720368,0.80119071108073,0.6302748010022462,0.8798786504197561,0.7589634299350397,0.8654443948534134
14.326658811963178,0.38323838298583834,0.9895693712227628,0.5108164017938909,0.44307167944944537,0.12092838118139171
13.562586011692707,0.8299396423634376,0.46798289036116536,0.540149883251038,0.25034718376043463,0.32704764900646377
9.233687927718986,0.12448122316179988,0.49823432837810355,0.7861485536172472,0.13316782775071856,0.8656506820839078
15.932279949398772,0.6171741870509273,0.253513303766553,0.464003466923428,0.7959478054429657,0.6454100985615676
17.881086692231662,0.8589211813256074,0.5219451010084047,0.6910752945010741,0.24547080253925924,0.9655492275044153
14.270475146630032,0.3456604958773092,0.5056565315708453,0.8665125362608291,0.4134682659597084,0.44598505551651646
13.41654159490049,0.5077007971801277,0.011870952765010045,0.26933088485436996,0.7370331135219813,0.9585433113653004
22.240656745136793,0.6460637391581242,0.5478919197808306,0.9713677499154081,0.7601494416635148,0.24587500332976397
20.626339517818195,0.6790870593530905,0.7529071173151675,0.646168469940008,0.6511904158207661,0.7386839580677276
8.951302404914781,0.20975853171250636,0.8943532586341741,0.3375602058401088,0.06940538320799505,0.43424939273875984
9.368623776610452,0.1796570819899891,0.24546960805360574,0.23241555269891523,0.48664595098205743,0.3378220147566098
19.084965519880434,0.6067919862829999,0.584007841843431,0.04658048656854197,0.17893763852945266,0.8424470816738069
19.950041179798195,0.6028439804817514,0.5703144176937178,0.35408352869383386,0.8451412589821131,0.45053722483465986
11.38777227500682,0.2280466592114223,0.5536217474968478,0.3372404685273994,0.2577074619088614,0.8835505787230832
6.200218303261217,0.09730833481448053,0.536948889758379,0.2532401850708643,0.18041040543502584,0.30883957713012
14.684126099673033,0.1295217530772631,0.9800335854715665,0.7251636535334098,0.747494343357707,0.4624528339127433
13.763011338393131,0.7667791939153797,0.17701101895935534,0.6465200652663773,0.7779799779293117,0.2835722330449959
28.110832494928154,0.6044687164828689,0.7439080469654367,0.0180366592007436,0.908228960973244,0.9015035176160379
8.177330139156584,0.4174030231262008,0.36613915467492,0.3232513221511909,0.2429725443054347,0.10078572717813805
6.741689395536872,0.18156182557911638,0.0017407103796777124,0.43823591618770563,0.6284991417926613,0.07409460858503014
6.815338703883443,0.5343724144176004,0.10440146136685713,0.9077635927464132,0.06464241401604909,0.21995595490027875
21.290227599627634,0.7326552789050891,0.4261883881671039,0.1815994756800977,0.6005862551440723,0.9892943023177511
8.662836405876421,0.28185645779209934,0.26234424424837444,0.6000273030268557,0.5907467590390468,0.05061901432489513
18.840211230326318,0.883765147301628,0.2309702484059225,0.366765383786549,0.9643893947603392,0.5718259575001321
20.809891335633655,0.919521203521196,0.6555835681662884,0.8891223859403257,0.7605199460014234,0.13871630097513898
10.386402221408133,0.8010614196132959,0.19217129905936958,0.7445305181035076,0.0976798771642029,0.7127659390735732
15.676030665821983,0.5823363169874092,0.5051766466614519,0.39185380884301835,0.458140791155076,0.5758613845919639
6.429786975414079,0.519563205146962,0.045860739527533445,0.7640393121101923,0.1284360389407443,0.6006451340529976
4.296265155732408,0.2527031067822503,0.08647028781875832,0.21201003876043234,0.1583798888269483,0.07355235995708886
15.731948290548479,0.6242538164330825,0.5399136164641694,0.422558991210241,0.3095417407021499,0.7597301384040648
9.423363177039768,0.07762600397674013,0.4166319445352472,0.11735021625087083,0.24254858883292907,0.6110340106891206
24.72608304016025,0.9544884219480875,0.3570686959285817,0.9040479788336738,0.8880927206055228,0.7609286691398987
22.277515902943122,0.2957783530267999,0.47590132448974953,0.0063393341786377455,0.9951906983789808,0.6344340321407164
9.802277117522273,0.016803821920626683,0.10614657487617707,0.22546639014410208,0.5101977990216882,0.6273779548884466
18.229351025381142,0.7875871144977613,0.96890382717668,0.4712584813609435,0.8126871066276643,0.6623432377202225
17.652353170084773,0.1799022580516133,0.5744230424502922,0.03180829097196192,0.7138594492357312,0.5879794970751582
18.17026222291379,0.9627904236151082,0.5842611468407836,0.11083477884540682,0.14278140029244124,0.7811465970500477
9.433773950306751,0.3190018143587088,0.039961490430733715,0.16022815256025247,0.34839022011018883,0.6481194117133202
14.611606262402919,0.8503334966009495,0.78660572726283,0.5412429174716802,0.3683591652494115,0.4537345021580862
5.001131207474309,0.963361107695002,0.9924292290822609,0.3036445904412117,0.05982284677482208,0.4511996329754433
11.24504533557867,0.2726365499299094,0.6573623780967244,0.28010456537204,0.2707903003168345,0.446494664061732
11.588822593068228,0.4935349888795417,0.163114334087893,0.8064052352648547,0.22958036107601987,0.9826290648882696
22.259638081294057,0.7057227183680586,0.3208568384422832,0.7682807993615524,0.9419948021962306,0.9742961161068684
19.499967079899672,0.40501182496601573,0.4973627342814465,0.8646905049529628,0.8772721505501068,0.43058539724892797
16.14973770623302,0.08466373619539536,0.14696585792244898,0.9561913588859429,0.8837992374475214,0.5517470955668446
11.285156637592905,0.022764085525743827,0.04722277851740886,0.251055203028556,0.6896798888771899,0.6230231951375054
11.892537791575913,0.6072480199951922,0.052446270185938615,0.6691559333619164,0.7472041844570501,0.5698717499428683
18.836757875447542,0.9849098755308052,0.8610290108989659,0.8234271461212311,0.840702457738056,0.7485672263894464
12.528942647883913,0.036744629263500195,0.8113696449040002,0.20491879829464943,0.9605336580823991,0.049379715268038527
5.792284105972362,0.029727833845933582,0.4385651456270756,0.42126630750140004,0.1255259338470065,0.8007142736127847
6.810111255868302,0.17762556680222252,4.909912500239422e-6,0.12375977215232592,0.1960603215462644,0.40366929214844116
19.83110125524933,0.8216286106874678,0.4880097211255362,0.1666193297129317,0.6893105893756943,0.23905477311358914
12.033164226654437,0.1151508917376225,0.49903418133964805,0.8277672839448902,0.7303062062470255,0.1571944546636812
17.19051665996186,0.39305189746586366,0.20318381096783933,0.1559060273912395,0.7794692608876547,0.9090235975346306
13.490683439177962,0.3201511191087023,0.3936610300042088,0.5160988743966363,0.8320406249584726,0.2616709330413479
13.990582645644475,0.2559011153916021,0.07864741075221926,0.22506193051881174,0.9196085415807084,0.5301647794055228
8.881526021850357,0.7078241391087121,0.05212880898748473,0.5120655553755702,0.6326972734774235,0.27901004617044445
20.508083073538735,0.9180794572978458,0.3679982848033856,0.43351106376630044,0.7543295302288014,0.8292038429095985
16.88247674468475,0.7734145153964394,0.8250590927967091,0.44872225647314146,0.6188539109025893,0.31359857589642437
13.49649355045806,0.6993342688160572,0.1959208990659097,0.7375304411924987,0.7333351041538756,0.17239915654863114
13.250635562436754,0.5101596340429689,0.9156987045974206,0.2411370327471769,0.16894941702845168,0.054827569396183495
8.957482575265752,0.08538727572954674,0.1216439680573499,0.019387872904964354,0.015762016172238824,0.770769512424311
19.822699613607384,0.4864961289352342,0.7888283722091495,0.1270468857415462,0.6320773205230005,0.27588490832953205
16.92240881590092,0.5965831698591143,0.8883027286142013,0.44953964768166566,0.2594866423428559,0.864167929231396
19.73653950263292,0.5144432316202323,0.9706577662360191,0.5832481117667274,0.8261555464446375,0.26728000670083296
10.52207404378061,0.985489559857251,0.8472698403539834,0.02514476323472492,0.012296925813106374,0.18682037202881008
8.107346754263718,0.9676512270855473,0.9784492179986627,0.511990412469838,0.30969966023594453,0.6687685587872857
12.604277343849928,0.6847234810824505,0.5296197410479037,0.49406724835592863,0.22627146042691715,0.2515092383472075
12.092695010708766,0.4495203440853608,0.36894660236049726,0.8345837033363082,0.45412270167869095,0.06696110503287978
8.601539842507796,0.019589403108629666,0.2966761968429307,0.9072479896590661,0.11196578034223348,0.796458687813769
19.116166313619207,0.5851872936808299,0.25002947055438307,0.12985133006456584,0.8099632808282753,0.7679811277585922
17.711528074218016,0.9736670435977489,0.4530536950778521,0.09409861395832275,0.12588773946523868,0.6656214348662354
20.81944807963138,0.5525409935561817,0.7685141385859741,0.4681668629630613,0.9635343419411925,0.2885635163880115
23.39301004769908,0.8058146688957414,0.707094370112322,0.8250982870152797,0.8845420899094585,0.5346372343408461
6.005490259635748,0.9308619915446271,0.937120368923218,0.4228282052805894,0.09620771862302413,0.20402026863753797
7.587297435570003,0.9956104585178062,0.03514463533301382,0.16973611046073434,0.28102182506436524,0.29971043150754495
17.576171451576645,0.9917140861365353,0.8075345953538436,0.41531407793892916,0.9560543745788154,0.4031596798692638
16.013386623723008,0.5784286236535784,0.4360022533785707,0.40754584726564413,0.4309614876127521,0.8826260581477078
14.030397679054282,0.4872571235361839,0.07429528769664251,0.13311217500459782,0.6687072015187429,0.7032714249735414
19.19627622065292,0.1346505140429317,0.9997372285247617,0.6363389984631413,0.9817541334649826,0.9805695252361275
