y,x1,x2,x3,x4,x5,x6,x7,x8,x9,x10
10.444883826111358,0.23152704112636802,0.18952265605834495,0.2819426763581887,0.37233534053430606,0.8792786934025815,0.3029755842619646,0.44665262487275414,0.5918116057935182,0.708496214591043,0.14127020570174287
10.576033572244004,0.7212199187733285,0.021365669320303704,0.305684051562218,0.7845698462895233,0.29825030442819433,0.7027333307917614,0.7128501574511393,0.9464245057724273,0.7619278038061748,0.6409967748711061
11.705085549687809,0.7856096338891615,0.8884146282165463,0.7269981595802313,0.13805820532122826,0.2332060264899689,0.9306360931690215,0.055364276252133915,0.19912528957650077,0.1595837074098886,0.288652070573049
20.340233202420144,0.5849992857862858,0.5670197134091401,0.6893310243049691,0.6078347484726193,0.9820760165038456,0.8779836202785241,0.5892805375788809,0.672340168263001,0.9826919027916647,0.08900750106456845
16.671497773514165,0.7364434198035167,0.3775319616345634,0.22498135991851953,0.4555834938112514,0.5874807408348017,0.7673364830536978,0.2784331608475554,0.9168928923249331,0.7796833161305863,0.6436978812873931
17.072354880671565,0.6672701486106117,0.9028605607892942,0.3192164165752942,0.5250664510284188,0.33631124542901125,0.38072672459407264,0.09150647029831482,0.2406241104658352,0.32727552231096324,0.44614785805184887
17.623439161268813,0.5784806184617715,0.6337765668369392,0.6741153362873956,0.42498551890060765,0.7264614874329834,0.03296766680587648,0.4752806836731309,0.6539543392248347,0.928838032709131,0.3930189462648215
19.811639299793733,0.5015763389006967,0.8316034355428411,0.1060045492580477,0.5211925352058856,0.36643818107677095,0.9628634889710116,0.8930879413540065,0.36262661278043107,0.18591156176045054,0.9590057371933789
12.19679210754747,0.025601301988079195,0.7522800867779592,0.9798314238356387,0.331320226422646,0.7348289444669008,0.040345743118388344,0.13268666398872486,0.0663372250347567,0.007184480677397187,0.5979550830913648
17.07585452560915,0.9690271159614328,0.19990275689550485,0.3613072345725711,0.6064024085614022,0.982047488309451,0.5542708391904743,0.7352532544545769,0.9454619804871248,0.4995772923928923,0.30640517207325413
16.391122915540887,0.7986574652844509,0.7050139576610747,0.806912979057372,0.18240867500284141,0.5757496057752806,0.5567699008198157,0.41911436851284767,0.5457520280113344,0.8461288393637663,0.9516048398548814
7.193089190360825,0.013906385839199453,0.4201031532994576,0.024785042473055352,0.19115158669565924,0.11629260121200191,0.008359236489919653,0.4808935504161419,0.5669975012557409,0.29993012080145964,0.3150108457588523
17.772721068351505,0.9398559876054566,0.8390553259054441,0.6389751337682251,0.793145879487733,0.6581996304392979,0.1081476008995651,0.6464419244716952,0.01245880439080449,0.4252155868299088,0.5542817377067223
22.899804987483513,0.73281957499186,0.7411201438625069,0.44107750339553675,0.9613907613912911,0.6616041478595424,0.36116833694825856,0.8786035101390246,0.5000787455054527,0.38165286097122963,0.5869996923648455
12.329546693549668,0.7641431832314817,0.11312894043102395,0.2227270648721793,0.4909451538885967,0.6399895220335423,0.7160814288669182,0.5201492719493795,0.4711601418442227,0.49680566000809323,0.11158742948572953
12.211933138662541,0.6703606908726597,0.2967119310642147,0.4975464909549169,0.6184873276472173,0.03539546082240186,0.651668348961488,0.07556524220629424,0.2669729961304834,0.5946967068460107,0.5064943608740813
12.900177042432514,0.8636518364207947,0.17115049760648338,0.8782276107829002,0.2440648263547539,0.623957101651202,0.13404758958986085,0.2245365808636931,0.8472766919571417,0.6079066976884725,0.3461701098829578
15.82374328912758,0.8428845964740839,0.8648345459640818,0.08677569053283818,0.3818259018490685,0.21352633032878565,0.9619870512243974,0.09042213266718624,0.9193794788745342,0.6737937997338771,0.13490920278515628
16.122437621995637,0.7950230694145309,0.269944958233853,0.5981026884124573,0.653668603658517,0.6300696721753848,0.9713375774784709,0.7859126186716976,0.6270765964594396,0.6817728542943429,0.4801944270616466
7.271452637182141,0.2676968008807882,0.3299968359394557,0.5036253650463378,0.3637330908984917,0.17881850487643436,0.9145717683709218,0.5648533682583744,0.8585378548420566,0.3795546761331917,0.5495169917402052
17.312245271315607,0.7832284995625509,0.32424566694973334,0.5956863418423857,0.6200797045003945,0.7539754670734378,0.7019503486934512,0.545546349875118,0.2679369902885925,0.8191884785290962,0.49684225976224505
14.15596647071524,0.8092580331811393,0.9903213802642984,0.6889696923477513,0.34142807549876864,0.8371864963061011,0.687174773573521,0.18052022255979094,0.02444562353095303,0.5423726050046154,0.03260816212724149
17.422860825816194,0.6526907634923742,0.49147718506351523,0.007379013698191383,0.021566999514169738,0.7794508340441781,0.5368090291950371,0.9816967893575207,0.06083768734800499,0.699080048593809,0.8663359702510328
17.358891984257685,0.8641423142241865,0.11578957883927621,0.43694746389984584,0.9928805632386627,0.8517301830504511,0.953789693366914,0.7167568696463089,0.04119423789390608,0.6429101460173343,0.694729322101314
18.16261926015387,0.9017886615139961,0.9376657128524685,0.3583850961701194,0.8262535972745981,0.9671395974192152,0.9642248452779222,0.5886107528388975,0.157398319088498,0.637196418964421,0.7581449089720182
20.73682670423624,0.7265925421490905,0.46559595014799415,0.6978729689690432,0.6310298426903499,0.9812526762775534,0.7369181899126185,0.7015556630098507,0.7804454094519513,0.16473660383741429,0.9652863131204047
14.648709902198625,0.5165534167693135,0.3590191398441659,0.10412894350554536,0.1726304483894049,0.8572043335242653,0.3140148750800643,0.7877773087789672,0.819906587016826,0.5306769016811373,0.5818150375306637
22.799435701943555,0.8681590796191224,0.35794764552515246,0.05576995937111784,0.5686430132936782,0.9764151366097716,0.576490606380387,0.894664198210951,0.08060183826060452,0.44354568450092546,0.8239095756696596
19.116461362540356,0.4748464244326781,0.7454128518874397,0.5726008320146303,0.5774991709763565,0.8540490098945469,0.9734299847767277,0.06984377387736773,0.6912007339432952,0.7946412728880985,0.41820509580829535
10.53529601485239,0.4481834695879343,0.3504133805703382,0.4886611339189313,0.2603948786098528,0.6385345066515714,0.24962525064363916,0.10748774417250428,0.39953335714869775,0.41407287526759995,0.4047432206777164
13.472641169586863,0.13246847240356208,0.4862877281888647,0.0222926245883881,0.2826660042055674,0.8143870773175617,0.3619871626299409,0.4060906403025556,0.703636491247532,0.9035534550118153,0.825431650705615
20.71180238697295,0.6021901211375166,0.9310881644657917,0.4606732011406993,0.6387264503871231,0.8949661684095289,0.40531209142026614,0.57393118594853,0.9989365294834333,0.27051519051793804,0.9253159308320671
7.252839092439556,0.14214701105894223,0.6497574784850735,0.5082490510565637,0.0657857005145952,0.7465114218369516,0.6727306302965127,0.48245774771063776,0.0036887915686624195,0.9485404152149707,0.1151717283576229
15.735476714168906,0.8486358845304329,0.44836514429113405,0.5587090657765867,0.2998702813371731,0.6728634658805998,0.7917031157811851,0.21024248957190872,0.5644691764038968,0.761608150744067,0.9987781285891391
16.433160231618874,0.30128104898697783,0.6772314652668836,0.3162308586286,0.5044094670222622,0.9467323868491576,0.5229306730498195,0.6126517356596257,0.7811942575297255,0.2408418439469966,0.7206923397234516
20.46811992740868,0.7777459858972325,0.6917670278128527,0.38343383273239506,0.6188623824086142,0.8157975692924415,0.21266277110242116,0.6342511325848242,0.18022177111741222,0.5260745446434643,0.9784539513631807
25.59417200708922,0.5411848504412552,0.6383466338074184,0.1608280728591267,0.9750574815701731,0.9396768554373605,0.5170995959413005,0.8317087166782274,0.32151257366242136,0.3031483936851611,0.7662570944651025
13.760551249358704,0.5208337231721704,0.18294471847995086,0.8511700210879389,0.791505933547448,0.08603221884053469,0.29379392926998693,0.9151611176195418,0.8691057133490621,0.07019066559091247,0.4671230226570978
21.37662259928996,0.7449957103337657,0.8748573820718609,0.6461300598596292,0.8523973695358311,0.7081627885100134,0.28452997992627926,0.6854651859397533,0.44370732559821635,0.2543745200900518,0.23412777385704442
17.31723382873269,0.3584617868386125,0.8305952498177654,0.5038326678563072,0.45625154620837494,0.9412506545479347,0.09302006892950199,0.5181689120651133,0.9725717598227258,0.5918741393162118,0.5652327276956487
4.340680728028513,0.06446966206408167,0.2044419654162941,0.5733471998230709,0.1525723585295542,0.4586815494419956,0.6994077888532453,0.6822599238812023,0.38979005107159925,0.91235693872675,0.6856186647854541
17.738833408481245,0.3880426143778616,0.7908260048144182,0.8505995264189665,0.5103990782422335,0.3922461850588911,0.24951948787153477,0.9956404153525772,0.08523000469573327,0.24587062252424186,0.1165635778593388
20.557291804247235,0.53114301512168,0.9684544814041254,0.6964742139997954,0.6653128754491522,0.6284668993509028,0.29104997808018274,0.2542866703774128,0.4187413871844913,0.9471215163377709,0.5987776083095089
16.628193596601584,0.6337246669001386,0.34467114665349285,0.39869220313978293,0.5915313052433047,0.8343078227297994,0.282440034954787,0.6147286154847584,0.45729271338806976,0.6437499424532144,0.5593160049721613
19.135375575058063,0.7982069738458639,0.7801164018078324,0.9088533764776596,0.6254239254147184,0.05432852395487786,0.7368107751989689,0.10178568314938274,0.08685959136849408,0.9521451996174876,0.32268116648680967
23.329476109467237,0.8471286758539781,0.4484863526084436,0.4359719955620428,0.8998447347442454,0.9904264610517124,0.21672458454784793,0.909493464875455,0.7543991202440229,0.5272772262051407,0.7963171214489871
10.0967943092827,0.2369794579855361,0.6284362197551512,0.42111751066745584,0.30263328537809475,0.4872366354813845,0.7752741172242845,0.11493282310489028,0.4919255147158653,0.7679594390335152,0.926220009269793
11.443407719183478,0.3219825367937802,0.9848090024776422,0.5624938135426241,0.25833977218360693,0.07758732247928513,0.35222205891632763,0.8725999389156506,0.05611679942862413,0.17750900040277018,0.5769178959516136
12.75460600044488,0.2988955194253785,0.8896410496163533,0.5121327398886265,0.16469011150641777,0.7378491061519991,0.7132838103716004,0.9575976379449597,0.8989603326707017,0.6972167068763961,0.5378724067377886
21.632722001323458,0.7400925031863552,0.6700443989394179,0.22444132090580493,0.9212779024792882,0.18042457670677126,0.04694733555731878,0.6255756666954064,0.22141736468448925,0.38911454229787357,0.9240021888393967
21.656403578252277,0.25058321637961656,0.6894926232528993,0.8924237872517384,0.9772313252355758,0.7277791348086401,0.901437647053795,0.8721285138034105,0.30877031417769674,0.21692015748065774,0.5166729437156727
13.22989309223939,0.14347541425333554,0.24709910745925467,0.674608219437822,0.9798027410609175,0.3421257274948831,0.8846922555698011,0.6376717894075354,0.5346621667180608,0.1551475785680667,0.20106702891261052
4.200290761864478,0.8097178342702159,0.035825145318452045,0.549366570947794,0.017149006440267178,0.6139998203269897,0.3395510397101139,0.741551545182385,0.4060662309085872,0.3259872042019468,0.5378710254727516
12.08214501027248,0.31380848859129695,0.682981705562751,0.18597451992880742,0.34690065963022343,0.08100484965372379,0.8737023121474606,0.16725596125204956,0.2945463720559339,0.6157866437812378,0.5819503691108471
4.584061626750776,0.115896824243647,0.31901721554586027,0.4089624021776467,0.22850842723861808,0.19485739367523858,0.7768193761423587,0.45993370358496044,0.9252996928197771,0.4665898217374904,0.9316227100265904
18.294156368335553,0.5595293700484435,0.6028288948675266,0.8340790230541202,0.4250216986724945,0.6179736014944667,0.8713635715295746,0.9506656203642329,0.6427500255177933,0.7328936885273419,0.05880593640983356
8.783723542875801,0.10334817266513618,0.3943397039387987,0.3764860084356533,0.5136969772294753,0.41296021166387675,0.3427054101980094,0.7602834766838874,0.44304690260365753,0.9001360684404486,0.18805553805704678
14.405784594870997,0.4551698526008352,0.31445107585183496,0.9609527983430767,0.1708649165685896,0.8202130055898492,0.7742992374985869,0.8965389085422723,0.3563289037746301,0.4656725376836013,0.25276718651852204
14.002482106128522,0.8073114009915351,0.8435993562171515,0.35725150861234,0.18889577221867804,0.656075840743665,0.5745836421850462,0.2788759936757722,0.9029167037576543,0.9966853235170543,0.15246215691484333
16.629053360068557,0.9665020463988871,0.4183364621596488,0.24749381314493502,0.13380016479716772,0.8928418150138583,0.25292712075237545,0.6766148607910565,0.9750494999923361,0.4493080473812959,0.8934284820767384
18.504233210211297,0.6965747613623797,0.45518351486139563,0.4004017054041984,0.7348280885384666,0.5127933867668034,0.7958980408154093,0.8587894705962449,0.12251003239536595,0.05469954610804906,0.456174246691219
15.6444801742114,0.7065293993188837,0.9646408299232623,0.8517910715028381,0.2722563582195421,0.40592820139116803,0.2237669504750368,0.40405467931894945,0.9021098630570461,0.9597919457594184,0.7291817115355251
12.748592108740215,0.2284859189594184,0.6413333967971451,0.03352746105347715,0.24213173141182998,0.3065355062408047,0.3345073576740736,0.10319269024731126,0.25226258797299894,0.57023129552478,0.38105107567553254
12.2113973078839,0.7918968248348464,0.05179749992268823,0.3265420280781367,0.7458025271857144,0.5733109966228069,0.19656501431269358,0.6909252718554453,0.5588731587561857,0.4168251084756681,0.38420935894299924
11.95999653167681,0.09923495988004649,0.1325887606918149,0.07920896028345503,0.3575029946959458,0.8860858245947053,0.9240499773514834,0.25774938083697085,0.8907662377895265,0.6486156425939771,0.48422039692878305
7.700262342922079,0.11018651257081058,0.484833673351289,0.5537113253748498,0.16616561663117213,0.8620940060621991,0.46406860543328476,0.24636294199647668,0.08635381620339955,0.9343959367995806,0.7537831690786687
22.08056072728074,0.4347298942921868,0.8731854683416357,0.1351916739849105,0.6025623239375428,0.8200211357247267,0.8425915652095191,0.21936464434931224,0.8643988082408615,0.06624632656191376,0.9539573425456581
8.677218394356094,0.09372085922817008,0.5589747297160995,0.550226615363576,0.3839400010319224,0.6297958483866274,0.5611900452127395,0.554145131747356,0.4206351241829962,0.8429420881898998,0.10897242649207806
22.81938123079748,0.39244040895976684,0.9747890167676587,0.8949296445340489,0.5923707042078239,0.8898734699124525,0.3821396338865415,0.36957444644179704,0.865817450782568,0.05918733047937719,0.6413976691320977
7.255089673118506,0.04060683008189003,0.9214529719397517,0.27329749151434546,0.010939011552786204,0.9890051309910698,0.5908063772367027,0.6812729705792957,0.9308548096692482,0.5446547665795676,0.4630480695650514
11.253442821326313,0.9373522314117803,0.8294494823289232,0.7582728409573541,0.18855801978503517,0.31977557351683006,0.003108710139427928,0.6130363577823323,0.3887061572945877,0.8824987715986461,0.9006599850413098
18.23028021406302,0.43389272431708104,0.5113649668827509,0.09833066050919448,0.8234678991317135,0.06985177634728412,0.14408718927494746,0.3466375984792469,0.2188526050037629,0.17038068050889066,0.5373081909501668
24.4882568720551,0.38226399960023383,0.9978125373194969,0.8381247678967891,0.9151369307545453,0.7472273049499786,0.7888390491470506,0.21010642231992582,0.5969546406986433,0.6237731372415797,0.2749344364084
14.16212500560712,0.11445089807981701,0.8685574212014024,0.17719227230331525,0.5711220284219467,0.6588712209923407,0.3004389081730009,0.77325482212015,0.09023657537545271,0.20233079593031345,0.8217332646081666
17.153348437641753,0.6601931452233539,0.3453041527059645,0.05833075713464253,0.29147980937982654,0.7544060143283973,0.8699249694120986,0.8080652579467177,0.1996301366153157,0.15805775778454345,0.14722660687088762
15.458442603506777,0.16716222612548326,0.7772224713750178,0.16478801576338542,0.8550206172718618,0.13833163667938797,0.7362995858185639,0.3733860435151102,0.7662111143457926,0.31317199166625953,0.4519621063597198
7.535611076283853,0.026817118810324225,0.7032301520565378,0.3693875471907895,0.2978080915959509,0.724844768844556,0.8010287641160193,0.6544091325126642,0.44410007430222087,0.9043886790951056,0.8662506877896521
9.273567194479039,0.5648949275865794,0.4773456119233952,0.41378108522630985,0.09217709036731092,0.14185704325762527,0.6752850325318723,0.5271056781622525,0.3371768396743119,0.6317667104486075,0.938283909874409
21.367561675500106,0.6418108743457247,0.6798641971622751,0.6744959140464175,0.6398963813751068,0.911783366605941,0.7591520983921782,0.6175869069783121,0.3443211718028292,0.4951030130207703,0.35608658674559024
20.352732511195235,0.5044518571065053,0.7981307578008286,0.0006706235389468684,0.10748808673138455,0.9511182178118556,0.40401667818778264,0.2467873794893518,0.18047202444351274,0.038326970506666114,0.5012061433565438
21.48268235948929,0.6312864336237817,0.6603274411005815,0.7017907624151305,0.9203154454361577,0.3608687246611131,0.4857929610022319,0.28850629944468587,0.7781333317323937,0.3305620041824102,0.6751104688922255
9.2239325076321,0.3065015264078971,0.17184915845726823,0.6284184581283823,0.23788131542009994,0.9736188000508996,0.2842283495356527,0.704277218939716,0.6039807665860266,0.6442704004134415,0.6056566688007982
17.77400771184505,0.5994097500510196,0.24474606165962198,0.38461347852081595,0.9510303822925186,0.7100087581877096,0.9981603245153329,0.4578207899331358,0.3669941966679411,0.9770745142730416,0.16770159132747642
21.40194087530518,0.16606455408276433,0.84162971180888,0.05570014590995864,0.8411369840019003,0.9582832158801875,0.2772308275395906,0.5179921533693836,0.19230247275306667,0.4923044710113559,0.8069541551659758
7.452567311802095,0.7885254280247017,0.9958124019697894,0.6761903928169817,0.02160219171855826,0.073747320236907,0.9769032851551601,0.8919834484822918,0.49138409792516147,0.09756606946660229,0.8276890028918283
15.344584374232635,0.9579309542149427,0.8657152274830677,0.7630594008007131,0.4746713140883806,0.8208823755313459,0.6110939038650732,0.7053921302923911,0.2854065293251773,0.8251559293058749,0.03044574446194448
17.71739419591789,0.031069659899302215,0.08139737242612022,0.04596594951607902,0.900022053544224,0.9029571187698846,0.360273457148252,0.3112795122015827,0.5204696120777788,0.7059455074638288,0.31833489331323306
14.067139677093774,0.8481981582399886,0.25539337687249597,0.7551409110296948,0.21521650397535552,0.8641740209486999,0.042375522240258645,0.5036067853908451,0.7321660059179698,0.3968790635015843,0.7632312453945345
18.942055664482794,0.5492818194032895,0.4224976474556893,0.6866976230630423,0.9634994005905607,0.3896352415646983,0.46751344068459155,0.7066480670131587,0.42017752560923216,0.814299847856821,0.050647008798908155
9.970991422966453,0.11054223764736859,0.48603767851050705,0.9028903998254295,0.2638610672812697,0.4812130834615843,0.9310467930524434,0.17527640816465628,0.3930440326730885,0.5244162862051516,0.5914383237160137
17.480948391865937,0.21718159902059353,0.3560162328360247,0.9565487735016791,0.9109626302215678,0.35946379431661457,0.6755509814401919,0.07984434903349769,0.23609693634703355,0.8436383760538841,0.8043610460521831
11.678774703671781,0.8689035489214134,0.2471672021906508,0.8187183068856915,0.2247202531841883,0.2306590228100761,0.3668746764830916,0.3524655908244534,0.6417196246716221,0.628571677367572,0.15047722104237937
7.552048258525542,0.33589208739390175,0.24679909296542557,0.062111031649301984,0.09374943201285024,0.040929098727101154,0.7391955977639331,0.8854105877179425,0.13355929639809627,0.10237540072037044,0.7792869024004982
17.59059508769289,0.2867988898033058,0.6467762713183528,0.9755565413743527,0.2729006238241717,0.9670593448089483,0.6369721605561952,0.002089928516584405,0.6077769461507453,0.5100713043263272,0.28157921515284756
11.833140717652915,0.7732862676201435,0.32426645368865903,0.5348127877936448,0.38967586280068134,0.16488337446720014,0.8400623467398429,0.10197685464226969,0.003368015949352543,0.2189029408817742,0.6391066304518174
14.552492679251353,0.1694919970488471,0.24158328889296588,0.043119324495343725,0.5203658504620866,0.7782419480332277,0.5925941114599145,0.6265023416688245,0.5514871525404768,0.7139593423928017,0.610560569708018
15.151828831349604,0.6788263512595822,0.3332583534109236,0.3620364899325791,0.39257409981949465,0.8643447455114851,0.8318998485712141,0.8602606496341609,0.7515606995820758,0.8883323991742326,0.25716759071815054
9.815463752262708,0.07692461272957096,0.22569861999489582,0.6675937972913613,0.453988565857697,0.8337317020669055,0.5508988588631604,0.5638462604699224,0.6628505933484743,0.7908774042627341,0.8730871983942714
21.286728900803293,0.8567956929735903,0.5458143425190964,0.6976058898311706,0.6683045142662909,0.7748633983958065,0.32950273508887007,0.995468908713839,0.2658647762986336,0.5078303223626991,0.3169869343587076
8.165081962127687,0.4237852033158439,0.20344317724221217,0.5118291246239242,0.48370059957030176,0.1299424292735163,0.6833614896047403,0.5942867690843221,0.31839780013127805,0.9488315434205004,0.34431921340862337
21.024572073376575,0.9136640118732956,0.7016496274373613,0.8429949839543187,0.7801768252319916,0.36720258498552993,0.6690555346958539,0.06882362531159103,0.9346761775527819,0.6084452451560975,0.4332794152250774
18.66899710524488,0.4755328150911816,0.12055854386671283,0.05771709883996423,0.9058843290072174,0.7813062401285369,0.2487381881538474,0.49049535781410136,0.5603017888412727,0.3539793218826266,0.6819886981944407
8.649891730420258,0.04016475690248478,0.5321099655558771,0.39282774132769516,0.49789621522181127,0.5540585554491219,0.17116954138200935,0.08242915905859427,0.9137716441757895,0.07937028341189711,0.6726246595822338
14.482004927711712,0.2780929496965132,0.0439117167957116,0.7818723955415757,0.8084231354071514,0.8850379832533055,0.870688537859494,0.8746356718950736,0.4434934187120433,0.729347902487959,0.23255791921120816
6.037717092329668,0.3845246408559011,0.18651875643219729,0.4248865952507743,0.07804410719956456,0.5820537598705572,0.5685712795197511,0.4937987524831863,0.38818780130010133,0.22319921534707077,0.5619029780896981
20.107513505332847,0.9899517416357034,0.31051960628888375,0.6108555267808043,0.9347452742966906,0.4579346991404414,0.6822219863364888,0.5043741283469761,0.6135561384028094,0.8541814402098419,0.05027548739006771
19.18214256689556,0.5792961654796267,0.609672663549738,0.3723532453745668,0.8948838200946683,0.19048825824030235,0.23844373228362659,0.2765048757501566,0.8087632440295159,0.1884844544762121,0.08978844808932296
12.163524070102866,0.15488106230404752,0.37488433510028873,0.3967327254512464,0.8559995557316691,0.31525156277492017,0.6383065015105664,0.8504014865571922,0.08986144527436857,0.8230280217175922,0.3281559263275311
9.281808647151383,0.037507979540409075,0.7435030686300136,0.6288188233958184,0.5360816523917666,0.5428242758629126,0.8904494270179374,0.8587017167616616,0.21927215995217375,0.29647835633796005,0.15054665180749993
2.3189400499106627,0.027497708016012146,0.4118839001489769,0.42113047754382094,0.06089589396583772,0.24596713300406903,0.7260237607854788,0.6685823561601312,0.9471568039779571,0.2139565598217178,0.15800679838343934
11.365138133790975,0.19774422213645138,0.7793898513239492,0.7420871840789025,0.3661154332562214,0.37540329311066,0.8133316185784014,0.8545782348676609,0.5870724658389587,0.30992524717784997,0.7471823951768433
16.6921038481419,0.18555172553113908,0.4189135496215769,0.3640309048844229,0.8967848845221313,0.9873473103798495,0.012186926582034352,0.20400444552555363,0.8513046655696485,0.05937934235732023,0.6898588545627515
15.23848774979673,0.23257499678344074,0.692915644977677,0.16919111149895016,0.5114548512290672,0.6171901492881507,0.8775688857884962,0.9547270837613774,0.5468833096732,0.860860974730484,0.9609479326144996
21.30347305204862,0.8752439985786811,0.33431265861911597,0.6478364261219893,0.9927825076525507,0.5974177257131165,0.8226322659027869,0.759241080209695,0.7936051762083828,0.17361229134755274,0.23870802024221327
18.443614045704702,0.10989464084329525,0.5515971796189512,0.9018268888177952,0.9003529415459754,0.8635840101154992,0.9048729112196303,0.9892081206604426,0.7813504137143754,0.3066947992014397,0.6021296925299154
7.234194769466766,0.3526092116426248,0.209402757638114,0.7200159680306494,0.22048465536813633,0.3524572662854024,0.5119767203366424,0.4072283155756492,0.0485064611419781,0.4081493231091987,0.7745030790433695
15.730688920591188,0.6669172437533456,0.10346053652650455,0.9200590055950566,0.523057307089924,0.964074780331215,0.13760357500325204,0.18898931552855636,0.45311822492587017,0.3769497010126367,0.3827822718571079
15.017566436611826,0.9786003679261981,0.20204506482615825,0.07482119226789197,0.4287749583374165,0.2588975296232888,0.6682469316647042,0.18817538473498863,0.330801167017409,0.9901106682431672,0.26411622904162513
18.64395011909073,0.8529167140026749,0.2403533582591849,0.04927110148878777,0.3827507833856004,0.949814829656245,0.4672007283906455,0.3845605448601169,0.6403836313187579,0.7046798928407598,0.3548824023543252
8.909812671114423,0.11212346663689066,0.4025700300741112,0.35073988205926787,0.5453505005552461,0.3194891508504183,0.7022452127165113,0.14035978826375872,0.06630515386030245,0.8296848788676616,0.6613845950265455
7.404112803931361,0.11958394851389498,0.6253760853793946,0.27589308723146067,0.08955040829117078,0.6352494061607814,0.28466557639279855,0.8082156362596736,0.36061012247249846,0.24298208084377726,0.4432306338404828
14.32694296697167,0.5800743373236977,0.970273521708428,0.853866947364463,0.11772593649120833,0.16788540712472366,0.151923175988101,0.9203010974055732,0.03497563682418581,0.42279807187933627,0.08036659731922102
15.743239530568298,0.975746413149144,0.7707458029547436,0.0028054846158109825,0.23391750284166613,0.28693793615953045,0.5088073586502867,0.3394522637394738,0.8497287054970429,0.9159281949346761,0.35091795776374024
12.753657939589141,0.42547195374625146,0.37724138112517447,0.7826756155582276,0.45164630094555547,0.36152685664144535,0.9818187554605546,0.8261865502630611,0.8087573467118853,0.061846828252761665,0.23870095019486937
10.165159559520152,0.03812802208711108,0.8953066720690804,0.9579365712081204,0.0435326189563926,0.8930694260241734,0.4181960956021965,0.8298659617697939,0.27952351243076257,0.8634860258384635,0.3804153367629718
5.433061851879701,0.36500457359800365,0.18018467155613827,0.20527938200699225,0.16430059243618322,0.0002701733736585332,0.8266384047686453,0.7892428947715179,0.97095035231994,0.5293101477521424,0.5923406065038824
17.578627176438044,0.8187239611187241,0.9835066387745754,0.4961618910006761,0.9114604771073708,0.5438685761931075,0.9232681928836128,0.8426241617812861,0.6806994050647357,0.8637234505266802,0.6846787824696868
19.111751599453,0.1509451744753293,0.7729378295405532,0.849336710416617,0.9429877893266594,0.7314674928840893,0.02397418003232954,0.4195742138082581,0.16419140846953362,0.9274513449846606,0.40551802798662717
17.26112220278601,0.5564182430658724,0.9396694034943075,0.22606856344402315,0.20879525249495856,0.7396307766625401,0.1514987319744342,0.8873747450038073,0.5917477094261702,0.6000634414889572,0.8205296058550156
15.195897587532698,0.6015301760052165,0.9496797892790205,0.4851527955726703,0.3640412354063488,0.36012551710722696,0.7278831575853709,0.13670060149221008,0.9079423546511614,0.14277534918203627,0.12142045659759915
21.286129965312714,0.13489532561376782,0.6333403388721961,0.01233381105063247,0.9516011833468657,0.8723705711159886,0.5777920253423893,0.17338909335615627,0.6499560319050659,0.4782245946846694,0.7921588419183848
15.462448603584935,0.7855056792336856,0.4824968960209898,0.2919475505916779,0.07310682325149354,0.9158925366016691,0.3355475985737991,0.43387091987916915,0.5214472641187776,0.0679167144303483,0.8627943776978038
17.19849158749883,0.5837555074034164,0.8291119849432861,0.6753522421073371,0.3716381310664907,0.575954921283406,0.4994518083324152,0.3097309224979887,0.08388442409683072,0.04580426825017858,0.23775463406279873
12.332691275440057,0.5041845069538047,0.787395814438948,0.6999699057323285,0.017331990749904103,0.3757330573620087,0.16489557305017255,0.2411447810255396,0.402412746642807,0.6384972197754196,0.7951921868819065
16.07838459679831,0.5233517197987474,0.4752687308592972,0.2823354142985871,0.7878907755546329,0.041811943285186004,0.7185040553949285,0.7038885749517778,0.7900363141556072,0.11102620064841218,0.43498975386790906
10.379104001953051,0.1781760235912584,0.5164531813277137,0.4521148875955051,0.7366419016445086,0.02320865016883511,0.7051220864720571,0.9463412337823538,0.9915741069077715,0.960477845432876,0.429376528924177
11.577484523639473,0.3635582934847623,0.4564200424670396,0.8326259726160866,0.1542049536860307,0.5685091849573196,0.6565609065938484,0.19688321828896982,0.2921526431828103,0.6625012811827102,0.1591549485954642
23.047379570222056,0.9731053907230466,0.3561057007804095,0.8010980474523596,0.8500663738180595,0.7746985959415366,0.8799769822464046,0.4873865725785326,0.11229802402347355,0.15091507409559668,0.980339618976897
15.657590203598243,0.8237547113182828,0.04085433925594972,0.926124940818889,0.6003097325266233,0.9935084087056725,0.44960223699602586,0.6529113537308217,0.7960700822745094,0.6161578700239455,0.7771825209443058
8.587465182324843,0.8766371396559495,0.09136409135858059,0.519796822348809,0.21378224375340027,0.7904142133461284,0.9732089052866995,0.5978985624291039,0.11114328921679473,0.7261940688248937,0.29973340064128984
9.504507594382947,0.01970489277290477,0.33382153162074146,0.03704142650890274,0.1388817567901367,0.7244881093265825,0.6329904790036004,0.7948357935837147,0.7419772850412628,0.06411865433984221,0.9988037684208615
13.413471144202838,0.2085873948786493,0.3327684754082757,0.3854633583721142,0.629728295661796,0.9380871015917621,0.10461928469110382,0.634807139193952,0.7171348093477282,0.032193094350124074,0.05798105918567675
21.27333853373896,0.7143009280142829,0.8521570732098669,0.9430794953324525,0.5066898694106378,0.57149033647954,0.818374773198131,0.6915403186936234,0.7551565988727239,0.5423855053092846,0.778607586006812
8.340660127884819,0.11201935871638768,0.38295136150695297,0.5699028192073553,0.33813093702050745,0.7036038279867957,0.985799292400627,0.46015631714658844,0.9337843451246733,0.1351137099216293,0.018070195770844455
20.205398007640742,0.42434117742232025,0.688318732313038,0.814949263543656,0.9750008599246998,0.10601183543793191,0.20557229736497085,0.7995475565556008,0.9401943570414325,0.3441152207957855,0.8189340258822259
16.412311032034754,0.2508196026179542,0.9811639750226386,0.8761053332257377,0.5800203169842041,0.15984185360606706,0.24373344636946592,0.025163502154308404,0.7749662037238697,0.8860366656167584,0.415479597174669
17.449709119111702,0.15533643541048492,0.9846172891854942,0.6419785649803287,0.9214914317763201,0.6418874289659677,0.04218331988968005,0.5552311434438115,0.6062171280544045,0.6678668479270551,0.014792742225224309
7.334694687831446,0.10648608974334639,0.23950383666870156,0.4738136264581826,0.2255721629394558,0.8529778333959326,0.9745983200676442,0.15613398323763383,0.20033315336303015,0.5832724263569316,0.3783482775060538
19.512634499949247,0.7547005794151622,0.1990076901821789,0.9967345416159765,0.9499310256343527,0.10663268067975085,0.5691365946363176,0.16722363407937713,0.2934504036411645,0.18026248515444043,0.6579543878582144
11.291899440704944,0.0007230368676043319,0.20440879613460117,0.25241361438859133,0.5408973841968459,0.9304604224466047,0.9889710527317945,0.6371414082295158,0.8660582317789626,0.16783760895113342,0.8523806807337039
12.755931948211668,0.8762003284148432,0.8572895663880669,0.599411198777301,0.3335715937330067,0.43545082240268684,0.6622663531550137,0.3931122970892773,0.17317841895809183,0.08309261542249169,0.12992692226638847
19.3299066790637,0.9373974500729086,0.7070400238010807,0.45948666460758014,0.5798455553282928,0.9555855521663444,0.7363261359632965,0.05035178085417846,0.7695462946490316,0.08031087925904778,0.014099266533961097
19.599179141046836,0.6525441593135716,0.7825110012574074,0.9986943569168046,0.05412882691592458,0.8179075874506585,0.06476375616160068,0.8608501678478748,0.8305760967000606,0.6732524827460862,0.519440585397058
20.04888284161261,0.5727293951139508,0.8743718989206808,0.2833311016703548,0.7774947724562135,0.2670113588157189,0.48493134400769333,0.07162786888349637,0.9540173690645498,0.42176950933477886,0.813987137411885
15.915232156839446,0.8671220519251416,0.6264233017691598,0.2514463381105356,0.4577482363851705,0.03881270365570488,0.4818004721876197,0.08885659559851633,0.5184782976519002,0.4754257474681469,0.42179674684497614
18.448406305519214,0.8591072378615208,0.739583257971824,0.11575301340567756,0.2145442122979706,0.8481905788375727,0.08681722261972291,0.6989424303073534,0.9324299717371346,0.835442277470764,0.10046987585054179
21.986260743247392,0.8786329751448366,0.6104540781009831,0.10635496002091338,0.7643694582058567,0.26172512756284494,0.13458234562845517,0.8307984695531927,0.8433233750980058,0.080415359289713,0.8111943665135988
11.694561790868587,0.4952367535731088,0.22893157616310822,0.45497952304529354,0.40013994513073214,0.8331336793435737,0.4248616243745057,0.7074782622400793,0.7183415967220654,0.32183359895395636,0.46385667502242645
11.513934978586029,0.16424455452181796,0.6178566177146886,0.9925428526723878,0.24815577836656955,0.2092128089689127,0.4260032681418833,0.2441621185494558,0.6102326345226109,0.057043547109485004,0.989973740803864
8.781661978822624,0.18281577456893694,0.006006907161192676,0.2025096864687248,0.38277375337906405,0.6298830297649304,0.7539511811958491,0.43311159524736,0.2871755283331585,0.40473036108814253,0.8172975809711581
23.573834859172997,0.9989313593683201,0.4499805228597885,0.8584508865203718,0.9024318896573551,0.4210725914074046,0.6800818828876714,0.037516016135487384,0.693736291100694,0.20121780935439926,0.5254602566227415
14.631565352304746,0.15436661859023892,0.41721029950951516,0.5198879291795234,0.9886983066095151,0.5454314716495653,0.9014332659674109,0.8565834615204228,0.5707083867012721,0.142552129743436,0.9208260468915199
12.308583927004348,0.9115242702213494,0.7009934294268181,0.715097457341769,0.2103951996595954,0.043465294196188275,0.36180729308145076,0.3024865809886531,0.7188220103316604,0.8160267649027847,0.5268264415716682
18.816596570433457,0.8895594118023724,0.48023103970114434,0.3866542825524295,0.5754381601367645,0.6131421925990428,0.3666461021191537,0.9587765535027849,0.5634347352937347,0.3495733634794145,0.8195510667373439
14.034030296303726,0.4707181042410359,0.6404205395565779,0.5142586800453856,0.09575212070244965,0.9910886286999296,0.0006753227748201862,0.958497862671798,0.6110814609690146,0.845396787787658,0.8821485907548273
13.633206703270023,0.7888422697387705,0.0757498274779953,0.03910330974506093,0.37954486514735053,0.7446002321386463,0.4801018478336734,0.8024523317712401,0.7771047619811489,0.571401999792423,0.6743223540872771
11.368887685813304,0.05503894741780857,0.03791028040182609,0.0827521580418833,0.7240125633994207,0.11625932818164608,0.01814170369331025,0.5757828673034586,0.22265096856461586,0.9966926007393734,0.9229510640019344
11.724612753839228,0.9393769188054442,0.9135986397378566,0.5535456507266991,0.3384478310093775,0.7948564807356963,0.06530336176388352,0.9403749577636799,0.5382387489218681,0.378354644505422,0.9109327842308613
12.656692434240021,0.7313947633138782,0.18841421079264153,0.2097463130746371,0.3401528861765193,0.6749835201581162,0.90912258713052,0.5217409842488319,0.4306732409970233,0.4783111029700835,0.7859609381190324
16.893929640694385,0.6044873432652585,0.7839841229615191,0.6505279085177985,0.43549784086700083,0.4238707855662056,0.25991426900926085,0.8735036828013969,0.5518696293335594,0.4219017988161472,0.20643718731224958
6.749877761623844,0.35959308797142964,0.2390873685583832,0.5947775750288472,0.3662675637008923,0.047861729687915466,0.8702855476708393,0.4036881169268024,0.12508676439930555,0.19557891485103418,0.140726394398907
15.71452241423868,0.5132472571811143,0.5005287438894148,0.5587404682508886,0.40241458646720907,0.8797604427049563,0.13602033766704424,0.008007886524544983,0.4958782613642919,0.41235392317821973,0.7134580861202582
4.042127276778793,0.03161694040432217,0.5981616980179819,0.36398954041347964,0.0024486128843497212,0.610774878298633,0.4454856403096369,0.5319608821998443,0.6104379356392142,0.9788780214317253,0.8325079259301291
17.68468079575462,0.9649377668276099,0.28669331479463456,0.3162510593229435,0.8312775464480175,0.21183757375450007,0.3220802823871518,0.10037689638755032,0.4259621277156318,0.6071037629805223,0.8834878397389377
13.163298438543311,0.1375254062884318,0.8824856695784613,0.5857011156627993,0.5660252558551871,0.7270185312153521,0.6945400719053307,0.13168150983439175,0.954929184211228,0.7962644238099099,0.3776364937353949
19.675560718309242,0.26527011301804193,0.5846337268736065,0.04779047225190314,0.7785945785438473,0.6236128241837208,0.03321699004239265,0.07604416394965874,0.3871090186394942,0.1940396464643921,0.43990094343169084
22.4066252466495,0.7097969500703384,0.7111003149378945,0.7209063894611382,0.7393604347679139,0.8076270943569236,0.8146425479385021,0.09688861205952726,0.20557157996833986,0.7302038921903482,0.44065472737836286
9.330148289057558,0.05258724606364373,0.677417237871658,0.7480996189482049,0.635739418672525,0.12497498687860098,0.47661735058754706,0.2827418748223566,0.08497031723381465,0.681782569545772,0.7824762303723258
17.595993768343906,0.8529879249834572,0.7161701340907638,0.6590565700773718,0.3946668082529132,0.748797369972674,0.9768771803919759,0.40961116087796634,0.4301016751724501,0.5362994898234869,0.7983171996362162
13.737518818736797,0.19190752064005145,0.2886980282858954,0.20086096865000114,0.9467745926948898,0.1496635973896565,0.19667825716220166,0.7774529321789684,0.17962222739471878,0.6577723231729301,0.5887823688463557
17.619030673395404,0.7485650738083475,0.2692347324918629,0.7692634153483104,0.9675734253814114,0.11526471837128582,0.28647885212747803,0.3516457920631505,0.9255247734319765,0.7864900087540385,0.9509287561443541
7.130292078049113,0.0495284197840099,0.2613004733512836,0.6380967207476819,0.5156274442476337,0.23722738677728483,0.5004356581387799,0.7935613749366986,0.9176577921718405,0.20350235272218686,0.04242990656927759
21.412411001024594,0.6010590334248271,0.7721885964156637,0.44730562110864547,0.8688483073296291,0.5463634992283118,0.41871435606819807,0.7668229246558603,0.34343480057509246,0.3664746145028359,0.8032642165096071
13.84992666145887,0.7244349327941596,0.19707183080088964,0.9389438650358418,0.22117828173538823,0.6896920088632421,0.8326139858681743,0.10549270336643013,0.9639071897569187,0.2555703426456867,0.2974152118335782
18.43606922073573,0.6042068389708274,0.28352121425129184,0.521302850783858,0.9527866400434741,0.7546908957981392,0.07451841949275184,0.40927798066505183,0.0491618917579546,0.015919701774405826,0.8432743906225381
14.111810238079576,0.486158613532677,0.547881029427398,0.34078366853024766,0.3596432653089663,0.5166887874782621,0.6268504471483018,0.24966395459003354,0.7266541947856109,0.6212083759052576,0.4075219514313756
16.55819458079811,0.6729300083907775,0.8798153727712099,0.16801947802770045,0.11804262435036372,0.7177628516634378,0.12052562528739341,0.08538583303364677,0.20194181537144984,0.2165619496767136,0.03667863115847991
22.030485364586124,0.7325528087954916,0.7216659455402471,0.4033552266097432,0.9682238043311295,0.4403890945143535,0.9914044298430273,0.3034800340982664,0.013818428024646945,0.8326042637794896,0.1983195670781699
19.325786011294266,0.4538433285097845,0.8310604248292827,0.3639695209852126,0.6552963265641555,0.6276106875443217,0.1449855736685498,5.11003725137682e-5,0.9290769830060985,0.0664942715419764,0.5160262652548513
17.95667986731365,0.7406123600981354,0.49479620132905033,0.1851921948061458,0.6075341516020862,0.15330948914050002,0.3168154295565109,0.3442652845866009,0.22113684898550134,0.3997336596100788,0.6807066828310732
2.0815199893125986,0.0781553457850197,0.3931852822795705,0.3253321836899661,0.04597606005063726,0.009536925398690665,0.6163462885069589,0.8438794976125499,0.45676497946154493,0.3126865713798167,0.6622772168437422
8.001195339032659,0.04608029622383325,0.9111593340046586,0.6793959647701883,0.30236031260586693,0.6037422113488136,0.40856774451017097,0.8572685748893787,0.5686181716270592,0.09942191732743577,0.741049862592754
18.443184139747842,0.4063733862511367,0.887588377244826,0.9266098876309506,0.2980429329093325,0.5530650929116109,0.535108808653951,0.9006436958796575,0.12762904080319692,0.23036666340312528,0.9994153936566301
9.343833318385332,0.20656655898095544,0.07468819059159759,0.3248226229025296,0.46947544665961305,0.7101677652440953,0.6769685737944001,0.5080853761362931,0.7439797071099564,0.3849277928583327,0.368112562961995
7.329296926842793,0.07408308973795297,0.7471906005020634,0.009129212352439686,0.029529207594156115,0.09693416967122137,0.682008842852293,0.5781465138378513,0.03024730052857949,0.8442741793395294,0.4602349243491918
11.809973023050299,0.4555296254782849,0.6247078841392243,0.44947781688265653,0.15723221575597246,0.4781384771488447,0.8362857600838002,0.3605417539447847,0.41208679104504164,0.26782411626223246,0.5004088205832213
13.58958303400198,0.987774890543703,0.6648506953099568,0.5760316765287338,0.12278248263313263,0.6867882359777727,0.05596378570933358,0.21923242752129268,0.2762845459461466,0.8498161531880415,0.7911223472748109
8.441935229098405,0.12966976077714853,0.171071579975405,0.054898485354831994,0.04481967083689431,0.6670203501044889,0.8652017512879101,0.2933087629451262,0.7169247128315684,0.33578074506616595,0.9931279931562412
17.22485908456106,0.7216479231693058,0.7529433252872824,0.2078976306113829,0.377038089647745,0.36812751505164054,0.7141986763702488,0.863079601987136,0.3156486608415414,0.9827006407911288,0.010594884558139395
11.31362482710332,0.04806875859543447,0.3954563999741184,0.8717507491018074,0.7801554527953646,0.030252875239939914,0.13487530331273145,0.9607310032057724,0.3491091617864468,0.9848363712971312,0.6693037323035214
8.192744908103148,0.504983189123582,0.16517138957236077,0.4355077644815092,0.4436886289294314,0.21643879164029867,0.5759345478287805,0.5191036666669819,0.32164278944372615,0.7343275384985504,0.08688901923797976
12.903723753040428,0.29036285421441255,0.622968629360355,0.9488792196603962,0.27324000696943596,0.15193977058760755,0.7859490557626061,0.09110141201286115,0.21452485807360244,0.5828913809545156,0.6919728950906183
13.60032781884544,0.5850165979921164,0.9797094369858107,0.6477814814207472,0.04978266640638507,0.5857169204005253,0.5811495930278542,0.22946588509314536,0.31255382104821505,0.2560174673791966,0.14113143361713953
18.245326233923727,0.8705825206882374,0.15471434516469795,0.9941095956772035,0.46668566401329503,0.9178544484810157,0.12641891930625637,0.7550144562820951,0.8686802125941642,0.3318137776370871,0.19697647630248227
14.344936788136462,0.2555705897041006,0.695175547432971,0.38749889591452913,0.6640570258734937,0.4310021876406115,0.7446018747236943,0.6907112384241092,0.1360378504860592,0.4275895561548222,0.005032550106780165
23.019000417458948,0.6429367816884517,0.9481503376200853,0.4398338791693328,0.8658717504092753,0.9749668822583423,0.16446653612065898,0.7478194049056793,0.7741407634307557,0.4138817621926726,0.011960312083740154
19.798884171444893,0.3191452663906986,0.8981332049812866,0.8737119213305606,0.7447163703323469,0.3444385267842591,0.6655118342378588,0.17822876658221176,0.5945884060446045,0.64949046010396,0.23661321275984537
13.850498201613755,0.5793832974586818,0.23292415702923452,0.1813833609920894,0.6975371533094438,0.1462031510437708,0.8569786397302976,0.6275766932436385,0.7836086779311061,0.3992002745854635,0.34802486112060194
16.158810133548617,0.6978509310925334,0.020822890910750513,0.9713933519470714,0.9084629962722256,0.43471828887594743,0.47810537654236873,0.30230799954221454,0.878607679113847,0.76374438982494,0.8265457677972127
9.095466867627627,0.41378066772480027,0.29830728750246194,0.7448394101885235,0.09045311455870864,0.6421358711076184,0.5702940780564968,0.11191393192777865,0.9047418436167931,0.5804183237961107,0.2117792995228367
17.330032953730345,0.9817931687966174,0.3490040241094875,0.9164934451556412,0.08675481838230203,0.8380565471239283,0.40315041140579255,0.6068683963157959,0.26326258651043233,0.6238773517174065,0.21728961788626322
18.115263319608275,0.24779353655667324,0.6808033535460046,0.14024058135089568,0.6933675727091445,0.7075736695686367,0.09003386697460347,0.3222377325741038,0.8952845860338638,0.3134973489841205,0.5882970167129616
12.49410582038411,0.2393374276059964,0.2245988247640741,0.7693062181924906,0.7208158596624209,0.43093716918468716,0.41630582725778154,0.1596339888808357,0.7740682055923619,0.46250527767394056,0.7666624802882461
16.26039055021773,0.3544738513483603,0.11803863188782437,0.3332336656067958,0.9645054200979265,0.9496810958153215,0.12430722894665514,0.6460376147887906,0.6208334817115025,0.331321077046662,0.031188241113530912
7.598032126040693,0.127747301015799,0.18004697292727623,0.04103631132803087,0.21209328982151887,0.10843840528066895,0.9601251117378752,0.34299464799501456,0.7881049621073369,0.223924148465937,0.014461606238702629
21.303984243192666,0.23953008031436218,0.6508136597065116,0.11278682332690848,0.9692709341712589,0.7817238509671013,0.6934974139270368,0.06871120853091173,0.9663626211627853,0.43975207318675,0.9075883807037007
27.58417478608576,0.5088636432564311,0.9409526912205197,0.9694919071384874,0.9242150985254799,0.7911413673777917,0.9293782869804884,0.8606610117068847,0.7553522662995064,0.6139548061955352,0.8805822943489956
15.884754136483586,0.7859730724765369,0.1277298167260721,0.8517801405006977,0.7173029742011894,0.6269706562310876,0.8380358727898567,0.4648742930826746,0.7317234916915341,0.7472541065454772,0.3455930898459967
11.01424169643499,0.2643579454661561,0.04882296499311245,0.48021568927776515,0.9798226611533443,0.16056413001208814,0.5328595555851089,0.7701215879337151,0.9104898640104983,0.8932029302724138,0.9826006544454119
13.88209364431054,0.5492685581690606,0.8290336541855078,0.25554828792051176,0.18000049842081167,0.19702455194906354,0.5641991415146465,0.08574297698171474,0.5314925716295524,0.16666652370678292,0.1405991852223457
19.00938075285701,0.8967896434122758,0.45087993878087507,0.8428575011782425,0.2672849341023418,0.8867303587513553,0.039524229916893194,0.10278045106316902,0.02993348883349012,0.5523760886145375,0.5907254714156873
22.25292561517519,0.9400018549646718,0.3838366488268913,0.1435610862312725,0.882579616830405,0.36542344790442405,0.966148065074095,0.04310410789037844,0.5690606779535037,0.02754478318717657,0.8307036753645967
12.032387032145401,0.5763079076056231,0.6278234051287834,0.26761074255977135,0.04727351368881405,0.2814189337040405,0.7881840162683156,0.6835072941321573,0.8024765129485562,0.9606135746667835,0.7533926083450712
15.09719743158298,0.4634554414648031,0.3626103917685378,0.3658522406464233,0.9489403169439051,0.04203816298140595,0.17545227779408024,0.5586278488386581,0.24908613394588797,0.3576858338303156,0.2999083721321276
16.97136823115003,0.45656042820998366,0.5820494102238107,0.8109224327502875,0.3453499505565716,0.8344922380377852,0.9393432037748234,0.3925299446931505,0.6019785428975317,0.867325632531632,0.5076436539037215
10.97397495126806,0.5851640630401993,0.13582283507029747,0.41090289717522377,0.7048619481403936,0.2591116843074033,0.9497705092080029,0.48736820209458165,0.1640417966047958,0.2284673091067726,0.7697654721006589
22.244476494620066,0.27862180201470943,0.9765050523927163,0.8763813566448863,0.688156765888652,0.9971154725160827,0.8974952172833838,0.06547874460397751,0.8435127718885104,0.599757256451502,0.6803243416453906
2.6307246710749896,0.14216577351007698,0.12168069947563598,0.5281856621338972,0.003076761730473554,0.4081754204364426,0.5439905562479742,0.5924313836619294,0.7881096162369592,0.025704671223926834,0.9480744841676984
11.789687584363705,0.2771671213106881,0.6235462199884102,0.8117118777557037,0.12086994141116114,0.6942116217079157,0.7544443354099528,0.6933765143658055,0.11907151998551757,0.6104304841838375,0.5046582556368923
16.190748554508637,0.5502694194614297,0.8976252142600363,0.11203275181290673,0.013989472314208107,0.6084593739188111,0.32010332554546095,0.5534075067750296,0.24164343021444878,0.26643054292960777,0.1371537049625121
10.328299396452017,0.3113253427019087,0.14928715722151964,0.24280146582445716,0.4176527184494522,0.6747637943312003,0.2064972069636748,0.9266736439877409,0.7224532410258713,0.31446087597756234,0.39046100620667934
13.423695722013985,0.7526715132989574,0.8335916650856939,0.3210990686549513,0.3337816979688809,0.04726838843261716,0.9793155577781726,0.9214149727202768,0.379583621208079,0.606988672254685,0.4471047548922601
20.739338706002172,0.8639043111091737,0.8389394778486563,0.6804491832004603,0.8474196564698557,0.8010039449968546,0.5981199862308513,0.2985962335289003,0.1442317131493065,0.2323447366299315,0.5061506959246179
14.570227493530517,0.8072754989415324,0.9669831883259473,0.11353918542083141,0.4974695705095439,0.049863443877460445,0.957195653587219,0.4408587997207186,0.9816896356165665,0.4152352467542594,0.10691667383482717
13.105184494845771,0.37756426066067483,0.15941427473467007,0.6738224540352155,0.6544593252665413,0.815331396139867,0.9874557908693112,0.25170093995394827,0.5305723420331723,0.22063570917175157,0.2200941169259436
18.75693088863826,0.9080229325310339,0.6962376959133135,0.3687983161264099,0.6743822998673001,0.50378985252282,0.25601795131737004,0.6649599378263232,0.29658642843522887,0.6517627895039327,0.4255573055240095
16.919181433339272,0.5017339926309109,0.5508000318171906,0.20507138436125405,0.7202877433409896,0.06900149268109668,0.257263141095996,0.12215042473837201,0.871450277929074,0.6193542070376836,0.5630917034711004
10.38798051806462,0.3622005208908856,0.4409594123803403,0.3387767292027918,0.13191832628994804,0.7478459108040533,0.6600821063496831,0.2552861151916046,0.9190936993785105,0.08250319709848752,0.6225954488798497
14.182220592609994,0.4904859369837369,0.5384395095079465,0.4478180693033791,0.42575921913126,0.49859607298524344,0.21108165411404756,0.13470936125884136,0.2642285894794848,0.4060652279344139,0.7356215530560691
14.755229657143467,0.8066586241910386,0.6539921631223786,0.46111973866651823,0.009803207708252937,0.9328783374578125,0.35489608292763597,0.9611779081251434,0.5481995393798039,0.8975704183486218,0.4155665702503175
13.099398671504254,0.3175485197105451,0.1027833485205254,0.14798425535478543,0.6693072592585034,0.580889045306712,0.6368661231979695,0.7820640354761174,0.44831994506470274,0.18436369522337304,0.5684369804136836
17.79010655542037,0.4655043757948172,0.5059218578751967,0.9417037187418518,0.5453509905092392,0.3385226283308884,0.0013160897710738917,0.7466674777750613,0.3912879799686939,0.7786481585106719,0.8433827415593982
14.400843768731754,0.331418980302125,0.12942794469573737,0.08081123081936548,0.636225568874797,0.636139241709621,0.6597310803913965,0.9089709765903775,0.4155194771595828,0.3339849059633059,0.9559120947915415
25.64453164478586,0.7880823047174429,0.782815155483457,0.965828949302565,0.9355824940290849,0.5231713223266945,0.29832269101754527,0.1373975471257073,0.3246804481146073,0.8546722067980604,0.44168576565000806
16.063403342131842,0.5833251791715516,0.49103522950134915,0.17246695246626087,0.607932601334092,0.0012285026174148062,0.684057988595878,0.4262890995050369,0.7963563096394319,0.2178530086934236,0.4771820423341224
13.335775975340852,0.5442071971346998,0.07993990157172959,0.2806221622197588,0.9534112516026717,0.29533344490833413,0.3765028963108277,0.6940707058946947,0.6193451611720849,0.8557733472727403,0.9757675812707877
23.615884170680793,0.7858710459434349,0.9756851253414369,0.9351200117618053,0.9124309941341069,0.8031843586722377,0.7103356612279663,0.8229450247928811,0.6987379430850211,0.43938313899886505,0.23916614957701388
9.947052347997396,0.6704416803049045,0.19754105258815335,0.36755318410643745,0.0719841810692351,0.966932500127484,0.6114740153782938,0.7669819008003593,0.32281014940430985,0.28448240035855177,0.3750621409638496
19.043388845907305,0.8706632715224224,0.6259456796130975,0.7993277910951319,0.47904660609257166,0.5121380363621597,0.6498283360016556,0.7981868781065733,0.8157709312106941,0.38475745042442044,0.22425582591902404
16.47101385512492,0.7918147085989327,0.4437837482974457,0.30339095148140705,0.36918313638881184,0.6152422732205615,0.9569619716056746,0.031236786106245362,0.30322566953500385,0.7938047345072552,0.8647566079929591
15.542239436256427,0.6707942509367996,0.7597360360852236,0.2603750669351318,0.3577855711083201,0.1641108648633287,0.5936726863826742,0.9107197098838359,0.6331896602802546,0.3528162085225499,0.01292862760232949
11.721101453063321,0.14140371197073354,0.42429545872639096,0.6218403251311081,0.8945513305880641,0.12099354773819648,0.6999805546172893,0.055286875567056915,0.37045576780196765,0.003733362180726063,0.8132169622142869
7.279657073770383,0.3116503125775154,0.452719536262438,0.7997442750959054,0.019449561755651712,0.19989427746140187,0.3025480614690459,0.22121975021785278,0.8541515056725558,0.21220706683262525,0.8444044320778511
18.701513976808695,0.33794076316815824,0.3862027060882314,0.09046827887076658,0.8500800936605525,0.5720210904819941,0.7014113637814764,0.7419445226657969,0.634029331319752,0.1125294324861239,0.29785210764673486
13.669588387604799,0.8142308370734018,0.40821180657622014,0.8621506973139734,0.08706730722970235,0.30612678559506523,0.30003761598815404,0.807115910747718,0.013669202709911343,0.10320231635909038,0.0055906035030112156
13.502200721691352,0.6846039742437319,0.2325205111952463,0.9144352827636096,0.16471230732186626,0.7249752521719467,0.7068480037469643,0.1707405578322968,0.16103292299360028,0.47758643138047807,0.8166676784973733
13.388001224469914,0.04574875876699902,0.6616222018935501,0.2248032954516036,0.875973707146149,0.43282447803701996,0.5649087842347145,0.9457182375377158,0.3580526307977825,0.6311579166758262,0.08015120653420327
18.08059794106814,0.2438884846652435,0.27412091441488773,0.973607604332213,0.979909115241748,0.3421043257822358,0.3954816371574639,0.3203399731902834,0.7109577556695178,0.6566437640182431,0.5430480489093147
14.55173317329948,0.4040639291278729,0.9945555407447454,0.5105525466907753,0.3926851413842303,0.21883132825153562,0.5468598114311768,0.42368200789180865,0.34307544093586506,0.733103415886791,0.908221126037731
19.729252345252455,0.3505222508617438,0.9748164641485163,0.36818236084983647,0.7193157128681027,0.679996735570158,0.31223043441868514,0.6586481519627881,0.11906764074613707,0.7008799019346209,0.8796340598928244
16.22265652652377,0.3259473222696526,0.801529158935803,0.41161261231401025,0.754588332656636,0.24077598809691303,0.6099291081030903,0.835415035813625,0.07955359032324194,0.342894212452989,0.8267687435007
5.728370880133411,0.4019526050821789,0.1286576122605536,0.3508983247506626,0.27755734668740895,0.17813148376032262,0.43380118952167146,0.0010084599015879325,0.8151391544010556,0.4869886469732082,0.4762418157520333
20.931109665206865,0.4220839350699822,0.5554155143163337,0.8932869711560014,0.8185590741887666,0.5870221232014123,0.999521633083357,0.0006682537731050875,0.8633401114555149,0.7975935934323772,0.8317856265316251
14.713361517156788,0.5864870321878828,0.8659822162735671,0.2696888212175992,0.0548311662252271,0.6214509726652221,0.5601489826901617,0.11821537230834767,0.6838618313612547,0.7653948808860214,0.6376675753555852
13.670001926532562,0.8623724010958999,0.32463236516165583,0.7095466136706194,0.49214239162603746,0.03323426300371468,0.005626698775337502,0.4091163427906288,0.869451444089683,0.3273645172799472,0.6862579739794864
15.14997735368674,0.4862950416663926,0.40350009080563476,0.8688456984606817,0.21598597033453948,0.8975608965525246,0.6251145609874408,0.06171849569749799,0.22609523830959755,0.7103588116116746,0.3839510981097404
10.920863662223475,0.03298410401474783,0.5978912863463794,0.8615921639286602,0.6835624285545241,0.17022143634370313,0.45310126188666244,0.45467006734328674,0.3289967806012041,0.594289303933971,0.755728808267298
15.426095837996229,0.7613768990190606,0.5148302183388733,0.4152041287979953,0.5186468859430057,0.13322513666530622,0.21155486325636164,0.6349653248640023,0.2941491419832837,0.9941048101392023,0.5592033497679625
21.218564713664193,0.3041553636288912,0.9321897565106716,0.5264166168169736,0.9812481706366065,0.7233539455048744,0.6055532358683399,0.9795921303840391,0.6718022098717947,0.5519559604238858,0.49412238710241574
10.070493856274213,0.8156487646151044,0.7823254261855044,0.4453903700917553,0.09031874454969713,0.0068349330667580865,0.6721157474179243,0.2606293347818377,0.516110762403988,0.4421153079356276,0.4054077851511362
5.829391842583435,0.025981040594520555,0.24866651588467747,0.4232445484750227,0.25924963581403604,0.5832230462978154,0.5469235566377153,0.20540168534764613,0.472909600532359,0.257666097934672,0.7868205193140368
12.56961749434101,0.9628302798169086,0.26617864370649746,0.476262086476546,0.26739600868712,0.5350185430835247,0.6621743466129553,0.9317273377699974,0.019656246489020313,0.310531698268826,0.21073428583171194
10.619653522606615,0.3811058606111789,0.46207916990011766,0.2552200234228985,0.07572540069681089,0.681921279647249,0.25187398748217305,0.12345368163388226,0.015741329429993955,0.9175382745504976,0.6499848455341443
13.62827126681377,0.12564751743979707,0.93296542739085,0.7371700521188024,0.6350361643647825,0.5105747229412901,0.1956521938391309,0.7792653257845344,0.7460685363476596,0.05438130027300159,0.9502061454728299
11.483254348329735,0.1313514165301889,0.8439269959899767,0.46469719785756836,0.4508128462791795,0.7075356940603943,0.2492141899117183,0.0069931884992888715,0.013416363259994624,0.11402594573604041,0.06081101491691032
7.653014498847333,0.09100471202865645,0.15980590562013997,0.764137080178489,0.1646875716821511,0.8308090231112745,0.15354397325015356,0.42331563817533446,0.37492655335361824,0.6966755608575904,0.15123220568476936
23.656471441317628,0.42976937987750186,0.8043069088487518,0.9196318453313663,0.6512954767415567,0.9548528927841996,0.6897301882453414,0.12991224174318328,0.8490492512906078,0.8740061591233229,0.29178832868984284
13.527334905063944,0.9273651097796074,0.4388431744522373,0.6973521728648236,0.2137765012182955,0.20693736148758501,0.4464560667428902,0.6281090765695257,0.14668226937022943,0.11322672538784495,0.6879929081450255
27.003573199463368,0.7650028365753625,0.7208380540836131,0.983659144959889,0.9983414872441451,0.4943890954871969,0.16998504849867835,0.9037540902248451,0.5253757837227734,0.09763470454031664,0.3571863748949792
21.433505864634846,0.7803536118010242,0.5895439236673776,0.0291372028743212,0.25587138813106536,0.9038404018266983,0.01766460935652725,0.7459522680419729,0.16420352801020388,0.8002112781425853,0.8438525284000733
10.068013750715346,0.11788267479457204,0.11153500215648715,0.5306064108965355,0.656504336704095,0.61425895742532,0.25790824238383614,0.9815285379797934,0.8066345362348556,0.774999794824339,0.5781780463906199
27.082171433781404,0.9114442530914878,0.41034000641903734,0.9831656348203319,0.9131939896124776,0.8108997612354567,0.5398281510772668,0.3477252187994052,0.45794406931448717,0.9185188086402702,0.15668332720705325
10.854072249689995,0.2293494890056843,0.02874566231787956,0.5139364898703744,0.9060167081395281,0.31658328956446113,0.4082559855595773,0.848292729750564,0.45080070560463315,0.19720422433825113,0.47646332939247327
10.824369505047434,0.7062263003715175,0.06585803571389681,0.4565007888184246,0.7484719054106254,0.36916494082742424,0.25327339560331474,0.5332575529452765,0.4839344420810229,0.8461650109113183,0.8674883517808167
10.43430770691703,0.08412271172960306,0.05438727400211163,0.6835118088146733,0.8020774938932166,0.31925434685627063,0.3017922642791596,0.43538627715026157,0.17931432060879193,0.10693514592217024,0.29793520963763365
19.05590115450951,0.7223738989543456,0.8101483250073095,0.26677960732931083,0.5163188724380903,0.6322424850896667,0.0007513996634735953,0.44840818557502415,0.3615635794029409,0.9746071070521767,0.6272898841592933
18.213513897283843,0.5562543718638612,0.592632211172894,0.5779028628670224,0.5467520781138754,0.8045459808791507,0.08200077972658748,0.010108344816133985,0.9652556029175936,0.48055334758381707,0.7794840400523646
15.835523169567203,0.31175422280003706,0.8501687949489666,0.48621676004161396,0.637246626130864,0.41240445188618646,0.6567873019658605,0.6312194173265265,0.6670056697529201,0.28886158476231893,0.1036013559418204
17.804282761394195,0.651110443166669,0.922435530113527,0.3909710220509748,0.45527506664193873,0.7018269244175765,0.9849641973898009,0.43000966699923104,0.501532415130291,0.8325077891247291,0.2344189178178221
17.21476145151342,0.6652538746266631,0.3079271554820989,0.8510965905862433,0.38443776822859776,0.9809161984387176,0.5575012126982067,0.8133728751856998,0.8084929823673761,0.7679389445441114,0.6730325757880437
22.159600336568687,0.5687255219938357,0.7688878255922741,0.28771495760393406,0.8897789997061059,0.5107943524009968,0.45184086468192586,0.9676660418293004,0.5506618577494952,0.24262348524498756,0.21731034081880662
21.273347157262187,0.6333100001055507,0.9371772373910587,0.2129662859572058,0.5303719612760918,0.9500791874566407,0.622480512065527,0.391723880121182,0.3991653720264684,0.15758711708797946,0.8609724739998381
9.207116837195333,0.7959694925072176,0.24736587472101723,0.46689278773411214,0.12627027064245822,0.4247634669635526,0.23300411794376208,0.9876204340614332,0.845304138217081,0.7816713822071135,0.650156000568708
21.73966589850396,0.7359212664013828,0.712311624580198,0.23441971376433712,0.9892297832642588,0.09312182763649646,0.9727194037219331,0.09053947234064663,0.3458198930329084,0.9733992312370027,0.8286142749686467
13.951104815942344,0.20847197841839127,0.3091997809049736,0.7144155823945885,0.9091702440888143,0.38573586177499786,0.5710112540958364,0.6280249361702062,0.5807567186727187,0.1447398995150263,0.2021766164114488
21.80967690820787,0.43094111947115943,0.8954825174213026,0.6454156450810346,0.8905205634526038,0.6234314557581112,0.6191842394646939,0.30405752560411714,0.00636230857122877,0.06177061772316561,0.04580432986132088
7.746676524420949,0.4534360040403105,0.403798184809007,0.4130034780105666,0.021369456498847805,0.3882923288739262,0.4861263252293625,0.8497413357610795,0.937747440961338,0.01004123896763498,0.013452482370058694
19.18222591126437,0.4274442359625258,0.9955048438016186,0.13316067101951967,0.5212783594695126,0.3101000291896715,0.5468291643370041,0.9981482186461899,0.4112041382347855,0.6008681683457796,0.9592848260658356
15.430429292909777,0.4988346202801699,0.5040542150528823,0.6819140881536752,0.5972801867656574,0.338559080471294,0.8894823224565028,0.5958993143630845,0.8548011218286131,0.20205684316295935,0.43930045535751705
12.559786707989094,0.6849402489240124,0.10332756885485128,0.256305248342122,0.5867547385451912,0.6598729211171841,0.12505641487145736,0.7573245123435922,0.5118043293322216,0.45901096797555985,0.8426417140969611
13.605446684494398,0.7747307652388946,0.15297181771843982,0.1963345375729436,0.37877024636181567,0.8671498884849012,0.60612109636408,0.6149386358150096,0.17273463876531092,0.6951458214152034,0.0026930355722237787
18.336111281671162,0.8848036668806555,0.7656743231667017,0.8705075916770822,0.5989952209646342,0.22301295848819913,0.8415399114236738,0.06861992805178041,0.9366849442166464,0.622141233454612,0.4860906521004771
11.723493163144788,0.9446500133588362,0.029633130086296977,0.004317936753979734,0.31326359891051203,0.5597104186870779,0.4984892601724533,0.1184902910420258,0.7452152508561755,0.34687517191553585,0.09262774327080969
18.32210842122055,0.7110117373498869,0.5911813523392646,0.6236441716361415,0.5557585141630247,0.5540614965097854,0.3253125847710584,0.021731544933612845,0.4192791372751914,0.1686662205253312,0.8713404582074278
14.81285685317679,0.5099148385090664,0.2909541144827834,0.9155924264697435,0.21387625035361013,0.9451527129855071,0.8583685705124386,0.6164160185635662,0.03284175301123593,0.12578786220328342,0.00972883362475907
6.60154906301062,0.0426989335540614,0.8442162380601558,0.10560204189703026,0.09280837276483678,0.2864870486472695,0.81859943510654,0.1852434222333177,0.8569370464605506,0.7951904404191326,0.09068932310541344
13.480017740388996,0.9855368131192469,0.8256654134674191,0.07090045833916203,0.3264726501207992,0.20181305086767254,0.694174155220371,0.5353634186876449,0.9267822905675097,0.777591666138119,0.3416948860584865
16.723462725316573,0.9831350580385216,0.17668807342142445,0.9732795614244728,0.23898132854106013,0.9326875159890187,0.7941281466458024,0.36276455982712197,0.5406402586546019,0.8596413196970294,0.7081942696805912
12.337276306151107,0.16232546116317037,0.3375718341109327,0.1207452960753288,0.34206993107341566,0.8653803129077231,0.7868464435725968,0.946694872003171,0.2978705416627503,0.11321587162651181,0.24459728218148247
15.353985163107978,0.4669848597957075,0.5639672085376833,0.3610244650979051,0.5519518037908148,0.41731140846828096,0.3500836699549287,0.34171272295672495,0.6189569629093271,0.18003094831201083,0.4275629169341799
11.66703729583074,0.8263767619142622,0.8989450851783458,0.07035957718270602,0.06651969588522211,0.016458996186134334,0.3282686496386946,0.529315416936609,0.1458744544407896,0.6408281740597115,0.6092105153232185
17.915678335714333,0.5905733255940898,0.5480654409167158,0.48419848001923593,0.7358299901382555,0.40956845529168495,0.8031171790349291,0.48705868646854156,0.24734094209571866,0.1599627583906278,0.3413293083612786
2.952753055253122,0.2104915472628318,0.0382887005146858,0.5533860222887282,0.2611806658145862,0.006155416240768763,0.7018018300773805,0.44755631123727346,0.43536902045292103,0.3221782386254123,0.41948558133657354
12.958034007323956,0.03815947661522734,0.8337103130390717,0.8755031166594298,0.7380633898991769,0.3519093531707643,0.1568479720457321,0.3152323848122668,0.8318973546799653,0.30988792451140257,0.36850366661573764
6.615848819638816,0.04356194062265417,0.306159572412416,0.6601831402750648,0.30270101409315653,0.5313594520975252,0.30552173220018397,0.13874437166273934,0.5721167584034444,0.9156736505410678,0.5737321171769255
24.573612091499232,0.44401100137221616,0.9564130346067489,0.8244205823251111,0.8262660857581673,0.8969584441121733,0.33881211918647924,0.47157196360211795,0.6744386934867267,0.14327148848295312,0.9211932067783531
10.310518166751587,0.5755939668016526,0.055135983206623274,0.5190855055721472,0.7432679286856193,0.37503815447109323,0.3155930809822197,0.8947912556766054,0.67370562958621,0.015605139318293326,0.13138826145608162
16.464341102248987,0.6614129662439432,0.13645810706899686,0.46895917652329866,0.9256303793784165,0.8782317302302994,0.6702738637079569,0.633579374394065,0.14972719682394564,0.6748810364535431,0.7080676826887622
15.183148892751621,0.6674494065765062,0.7943067175065316,0.7507437039009128,0.3409299808882451,0.11225085777704691,0.13196875510235595,0.4711069552177445,0.68014144470526,0.7146414342201214,0.36641481104541873
12.798246608132423,0.7363755043388042,0.22009016389433134,0.4169277312586508,0.7185263199451805,0.12011382199828724,0.9127123202069296,0.6648165333918683,0.31707139691030717,0.7518293146982464,0.6404742670781377
5.187360084445163,0.10681098897987773,0.6079540222635311,0.6847778041958067,0.17668933917699936,0.14234012889710612,0.7140262640463447,0.957214650908357,0.25885782097805554,0.11790671281014731,0.832262394642081
20.87194363204489,0.8206684828264588,0.3320603782647742,0.401663554464764,0.9170153385698183,0.7910668967960937,0.2212723302683125,0.8293396011727945,0.1784230107880589,0.2961232067252354,0.6263191218578154
18.97607112412783,0.3335621033672259,0.4030346889429559,0.00428480240471496,0.9373310689031938,0.11781389037626777,0.7198281460956416,0.8922960385259775,0.42123046417640686,0.03992019415634562,0.0009123032080525784
18.17076956338356,0.8350279078074767,0.30842377698959555,0.717366400940445,0.5884527935782238,0.8209320176869814,0.3458713439331894,0.5068385463856965,0.9318143342542204,0.1386171189559886,0.7375844431094134
12.384465245060246,0.5344696646749472,0.4918593434983889,0.09523550687908566,0.14490134050174885,0.06147189961501698,0.30629438142303766,0.6474376678674721,0.830941468812136,0.6307172637841949,0.723099840264644
13.802732508579762,0.4766023138782328,0.5171381047193017,0.833815800681428,0.1783941282719359,0.5595862607853286,0.7804205634770327,0.9984648078140023,0.24453551001644125,0.8620394237013016,0.7320741635104612
7.351932482829756,0.16816185505571835,0.4267374213784071,0.46854931138248823,0.343508294720152,0.33233562404694306,0.2657195420994968,0.8124267190426713,0.17997209388597324,0.9235138071930713,0.4856985685326688
13.968371421377336,0.31168479736889765,0.6849855358144035,0.46018529031978495,0.6105452722964986,0.32312890060232813,0.7272999696213475,0.2638354800982615,0.5203573245105666,0.5919453530477887,0.5613410582919386
16.709463406155088,0.42935214269394795,0.4175695575998105,0.5232919578994345,0.9572405956149282,0.35738693449712255,0.12253084279822068,0.20805370413885094,0.042253488907379344,0.10309516018528275,0.12633255117317488
10.289254588296336,0.42831873659961783,0.09854903891867606,0.7115244779188329,0.7036963947459369,0.2070485584722015,0.4388886214621657,0.5852983084606025,0.1807621743972755,0.22749795591540312,0.8938010188505039
13.779089936715945,0.6227888064691459,0.2899075647105952,0.20970969259122474,0.5726457858269307,0.19887650275110136,0.15395462857289033,0.9437814385915229,0.9276310646736626,0.5197291011469006,0.7769024322196886
16.7944660128765,0.08832113998032276,0.3331923102650137,0.020039156225678978,0.8653157345639848,0.5221742655850713,0.17315250296213924,0.5747749818128487,0.9886439364556086,0.9344100065099181,0.03076276203900774
17.233128770693952,0.8660153798025098,0.37720368438601215,0.11656045526113057,0.10498389445147938,0.9378339617926285,0.08612664107257917,0.9479452934662854,0.9770419206305567,0.6474317329461569,0.5267738351393896
3.503210567935205,0.1388933820834798,0.42903757939726406,0.3277945778140069,0.1000686347933365,0.009651205374673344,0.9445660950266284,0.4096414228439459,0.2078071542721035,0.07203742675797153,0.9264382323144871
8.166186500883155,0.2396653371209394,0.6802487698976895,0.4181450738281898,0.05407035831349283,0.518137820236425,0.4000020112391668,0.4746844108378081,0.32183339253820165,0.9481149306268295,0.7402374818511883
15.616096983459865,0.45997763804620817,0.3866770443519706,0.7259151332477219,0.693198358260845,0.47238059807649013,0.4703380450442637,0.6127250577139249,0.4489391512495462,0.6667985938520223,0.3848410135274466
12.024956082171947,0.4779731277757857,0.416672335589955,0.48250220027302615,0.4242727068866783,0.3839338572745633,0.279572970641047,0.5745111826920634,0.20794278996206628,0.07252081488607476,0.869998130332129
20.075817365213705,0.6805346868451346,0.7874753809323908,0.25296956182325825,0.6311883503164389,0.5214002393202333,0.18978935376582973,0.4404572511071363,0.09058787801823054,0.37065829861435773,0.8471850054690918
9.552706274034687,0.3370570064375804,0.3735491891240901,0.0693196304021878,0.08043077615748251,0.23710642529012294,0.2933263970925606,0.8906331654167522,0.7164621290834078,0.5874946172013893,0.4783970100752982
18.273512091693775,0.517423750409155,0.41000623031890293,0.2886472860223933,0.706647421767098,0.8262825541137776,0.5147552927821656,0.24336359081268977,0.3676289217933003,0.5000540573757194,0.9144412605809398
15.746976685239494,0.19198366238046105,0.503348183339852,0.5050048984933452,0.8139303181318761,0.923545018357888,0.7484905400937172,0.8510426194007639,0.4647112177902746,0.6980444121319315,0.12290514893544713
13.701701380675614,0.3384940651988436,0.6128583575461968,0.15710429936603754,0.27248295480853424,0.5119549833831765,0.4470400030692203,0.39714373744581866,0.3832744906763321,0.06747380099814793,0.12190642283278585
14.081635878638695,0.8533797280932566,0.04511332075659802,0.8995502256890551,0.7063700196298842,0.5237198732347259,0.0772460013547126,0.2670360014195008,0.9723913595157896,0.15364490529118335,0.567188463719829
17.69086463879581,0.3406405329104255,0.7686618442684019,0.6799364729599371,0.6329277497234354,0.6769931459534984,0.9371415606507693,0.10445959983386044,0.2411410432051998,0.6428601156928094,0.41270507094782793
8.162225245882144,0.06579590234863486,0.5054594209000185,0.28541071475387236,0.6049358638060122,0.029798153059068744,0.4519282613062017,0.09103193368583073,0.8826044927757299,0.23050188888303214,0.9257229338922354
3.128083708498748,0.7215944957502891,0.04488301613457779,0.7481133245777827,0.058284809189390274,0.059661530635637505,0.07507845154393133,0.16935007914456846,0.3496067392270553,0.2432015050944104,0.8948284069507387
6.185100754634474,0.20633217413646032,0.2627523373038162,0.7055826816275806,0.18532857344639797,0.35831231944577113,0.4537611780501798,0.09569039971376847,0.2947224370380246,0.8029210099001012,0.26102901228778785
12.647320725915652,0.3276288447328729,0.1280829669420952,0.7307646962483975,0.7049078903826319,0.6437365237779586,0.5342515100128862,0.9867070138871555,0.012765324139538459,0.1320900040716515,0.7940928061753044
18.506177861967515,0.7428479230565052,0.3978865342254352,0.5161457701844858,0.5656233805087447,0.967432027074308,0.40064716392049937,0.6562530588444903,0.0994824425853662,0.994614921536441,0.6631087160363859
13.833448340509298,0.9865700432007608,0.37515870694288045,0.6734009130373428,0.33908360584500385,0.1324415345029064,0.7160836006949913,0.6366467203086001,0.5593622228166123,0.04861736057597077,0.33060024693287404
12.137228808089617,0.2726723457514143,0.47324300041218603,0.8194302391955478,0.1915767867503675,0.84739145436244,0.7069545851508126,0.17400058426889875,0.39633705452769585,0.04709358886950055,0.1732299752947446
8.656026653562598,0.1858719231036814,0.13521875320753607,0.7807162091537375,0.599562388416312,0.059120612599587785,0.2929145434673941,0.7935020277007944,0.09065508166444314,0.7033517564157642,0.7429085197468833
22.248460918417972,0.9484808823152794,0.6031991682942767,0.0090607313174077,0.44922959094593196,0.6382670928742683,0.16568876340716854,0.07824489480225016,0.8363855365153965,0.1238003465365487,0.7912888051666553
17.729394834290964,0.6014144146697139,0.9659842465182579,0.371383590567235,0.5526259589761348,0.43879589392962093,0.31817819424784166,0.10588841052400211,0.5099743595703039,0.41418685722852955,0.12558707408270275
13.509031670451467,0.8108704438738455,0.18338470600431345,0.3701167477523625,0.591979510838786,0.5496661501720252,0.958403197816061,0.026178152373428798,0.3752364998982366,0.9897456665073898,0.9144686909427319
12.669157343025836,0.30849694464870325,0.23319696300397497,0.9233670822016974,0.6381716852042361,0.0923518556024886,0.37012434717731624,0.13371278497818373,0.4723504769140858,0.060090902048694605,0.6690846409612803
12.818359851578151,0.4718182117499107,0.34482470066377513,0.6325102666197613,0.33508869515252393,0.844949733430419,0.30361057812589765,0.7387888952197368,0.3688101829536874,0.7768604050214952,0.11689211132636845
10.18572216242454,0.7176304878802807,0.07688016180243828,0.42054201994492113,0.4282763472744108,0.81041748715371,0.7034164662070251,0.8929368543459599,0.8148084760209575,0.9299701935642419,0.3392844441267304
11.23929788799191,0.32977425704717267,0.3551116308503003,0.8377058993649016,0.48444214918571205,0.10347794561163781,0.411278791387496,0.7513274194803641,0.052025879137375663,0.6589562429871847,0.33752005358064585
14.601720643937545,0.8249949761285928,0.40276921103440366,0.054470996639832236,0.1638261179499988,0.06996719765040138,0.44793400019940277,0.1241924023478872,0.5478524981153237,0.2918176736972877,0.46285923733840484
4.483645187011937,0.8998534179652391,0.04991251149191178,0.7085657507440989,0.16846233060846283,0.10453854419150166,0.8950410286562682,0.10732889372215615,0.5612354782957183,0.8781519078580771,0.2084117505016262
21.30821676252198,0.6414637817868871,0.6191341376873547,0.7362299479172991,0.875748223283599,0.3904210392616734,0.27270489014476096,0.14083636060824412,0.8384257980202883,0.7039033995977375,0.582629208390434
11.69032963184863,0.17684042726422788,0.47185470397073614,0.7303016597262908,0.5203544055549467,0.5668981370423544,0.6309450098783708,0.47337326097545607,0.8948015024202108,0.24117730051339215,0.23763837304940494
17.267369628785758,0.9486584575082078,0.3529809783109872,0.4086755279539618,0.7019822576504552,0.2793267556475292,0.9726586222837114,0.7635598060391665,0.45645954037827985,0.6689879485510744,0.21651770318760033
25.89264771712177,0.8686556300586102,0.7800262802309542,0.9112644176226542,0.9927496291415823,0.8197029925032409,0.9458295282860795,0.7111283187617317,0.25700011097725806,0.7624887857835095,0.021471310651406172
15.16182628270488,0.40475946792373174,0.5969207587699354,0.6079646408267921,0.418954804271355,0.7713823912614957,0.034287648718002384,0.6707590780492483,0.8424563116992977,0.11562787875270475,0.913117121650255
16.25160793472504,0.6637325340026615,0.8350281961801731,0.8948073438901061,0.07199642363098013,0.5117984277078547,0.01504088821473748,0.8488355903138661,0.040507678146000536,0.4183568345936518,0.43319873913985285
15.506730718521666,0.276904670837369,0.3692381070968943,0.060019456151513606,0.629862191329853,0.4358637861120186,0.5228919383835826,0.1559258088384884,0.2536087164692915,0.5718291573517692,0.9623353879374495
14.17294166907419,0.25103674010586297,0.8308174050340295,0.2862706709686522,0.4453056131771457,0.5425754064435484,0.559902254360945,0.8833664723327646,0.3361670727933169,0.2768446308498288,0.5872427546824606
11.22198002950293,0.7398508687309666,0.3274890517236364,0.7982409371157749,0.23417442816855383,0.040695153213519464,0.7894023465436032,0.0752849696826523,0.97328154020487,0.43801999761075794,0.2544077708794463
10.93363397757238,0.36782466455322504,0.26940500967072367,0.805538863188921,0.3062811673340825,0.5881320849442421,0.4225108049756163,0.15877808309132757,0.8288131686710335,0.22426382555658209,0.7055648115787166
14.778982720868248,0.3905963289106371,0.4751370133290316,0.15941554090970556,0.639465717944056,0.11174878637806218,0.9402961011366661,0.7085093311032515,0.8402090215321741,0.5539194892234005,0.631282864316927
13.530874746293527,0.8744498010457803,0.4371494527148806,0.34514884901217313,0.0969745701588216,0.5515649375140339,0.10491425185749281,0.3634770226468026,0.2919999018802598,0.2229758100993664,0.7054300711078456
14.442697413604458,0.08868900260777934,0.9608475497323924,0.2837939796215583,0.7195007909410444,0.7334989817102714,0.9652359990634313,0.9437499862701731,0.35424347511180443,0.9942834038644067,0.5820718519330327
14.454993311142779,0.09858399080416924,0.02015801087354785,0.9852327072615357,0.6474713282332893,0.641766661108974,0.9220368068438399,0.3513432781378244,0.5290925099900129,0.757696796783372,0.6853619794861203
11.675241547398633,0.8380046933128287,0.19621346469867973,0.9558712043980285,0.25714068885888675,0.0016998882986885011,0.23760945486795793,0.8439511245656829,0.0010983351165160249,0.3515393956302665,0.0650708604496898
9.671544623020786,0.364966956958386,0.09022694834270106,0.03443359478583474,0.06087515738785343,0.7390147827660506,0.5533687225908505,0.6065979505414032,0.4803885928047671,0.4335105772327793,0.909866002660981
14.137997489358805,0.5221023447314863,0.8562093986874171,0.7870741734712658,0.003303761719835707,0.5189752547206379,0.9901354919777213,0.6610207432503221,0.5153420493084511,0.032501451315085195,0.817268902051978
12.540446309003364,0.7253661932073672,0.6320209051515051,0.681474808995614,0.03814488806694516,0.31708457260911393,0.38367536587778517,0.8843554021582847,0.3082300016497349,0.76254548499161,0.6403016036717859
5.767414646262486,0.13588878015362327,0.417818903413375,0.6196608802710082,0.021093311639037604,0.6991702645758354,0.18207876653489785,0.5160350591995001,0.14715813356450802,0.5643446466800233,0.04957921560279088
10.944445834666304,0.19669640588922688,0.35669157523011774,0.2811733748078814,0.7031216748379304,0.15383822480645815,0.5866989872357564,0.9779035324744312,0.6214828063881157,0.37454418048823823,0.00936133290855623
14.502257887656334,0.23709702147278655,0.29923249338789737,0.276016466175514,0.6625789313550937,0.9325269863027189,0.6392696168797868,0.5103246493904429,0.8318902590643945,0.9313167580779154,0.949734837035924
22.076013431502442,0.9688116595357162,0.34538709467682405,0.11344592606962633,0.659415056147061,0.7626129964219773,0.8056261549174709,0.5158679768839214,0.37429700679212563,0.23978004906101658,0.5132575082257631
14.182369581047624,0.8364708784846421,0.8014222148810402,0.07074952727944317,0.020249214548943573,0.33864041523813826,0.6848567403236815,0.40991371288395406,0.6454449701321074,0.5745412681087579,0.49346759312933275
16.755552838624602,0.8039164061947807,0.8023158787784544,0.7337813038227364,0.6148590413723543,0.10670843829964383,0.9414551158500494,0.08120150026750894,0.03867081995287602,0.4224332362445119,0.2895528716384582
21.847468927155912,0.9783863655610539,0.5421468981619707,0.1807471060783179,0.9448186289814898,0.08129851305376345,0.5624875447158584,0.560369369429786,0.06759049430914599,0.6914913178435286,0.985973255498233
10.552927621974062,0.7423045578935188,0.15875948626097403,0.1428481202427878,0.0719376543933613,0.7328205157921341,0.2925249332967884,0.43492711529907513,0.02275733460923468,0.6490189566569743,0.8505593740766489
8.629765273244496,0.17081242858633705,0.7949900517513009,0.42959322067937566,0.10626445299422549,0.6660216470706268,0.3313171907493494,0.1205291727377713,0.2912172298604533,0.5259525290908547,0.04201834962121509
17.850921042222765,0.641531669039252,0.8272949875216861,0.7663928124886414,0.4574520691665658,0.3807360978098351,0.32173762710404774,0.5383533954878041,0.660870951664917,0.2279792167208714,0.03618632759992968
7.843673473417073,0.8175021811018791,0.9919632845475975,0.5905768394061135,0.05570501333236433,0.30519016788280806,0.9293743482897805,0.49385712529552417,0.42172268956059844,0.4762741447861313,0.47293517967921517
10.756033995519449,0.08334227414780881,0.7688975129915359,0.9463620976660152,0.44254113133741513,0.0692453057149729,0.5103976082384719,0.9515434070768631,0.18527423558292877,0.7455813269124106,0.9300489926583086
11.603458840579538,0.14068870928578348,0.6311969073437633,0.9348037648610773,0.20415256635678325,0.6054177983944294,0.22015084064434998,0.12228503586243333,0.7044939245512069,0.9475681708410543,0.08087594608630033
19.166080527214515,0.7074673853088879,0.37676385281230895,0.4979666583522483,0.9615915115628432,0.4242253239109587,0.2289354057908417,0.5744925078181641,0.05671836175720757,0.15150262479157806,0.4554090083421024
11.559270443468698,0.1443289852106342,0.38061293913238303,0.09725066944530003,0.24939368812574703,0.8207921647197546,0.2773663304849242,0.13245685708725374,0.12191391822578623,0.566558274140629,0.20871744423009042
15.046902698336083,0.30615406467201944,0.8980476606206939,0.5822110938437748,0.7145101360385073,0.032754700741663534,0.3729552245002422,0.4190162507711911,0.7477709630664704,0.600562021735308,0.29795116880715344
8.555192519379807,0.9038021620455654,0.11527311513852945,0.14965020507656535,0.09446756604340001,0.3881408585821684,0.8889193186632337,0.5122332300998156,0.06423161779275777,0.4510956579292028,0.677043894731232
19.017337969357012,0.9198606592732443,0.261501503964221,0.9532488845530969,0.4275866504777206,0.7549678978164408,0.1022228466729923,0.48458715375428973,0.5572849365595989,0.5766791601493922,0.6831805683978515
14.921314077423952,0.08387005767479705,0.1159536386880412,0.053862704050529175,0.9100724133499729,0.3068693289290142,0.7647456103917432,0.1307511438028477,0.11916062942404837,0.8459575369147052,0.5638402270164632
14.177408111255591,0.7830425886278856,0.07966532402330206,0.25039500096742495,0.7154640327203088,0.7658935451584715,0.9776609792749469,0.0208699800618396,0.07086820159059248,0.23627013047269496,0.9567179726601706
17.2330705493567,0.5396744665059114,0.4056475469123383,0.658191816523649,0.8046475675996481,0.46761983723359557,0.9658060427572422,0.07791450902039376,0.9485384857598973,0.6935827177948352,0.747180458768129
17.500880153338002,0.5620390813512643,0.6487774166230288,0.4200448176861944,0.7636093304324434,0.12551598281918463,0.7871636301322725,0.19898898618927052,0.5586581516119664,0.26344426526656484,0.8468833714834514
9.539312950008831,0.007914379777436698,0.5696286589297966,0.0630552026984218,0.14177027146593435,0.8323137529853367,0.548789173966709,0.06934647256629567,0.9593774784007366,0.3870208618291565,0.6481875700429737
16.34952130430876,0.15041492651018518,0.4442293053811459,0.019450279516946223,0.4741682199283165,0.9810978597901543,0.1046916624328007,0.33849801482637687,0.47010104452441037,0.9384395467023097,0.1631793265342093
19.699525623897927,0.7176835986671435,0.7155236111153391,0.7536144945122943,0.38452266853396444,0.9153822207896926,0.18584078048912045,0.837038106635708,0.9369406544666697,0.6996797014219609,0.8630189278409327
17.099965264211367,0.32113376973408625,0.24159943452312804,0.8472853226545545,0.9618008753512546,0.5312900023307535,0.203089596709773,0.8447038925167151,0.05047701183585984,0.026491696952282262,0.6324403096656178
14.087105855489831,0.08878750710589856,0.4996995716885393,0.857847926906293,0.7370141926148733,0.5533074060253207,0.05005284393453546,0.2883847383585617,0.7019361386113216,0.8752235925727658,0.08691593732141356
20.14108597685373,0.8726865071362239,0.19671942371671014,0.18769730588691202,0.9366369921310598,0.7376871942806347,0.19370981146767252,0.5435372168296694,0.9706608062301744,0.989265907033069,0.5739239954776577
21.22816479201328,0.7741628971638089,0.9182919047472905,0.928066574541214,0.4812407419466891,0.97337877167456,0.09382705378011968,0.6264812072628955,0.7301064193916541,0.22827264443212558,0.00967767679148479
9.34603729876657,0.5260230353327695,0.12273693391085227,0.13053775288615732,0.2534763528857852,0.41336319650889897,0.23913511274121368,0.4773699070138835,0.09767771017502669,0.25342389432032997,0.28163229457971384
20.38215435239579,0.8716229700265615,0.15832800827140148,0.8717596841291442,0.9862960751773002,0.7108329337351712,0.7529070543814638,0.43021095334774084,0.012992174077072427,0.7729106077321534,0.43384682460337554
19.589568363344597,0.7374839235378358,0.46357223772513967,0.4097990282046753,0.7081839200283031,0.7107363165356038,0.4567270827825768,0.04165315783113843,0.9355142082863356,0.7882727370311143,0.8985652162800424
9.42614893004985,0.3104722793081244,0.2938746312788527,0.09925077338323607,0.31443371519774743,0.04850327615529404,0.8631644078902275,0.23892000580865091,0.20978021885531128,0.5580979124503263,0.38263393129000867
17.562203089503157,0.5620223472017206,0.18770385415166502,0.8953613412559855,0.7851635343602251,0.6661020070652794,0.7921513973560135,0.10527027934919242,0.8368185685604265,0.0003547550515207165,0.6775408036724546
16.2817655185286,0.8132326073729413,0.2555537220902313,0.6028398327390814,0.8530448195402868,0.29297386403236414,0.06872100414635629,0.5547708816616708,0.14598559588905557,0.23942408573657048,0.46146352992071704
18.838988244363236,0.8747779781600963,0.7453024656605453,0.6446316621049407,0.7249034577165879,0.4579700240650242,0.41509294930757623,0.18746910296545305,0.8395321237936485,0.7506048388775071,0.305254719284483
7.200383633621506,0.10413496613823359,0.19845671299578038,0.05394421879577094,0.09104563139721145,0.33236354401017065,0.9080829236542413,0.04878889441097911,0.03775472329383733,0.6665925116769789,0.1608671151267561
14.612204023866191,0.22829828855852352,0.5611066416923626,0.6149336346152844,0.8677053413649668,0.3508674821376313,0.6385453754182201,0.4508475641244265,0.7089048779585486,0.19366928374146608,0.29158507344739815
11.841210450704823,0.8212185156313951,0.5610820093359651,0.3874550103681911,0.11760112655317612,0.09754365090551176,0.8657252910357887,0.14875401591027348,0.898991527079905,0.11059034656092215,0.24899683680042062
14.136844854745489,0.624106250572777,0.07858927908994118,0.15154692947976134,0.727809245528591,0.579112345514515,0.8850718253111388,0.13331902366714565,0.06899573571052553,0.9505819705330599,0.4438686686797434
9.456549588022213,0.1386705300286294,0.5383592791744247,0.7810527610958033,0.09255636104466236,0.925454577432016,0.3342512222052809,0.308132499111473,0.8301471616608087,0.888209088922337,0.8261668997230711
12.802186217501337,0.3959980437085663,0.26208886313661617,0.04895183585594787,0.12880924970550467,0.8484233238011536,0.8223668555755029,0.6998181884091078,0.12827375178684752,0.8991513118169018,0.040804121968409435
17.06936817880815,0.9825029289096338,0.5463934829708981,0.17243443233303213,0.49491184586087567,0.00822814394786986,0.6924160648652429,0.7067193394937631,0.8079271144958635,0.667178724741441,0.09371334579757784
16.64504581039503,0.8590750100292942,0.8684948529116109,0.6865737705056455,0.8292318473106256,0.0998819162649579,0.1398913603165095,0.8830723497982929,0.8445326666865115,0.6077517474907967,0.386523606064869
7.949490593703155,0.9906921353855999,0.04892681605723703,0.5891379468366696,0.6101119154527327,0.03451279088042647,0.14421907356392893,0.7051242177545611,0.06365157614478811,0.3611996528305005,0.013138321660858043
19.65747468074936,0.6863175953355299,0.41127829973961116,0.9436959376598313,0.3034489079397481,0.9870638792157617,0.3616142527927442,0.7510917050606369,0.8215425554232106,0.7296452501134663,0.7169357514831877
11.716923719581692,0.7891681752979041,0.3141804260856791,0.8467874280819833,0.20612515890504057,0.045051335918533275,0.04890252819628471,0.015523207315121024,0.9140949725487358,0.45390595776731,0.14847176445960375
19.771942674841622,0.6477392951471628,0.4536016279580405,0.8389883299589849,0.6864587507297482,0.526928641243652,0.2441406319521079,0.7229862540272621,0.8877793791556979,0.10111160223402038,0.01985996657797162
14.434779445522825,0.7268685697733143,0.16550260104212278,0.09535746889239893,0.41051691906206467,0.6729863219989368,0.8092545000857472,0.46150756561207984,0.3821006402406645,0.8861031703700463,0.5753648630125545
4.754439674819357,0.2196684234537799,0.14956323397272508,0.6017874839163153,0.13888430036943555,0.42561311883946096,0.7539576288330775,0.7017689057652632,0.5429856297665672,0.08410630695446031,0.445138640547057
20.797563750652763,0.6401709907779363,0.5519105434265547,0.960862644779441,0.33375526432205405,0.851046491176559,0.438500907100964,0.6560642246494407,0.5112253954075222,0.24390685441637805,0.01861787590524666
7.144932107545408,0.06927426386540725,0.43246152322033327,0.40582014586523774,0.17189387771530829,0.8617625461078844,0.6136271806514672,0.9768069064683239,0.04482000848602763,0.02262696147015475,0.13768358917695644
11.455670358158583,0.2018827779607434,0.8671504267472057,0.7283868439680783,0.42490464290781993,0.18734937367402205,0.679974309847057,0.454496343309448,0.677212476790483,0.42034470427276716,0.2634949655816585
15.137826807297376,0.8924660636927487,0.3608306867939852,0.1747714190706562,0.1681286612724595,0.5727605130638997,0.5319476713671976,0.9060354075654234,0.5272557725515317,0.15233092398976156,0.42178273212553596
9.0928135665975,0.4890421595140825,0.2537225788895967,0.33445072637350737,0.4018720886459938,0.14516309438124342,0.4361003149322522,0.7069556406521534,0.9697486760188102,0.16227337010221465,0.17143605371589055
13.68756626624248,0.6308715479252475,0.34445496514046514,0.8592468952295576,0.4547978706370016,0.049920029189253534,0.03943410360445421,0.7534104902168064,0.37958795552482627,0.8703144425835168,0.19822143530631475
18.066905825270332,0.9916517036731428,0.4465531521625081,0.19013701252341098,0.18751238216313948,0.8864727928898914,0.05826962503545052,0.26509652104299475,0.48649414445885597,0.676407316772993,0.7831588032235338
11.79642867778333,0.4075973629806403,0.4603802032562021,0.8991176332066477,0.28737503160468336,0.035433417579152415,0.5146510452037978,0.7247841772911642,0.06171133027488429,0.7770976868089714,0.20242156092868924
17.95071830020349,0.17442545835089351,0.12088169711750263,0.999327893613898,0.8725694739580476,0.7153081997507077,0.7679028162147996,0.7903923152347833,0.061405243636795226,0.19608566562177476,0.3308450860608507
13.835374069227562,0.3069537330646027,0.8619733479002547,0.599321274499092,0.1550457509500307,0.9400144436368091,0.6482301208102228,0.5241845064765344,0.8117585373697687,0.748605483339688,0.9176546784685758
16.81937409477661,0.8215411679413355,0.35080357548614316,0.8283310176515821,0.508998375357441,0.34132169312821903,0.22719296997043203,0.14235204495944465,0.30418813135130984,0.3167365096137783,0.35668218359905735
15.279480513112416,0.20807648075481444,0.6243084823201716,0.5771688254858707,0.8306085470757182,0.5771172374082408,0.47788838674800305,0.47879086978193863,0.7002517811909089,0.5497436641390461,0.06799080013795633
10.218362811989511,0.10775478044641629,0.2525206925174702,0.09764109790436037,0.4529437319737266,0.3194550699242975,0.49927582008511484,0.03558171793178899,0.26979477736258906,0.5344706555882323,0.7681915756946502
22.63673743683425,0.7482341052239567,0.39654651183800627,0.976141806946325,0.8187204721496594,0.377266597886347,0.7076152112475758,0.12143665414160609,0.7133191318603687,0.09452892145149949,0.6242131213447452
24.543553441051166,0.9211485751164192,0.5018435997256301,0.08768488789571116,0.7912071250454632,0.6603130231482577,0.8233319017605278,0.08781114914042809,0.020656722477218392,0.8214914911644133,0.2506469853875445
20.321705492484902,0.5857156909477945,0.2618248185809512,0.8820785807569191,0.9743940641204687,0.6049046223593226,0.34260268796701066,0.12373389407806734,0.5980931917345264,0.8324871265744779,0.724263400090108
16.937104561937865,0.6868906478308633,0.5484106046498224,0.3766873055171289,0.6334758031669201,0.20782940207264367,0.13663455201102048,0.21004087051814546,0.298233421696543,0.7961411988012259,0.6864677453844877
10.346038429788647,0.6038849188139601,0.04010548263534197,0.31537068673197866,0.6663119797466335,0.44820550749759813,0.9928017386476513,0.6678225892778591,0.5876371277641379,0.24950449691894583,0.11754382101345362
16.753892811303317,0.5802277971257247,0.34993951594732253,0.8403922394022705,0.6992445148602974,0.2978290358271459,0.44444112220090726,0.8117310613913695,0.5256485493427985,0.9642488045054497,0.3157998786695121
21.352562474043058,0.19893150869614862,0.9329345546613232,0.9754123856912275,0.850663138499543,0.5639759081421649,0.06229783745228046,0.4903327991492863,0.41219201094780034,0.5623914392454499,0.07561503502605926
14.87865843236776,0.7479788608508278,0.3553044178034972,0.9355384831845561,0.10161587245326309,0.5312522894772992,0.88292211211187,0.8816453351981196,0.9524679089672347,0.96571846546383,0.24161820512187415
11.880287214472919,0.9048224118770491,0.9308793671469325,0.18114983348723213,0.2572471371431756,0.5039752308599644,0.9884289728044255,0.9529818341242028,0.13981826657359475,0.736908162326302,0.06596576790584996
11.969156868673126,0.23061598060880073,0.8095160295916103,0.27206558667958014,0.32511787857505126,0.4288879782597611,0.06730981996959651,0.3559632562520094,0.430601150407,0.9939992393316598,0.0678497653797776
13.276493539724914,0.0599759135920932,0.7432616367261913,0.7049668173980624,0.6714127236007332,0.8652517817825022,0.6101984951526899,0.9036845682059196,0.22847495889438407,0.8232873479026006,0.8000219030209255
9.521079390363507,0.17047446076913486,0.4796805479826989,0.3422823320028461,0.3304621755088972,0.6356282534698774,0.06659563359989984,0.9835618927882864,0.419975402151482,0.9951838052407775,0.7634910948085404
7.018095934755375,0.3376410129576717,0.03767154820686669,0.08547878198045089,0.023139431372336094,0.5901315078532627,0.11563995583713338,0.20248324145576801,0.45212442057628743,0.9151986716313928,0.8045020294683011
17.42506464921894,0.4110310858773375,0.7641706456440145,0.2603145103468463,0.4811951775064156,0.6243299538741507,0.6477906964664917,0.49808585962036256,0.7305445996579163,0.6553245133716068,0.900761260078194
16.54282747003653,0.24094167330133698,0.22149885325605512,0.03814653127936818,0.5788278029340572,0.963921238222538,0.8218880370485416,0.8748503349616867,0.6405410886258337,0.6708146369958338,0.6420960116888609
13.858452930029284,0.43159246858024425,0.9592574940111364,0.4260073324594952,0.06989464769906606,0.6825403397208684,0.7010185144636928,0.6168794518739473,0.08959784874880927,0.5024573198199248,0.680766643257915
16.2148871109517,0.7426049485486875,0.1838271481051318,0.7749593478376199,0.6731577576349634,0.7625794445137796,0.15436435428282014,0.2715810940272897,0.7175871422233462,0.44648286790541614,0.8782593724827563
16.6443690156228,0.7739632934855253,0.7774790504879009,0.266109058849579,0.28495475274762594,0.64143866738004,0.7161801449488261,0.6569931530822543,0.036169562404683275,0.7919244914806299,0.6300165505888422
13.039294345174142,0.2845192827292242,0.4549545920987056,0.9731442508617046,0.3036163129061227,0.3140796010504423,0.6522631747369027,0.07309060680430624,0.32864964908379746,0.8748505820318965,0.34924999155305303
15.171165927843193,0.07211687680616508,0.8921663337187508,0.09629216996056478,0.6785457094551525,0.6237072018183292,0.3317723073870523,0.8488154742392294,0.1458349490566455,0.7876145566949637,0.49512979570313875
12.309597825307495,0.9165426942189627,0.8416284934837943,0.2292834448102714,0.1518158783571052,0.5490706974068477,0.10436678612589467,0.5096646879202269,0.3400564282949493,0.9462048975215183,0.4717795347724497
15.66036058869297,0.3523691840074207,0.46739661430426793,0.07643156010026464,0.3002135851772608,0.8247454386607289,0.39982056126263843,0.9211259881636522,0.3232563035913576,0.010914837553514412,0.2547157256723065
12.890738401518961,0.31405532647890333,0.28133519606637913,0.6975285546723382,0.798340567079747,0.2773481697897433,0.9106399388336779,0.7690834262574621,0.37974394976368187,0.4051886112838131,0.037249571366200995
17.835184140281434,0.37764124729899995,0.49772190471068245,0.8789017761967047,0.6123926528387866,0.6544411508284418,0.3341696351205713,0.36841939748103303,0.2933607645409555,0.1855960070319458,0.4005373043879896
17.174872940427864,0.5595839661195122,0.648932121763917,0.2744919692705109,0.34834964521355916,0.7169145295449108,0.37041415139879086,0.8612523491409779,0.717979403494098,0.9176598917932242,0.021191942577318268
16.754508703067547,0.538517198613331,0.3737801354114807,0.3425912140066446,0.7068199612005122,0.656048594357216,0.5166730154115655,0.323435581272298,0.5604525931996813,0.051024518122542495,0.6852981664577927
16.673726529642654,0.24581258260215366,0.9276182955836435,0.2661377900763793,0.5028541264174002,0.7970034497068654,0.6060523000352109,0.7797288158017301,0.475997921488707,0.15451736076109035,0.4648529360022339
7.650443401367227,0.3554052769033993,0.27358152922879686,0.4889684468653078,0.04466840897625868,0.8387929783179866,0.21873347266276844,0.3981873956541192,0.7735921952405325,0.44379754848235553,0.6127569823169771
15.089137005345838,0.0665968232350358,0.9450002646018674,0.14457213742598218,0.7082306431375439,0.703195370552302,0.23776349884559556,0.053730440302088844,0.03513253446317022,0.4502493005208187,0.5748209845392911
7.891995921248545,0.6704232286336634,0.22163911044143714,0.3305191075711109,0.23426386284999023,0.09488666924765521,0.1811842928506172,0.7465188860678211,0.6307856217620859,0.9420999703526846,0.534507660903048
12.976646376730537,0.85210610139835,0.31411533596763697,0.3872049278787898,0.2599435625287908,0.5340942865543316,0.5019754247684732,0.7904342798133559,0.4113193892374778,0.7643046469235338,0.3451471742267993
15.598044958757912,0.7055615847755723,0.28068481260340183,0.07141298646151628,0.1724180090355214,0.8744383079318485,0.007619720615973602,0.4329604990086029,0.5708926556908527,0.9111964858410181,0.7021359571569441
9.677351266833874,0.23809703376543467,0.6980162391418595,0.6278129054673312,0.15965556517976498,0.5533789446269208,0.52321720513973,0.583003522665029,0.3645013574736625,0.8406545046497488,0.9991040836168227
17.93005191766871,0.4973675146268435,0.5857284594757272,0.7028270300473723,0.48377373723589445,0.8685190981694544,0.3376052813302094,0.7122456771249059,0.9381795612728983,0.6605946338540453,0.23722594100670658
11.102907162150018,0.5347293276709318,0.12415261142909118,0.058158253264380066,0.061788813539374376,0.9019964579714812,0.34748003097836155,0.348699309847432,0.6063604416308719,0.3446020311842737,0.3674229667724167
10.157379973761232,0.261950649352945,0.2461323179968209,0.8145232560389649,0.3714832204804839,0.4904690850820682,0.19561524697494637,0.9594148161525606,0.23817925702944998,0.5514974602750468,0.3509783197849493
20.144832523438566,0.5173789296174249,0.8126602130267971,0.6740259971741991,0.5478778367165859,0.8741980170308727,0.15953894175875716,0.30855156750131474,0.6734034329882785,0.7266430534153717,0.8128469464941227
24.34977142484528,0.757689580253234,0.5903197205125116,0.1373105742392522,0.8218002477502807,0.7275491546955617,0.0009858670290916471,0.5925791709170225,0.8664506088835641,0.30124607710393836,0.15812360092310507
3.4134884704394928,0.2333508891913202,0.051984834067811736,0.40108090099188387,0.2536529976736662,0.060050712811779317,0.6023431177639883,0.24002360631234632,0.5598179365398601,0.9932701399621102,0.6354385214574233
21.18655905003379,0.7051863596892468,0.7212277064394953,0.7531552816079123,0.648330889177694,0.6850295467205701,0.15973649279991953,0.21142726369596343,0.8335604763916381,0.06989189105898153,0.7800447031506975
11.227904787081407,0.6056308045812889,0.17390219939983076,0.3290049290760949,0.5914021248545307,0.29607958122856726,0.19939310689184353,0.6677201367657539,0.8600845435434065,0.4186876134577946,0.5512515736446416
12.358328982172688,0.9287306477513066,0.9514270883698853,0.32388537164857567,0.769420258729739,0.09370281023050475,0.6424554432652951,0.204555938499826,0.030277924618173135,0.475307269834751,0.44689707834105674
18.872953017396974,0.5984641699431368,0.6111767087384259,0.6957051401098737,0.8231197589430874,0.15036371708071516,0.07661106834809206,0.591796248666398,0.5644362391909968,0.9271739910528979,0.7923061781291499
11.351851701334272,0.44674028786913267,0.05294042920634956,0.1838132176969638,0.6401584341392402,0.4416925922876095,0.616095714079839,0.8411550718886471,0.2631950919150543,0.6275834420046821,0.7502946179277444
22.520440731375174,0.7230507863295582,0.6571037602905141,0.5222667117345315,0.8476441961515645,0.8129231446139382,0.5365240811549303,0.014124707083720156,0.2982809181480932,0.24448960076400195,0.04137179001285707
23.5879705180994,0.9165371850904281,0.6539629284998019,0.014345724139680494,0.5756585827934163,0.7195260022441284,0.6875930433920044,0.8666584327018948,0.24028338023431672,0.8372710600172183,0.942845730339684
19.18805006533351,0.5093539492157337,0.9760851022400313,0.5911803129386496,0.6324795230455439,0.5394744568361163,0.7114616354324099,0.14537396636706768,0.01405598670346464,0.35128120350128633,0.5522186355384877
9.24272672701991,0.6224042721390641,0.1576159010593864,0.13825583454108825,0.05605659569656163,0.6063226544660493,0.9881887296938183,0.227731662555826,0.5131962403106529,0.10753710166372477,0.5277063884622138
10.969113661859346,0.3258757044489755,0.34917499793859996,0.7030741123296687,0.6579734025889841,0.013100648650268498,0.7340928100274562,0.7848662718765615,0.5617499757855352,0.1803815300061279,0.48904191863488
27.173323432081084,0.7926620133002226,0.6055304401635598,0.9907891227749022,0.7471479974433348,0.9808268908181742,0.693287990001321,0.4778637749462077,0.25144466900235785,0.8935348512562555,0.024673763551371075
16.31507558903613,0.22899141531337197,0.9953296994972978,0.8646871526120555,0.48906584792303676,0.44009492841127607,0.38144437717435165,0.4903135369365206,0.6475900477153086,0.16671521258133548,0.45435370609026615
9.98630253097071,0.6279976513547226,0.037025022603150104,0.3435293559089143,0.7927713717757227,0.16782111922862442,0.3089905893775007,0.4039366333529517,0.26925352957063586,0.5505326757897455,0.2240652075473042
10.403263760688052,0.16729682541074176,0.5863231585533788,0.13777429204377645,0.3589256452778269,0.23136217690499317,0.6828532242053188,0.6695225588361251,0.4606211549655078,0.3633213116446675,0.15818623123686426
1.3656560575836445,0.08651227147317675,0.08086607101460364,0.3506812720467464,0.036811772198237835,0.06637029265862804,0.9971828187735604,0.5308516431403963,0.19299463158383767,0.9059298072253112,0.9800850592154714
15.06534400442077,0.31220332101642867,0.7365658645705904,0.08715348735884632,0.17367143772684346,0.6615297271189177,0.6421622155956684,0.4668102932437259,0.0983681414002251,0.8434150738132307,0.44754202845198965
6.43443980494829,0.03863804866298137,0.11543456900703164,0.37688201824243084,0.4980027679064153,0.20222713987846908,0.7956147054770089,0.49426782033931405,0.15767240976778052,0.8659261416510199,0.6164665507831764
5.118699497407855,0.0046261586894927875,0.018146220531139456,0.13567257005729527,0.1468944885260285,0.19848556118550753,0.3868960255670253,0.8178906287660879,0.4832745490413488,0.5339996161284939,0.02916221946189801
17.188609419723377,0.4282221272153156,0.7821158107259164,0.45151347635396166,0.4360724718919504,0.8191614308853757,0.11249221104873142,0.9899959505567597,0.4337802057758887,0.42819379446067196,0.8686496883672461
12.150616377308408,0.5628390681913247,0.19795232074800284,0.050608443245119594,0.2113279189337831,0.5138203687112554,0.4633685904315179,0.19779389607599074,0.39171496239201675,0.3961346440443817,0.41685709705283713
10.732801154420853,0.13645734127831366,0.41457754607113284,0.9603471075696753,0.07258510710537613,0.8001271958061351,0.7582787216028237,0.8858106172732303,0.27592164491090077,0.10000641744401784,0.22852471657500373
14.314553501375135,0.24138186490575897,0.7047685693244312,0.9463706370640774,0.5104313230350209,0.026338241291353537,0.06580229096943724,0.38856297302894205,0.13394365509676054,0.7396392792340186,0.222612971693543
9.215672833902769,0.8319686871485321,0.17786895044802198,0.12497213640506133,0.07936653364936908,0.22515595151764156,0.4414143749003716,0.0060523401517454944,0.9005025586148984,0.951697933857907,0.5137559504710475
11.576685687984739,0.26065356438964893,0.6191026550536409,0.4899355432117575,0.5239745703805744,0.295933990250821,0.6796284801281688,0.5539252003535079,0.01644831159461324,0.8151892441582772,0.36404653136071596
18.997076548935876,0.8074315086517906,0.5560406942880254,0.3339859227212373,0.5354451238581097,0.6439336585566626,0.7420945377256128,0.44297220245365887,0.5054551196424992,0.4343003017361564,0.8259909160214505
10.819132307888706,0.5023673760594669,0.2988228217906146,0.5853703944421131,0.3833103981756617,0.4594070204687566,0.12247210971010003,0.8616442186299746,0.8881028446985806,0.343764862861369,0.7634832158966862
13.18028567553457,0.41823841629737546,0.7599900057405758,0.8564036905496827,0.16325288026002205,0.12005415634848182,0.20541295314858232,0.6838966791269246,0.3126276714404621,0.0005198866533766555,0.11227989087171941
12.930583084526017,0.3208455918039259,0.8207795633501991,0.7117044233794245,0.2793296385348639,0.375944856465142,0.12962399635106625,0.5498798625590166,0.4771251027639508,0.7022173021752074,0.4218580136827952
21.710974924100938,0.39458514566935665,0.7831427887289176,0.5991459825810528,0.8600243104098069,0.9321467633341025,0.16726135300229628,0.8998519969531737,0.5576467123438087,0.9386338218739462,0.12895189400483176
8.476764771920179,0.9468860418955072,0.06628763250940006,0.4981060616091594,0.4705571266021362,0.3623994938924877,0.7021796674507597,0.62740590006184,0.015366492191236536,0.5666403521721728,0.9653847611316877
13.173345646216038,0.15401747698633206,0.1809188262874889,0.07205624790693066,0.36983295848956277,0.9876044863614645,0.32048416839144345,0.4889788077821805,0.950139393831304,0.6808658058467065,0.754118457884521
18.44932942963629,0.2957804335703075,0.8985560488137416,0.5574930673871222,0.8527040198276813,0.4886997640089511,0.2479876117207357,0.44161672727579093,0.6833282785040352,0.8383700138252204,0.502711695881727
11.635006163251974,0.033648227502599104,0.049047119692814944,0.44449435800618287,0.7072945058491854,0.889719315899139,0.6641355810679259,0.9555273674912552,0.7827447817437907,0.22813241254349081,0.19682598535111884
6.808820440524409,0.6780776966102361,0.0766611398102498,0.46886970104974124,0.2175563584483048,0.5976109544923123,0.7090146369400127,0.08657612621793864,0.7022207650573987,0.044254845527767706,0.29455071238759745
12.451505113051264,0.1370263370634952,0.2996851470222953,0.1369834715373085,0.463489499428584,0.778895653226968,0.7223314317465342,0.4527594296863866,0.11590477598840221,0.6986078748039636,0.5893327117139787
8.857497469783603,0.16624091915056904,0.34919096910545344,0.07100061976386896,0.02844304400357056,0.6157321166401207,0.4837624778252486,0.868306933576983,0.0574483572700093,0.07576249020333836,0.12293273922195047
12.347217032728617,0.40806014204454455,0.8078346243531676,0.7932183150551969,0.04769792888250024,0.3097917190629571,0.41043863634316025,0.3871484224057743,0.5378318628855043,0.4743814495689582,0.1242164321763074
5.653696207710352,0.7040210228489192,0.09465673840555322,0.26987904777236316,0.14010890982936552,0.22303726981212257,0.08155624978108245,0.837939690380404,0.9393379193009482,0.4258161076342656,0.2234218626092993
17.103041877557423,0.5268541740219402,0.9435368955922286,0.37048358442454343,0.4911465172198898,0.37129997305994267,0.12344765884463438,0.6977388943413807,0.6651934500633224,0.04853004832768226,0.9033420670267636
16.416488975549225,0.38186980725573727,0.48732078194437256,0.6035960735054615,0.6494600830485985,0.8376694791495204,0.7993597710773763,0.07322121422476247,0.999406958163582,0.007003114568908897,0.8103580532823009
21.14583015909073,0.9986887494616921,0.7903056257623543,0.842763297661534,0.8105179233954867,0.9087450823268255,0.06503516409820043,0.47210012225751474,0.9086406288909444,0.5802346196792864,0.5677765324722097
11.45235666076251,0.6799817331260664,0.13517057302692725,0.18176929932486552,0.2089349000967754,0.8980007413985096,0.5061338352265685,0.829921311504184,0.7110476753944599,0.21878734651364262,0.45957687846621653
14.087938608312843,0.29675775299627793,0.3068528442281995,0.18681288120154094,0.5289912761321264,0.8028798620602745,0.5885857111970608,0.6591862831292093,0.8597828833316936,0.5525269360307318,0.056689984920669234
7.906793360603711,0.9464708734119804,0.12019783626010638,0.4393038518692568,0.06887002026575662,0.729204305321491,0.02079133127333621,0.39565036913446194,0.05276349803539293,0.5321979091320024,0.3620441042145054
8.2822052858425,0.6004309724489556,0.16469597009636905,0.8168143787296267,0.1149232808761409,0.41372044188341883,0.30840124883666054,0.7856670257605938,0.15319285371990865,0.8654720809351787,0.9533602489131463
9.351772988754224,0.7427234777220044,0.2767042303010344,0.39281296319753667,0.17148992513352834,0.27799333814293936,0.5609411530987412,0.8970918458704921,0.8988514480975796,0.13895567123681873,0.8279344427273679
12.04121535218855,0.0011795792158346696,0.9997739871445129,0.12697671684623046,0.8099863800549331,0.2242750084803744,0.4196813492267566,0.8059711615637766,0.7429281751763954,0.15216188568397315,0.7831170324018479
6.55224312445527,0.11905985318763712,0.01655222740046436,0.218566201899559,0.04208814921534265,0.8970701652078287,0.8523901560120285,0.3209156116202372,0.3673836757372265,0.45943054704512043,0.6932045884490191
21.466814622695814,0.7455320133671306,0.28831995471739214,0.003967269836555487,0.5868878687964588,0.8851445781645216,0.9521015180171785,0.892991516444437,0.324288892435756,0.010148199608761233,0.7567586306167338
14.581761589443467,0.6081357180133001,0.9576886881373794,0.8215746599492839,0.019410909892008554,0.5305358669143904,0.1059196589914263,0.876441745215865,0.22467019502092878,0.1494800019747735,0.42097728363829146
8.84613751542971,0.2975444515289847,0.1888588816613298,0.5989919644432087,0.5610033211567564,0.2567775910783521,0.39705437810427047,0.8227051005610881,0.37678965334898706,0.2106916364403767,0.5584462519090714
11.804984515244126,0.29680207447584284,0.6908412643705402,0.8574925828169584,0.2325223379707292,0.18369133907032675,0.4989771516960525,0.7264068625595321,0.013546698890657516,0.5091527084109941,0.2086222692271007
15.14464461263479,0.5533388866425898,0.5090786686869315,0.08075335320151245,0.08450315012729381,0.6090663127884465,0.8520989980364146,0.5384701838667125,0.13466174430435707,0.4314511513752607,0.013689628321488234
16.074363536858876,0.7704273344418393,0.8814449530891348,0.820334812127872,0.16322060641942726,0.7862588907299222,0.3736344296487363,0.8936980352110933,0.6323481743138758,0.032919633416595984,0.9151288080371673
15.36443789880821,0.7618802426969349,0.9362242287660405,0.17341784140501115,0.4529233069998042,0.1728642174686288,0.5033334428682681,0.1682913534063264,0.06591494758242256,0.15254859339004156,0.20447726874436778
11.154973892792976,0.8475215707067176,0.7946032150147002,0.40365007297152034,0.22632879514221882,0.030833673639896086,0.8039064351244085,0.8421695384622634,0.6145145018450919,0.31286312632470137,0.38076513244581667
19.428435309220973,0.5700174536316129,0.46822180183562956,0.7721251315677827,0.7530618751124353,0.5961074025292834,0.6513453771420801,0.23697951344980683,0.17965296807078157,0.01882644528689137,0.31255932691359267
9.091263186102779,0.49822593962895534,0.1647876781360209,0.09014304245280502,0.10405590022668376,0.42805183563454396,0.6511548744578821,0.6904504180735102,0.7519479968598055,0.6636517722925137,0.3365816789162248
18.715705678289687,0.9871718705219622,0.4881847010117072,0.8607722279379291,0.43599010153966045,0.3537591166668288,0.841726774109879,0.8031063124102805,0.5425429711139487,0.5194122987434762,0.4547522361086862
21.237410814404246,0.42448009116333296,0.4459312006257713,0.707717726490196,0.9889487053438392,0.9765294698560673,0.34853177843880745,0.03622139987312889,0.9064846873224437,0.7748968097876261,0.7569701099493307
18.15797248007817,0.36107401056051025,0.8508220477373352,0.5723763093191946,0.5512334728558206,0.863930835593939,0.8402196028076463,0.34649926471214054,0.17341023424453017,0.3118935203523403,0.0667183740255497
25.349566922729387,0.9333438689399368,0.3927298929585509,0.7754927962638539,0.9704456600013867,0.9986390904251148,0.35290696556202006,0.49686905050306385,0.6233257439962419,0.26365527155327617,0.10219796872715026
11.067508409660398,0.4583830103509072,0.01648164193685908,0.9877596479579457,0.5441733408305635,0.12605269428863508,0.611405696674613,0.4812679786209505,0.7421713601193999,0.8569235975261427,0.1458714487096704
2.5178953107962645,0.20064952353304888,0.1780300310885743,0.5537544911433242,0.017433204824780613,0.23317959560161583,0.6343019794170266,0.44890851659138076,0.5868011170839764,0.8997688858464191,0.42856184420297505
9.267207204602853,0.015559790311553079,0.39450793703857834,0.4555967072729904,0.8616551857062869,0.0836777638830094,0.3263988289985862,0.34065515643624233,0.7756912267224076,0.011350841204240458,0.3101645038987765
16.170794920747117,0.7036763243248607,0.10561420130327748,0.6851690603574219,0.8549454566035319,0.9243935200491712,0.6895561328185936,0.24897155502665091,0.43117932430896766,0.18259306008594633,0.8706945905426919
13.930193647611384,0.20626482853180894,0.8075497047384631,0.9661451188635121,0.41097904676214647,0.09544648717422488,0.24177860279775676,0.9721212137138157,0.993621619929474,0.8202096138420802,0.5525532806955515
15.344405053709536,0.3550689107965309,0.9043682741909846,0.20151826554849983,0.2879788393760293,0.4441650978111864,0.9651686127590792,0.27742369492839214,0.6444668847875337,0.9497409757730249,0.6327837507843953
14.214898231035445,0.22261150526560658,0.9301522009985096,0.03246506531066384,0.1711734443057601,0.41509834983925786,0.6647212520709591,0.3172571933868278,0.782804667311049,0.48230773874210264,0.9374465476281649
19.94058059306949,0.8418876165997148,0.4598198353376379,0.35409421362914917,0.9784297216402041,0.07055510208430182,0.9313222326473815,0.546123084637401,0.2852553617869199,0.7837348615328255,0.6536363056058115
6.07791967924515,0.04703128416616231,0.9484034750084972,0.5610498205742551,0.03520137076344776,0.8509300039790549,0.13602683446085007,0.14525191338690557,0.036020991440751104,0.4891563292412172,0.3414666794417125
21.26639466376911,0.6140555170657335,0.8831751862040403,0.8038503463866048,0.9111131024732118,0.07940169163700195,0.21354693061370955,0.9016155286658981,0.7667472320995184,0.05758889268133993,0.12320663966661205
17.406135007119342,0.9472729168100305,0.6600297245382785,0.07770260744896573,0.262821791409824,0.3950333759539657,0.055796191137786666,0.5905146723963353,0.7094945363946012,0.6910164274395214,0.6983136491587215
15.647288772571994,0.4263825713365579,0.2607208454450456,0.1572438131196343,0.6330628042238381,0.7090357089293874,0.6720335337416324,0.06598507283155253,0.5694474722967161,0.2156896875630222,0.1299737567592536
16.790528296841135,0.18836248590448945,0.581919610062886,0.24034505109247983,0.9278559835455271,0.5575303739624039,0.6464747559678931,0.2718456200650078,0.6368012998377598,0.8304780231662114,0.3413096633917462
14.825829871258215,0.5294208241285422,0.546691518339069,0.30384052004136775,0.28131942847441294,0.6705010193436948,0.5254037743715746,0.6537347357793925,0.2160345941163292,0.2633444638254242,0.794643682349749
9.22438215523141,0.4822668352698256,0.18117993363289508,0.0713847632570962,0.007988614913224557,0.5519176305800853,0.7422623060663985,0.7135018949527212,0.879445723819985,0.8916185611541234,0.24176119117223538
8.592414612481935,0.2422696271124024,0.24670444401920155,0.5196570597477254,0.4660511295038958,0.41149827926499893,0.11247245710970377,0.6329143508031642,0.7245957212773773,0.3148918931884148,0.6029295251976653
11.797878516299944,0.4521703289662762,0.6038910441543917,0.4393223148409514,0.0975738062815833,0.6368269735636979,0.5068312135983452,0.02865501080098365,0.6294051403003186,0.7541621608865594,0.9623160071713717
15.740668256010096,0.3911122166484875,0.39939416193708666,0.885961126580217,0.6885446061392455,0.2326200968049783,0.7118319051540619,0.019473706627094134,0.1192343498070314,0.4801476417326196,0.3897538414285425
21.755845442837426,0.7314792151863849,0.9590823190693,0.9085050440730342,0.8683083303369532,0.33475199104995335,0.2908463412674892,0.7264150927789569,0.9008747294269137,0.37452618748460065,0.009488476887682062
12.950007095181395,0.19314592075037895,0.11962536598201667,0.8649162342722156,0.6608403637629617,0.5906187613768051,0.4156675247625514,0.319141600140337,0.6514767754442967,0.4736346308168199,0.5249590250035429
10.728151911539506,0.5236438162644814,0.057186237902795756,0.6741757482077214,0.649020993291388,0.5383656730877583,0.6166333755034082,0.8070448504155483,0.6023183079853609,0.6693055922523216,0.18968765049406122
16.266744798503776,0.9390868861374125,0.7577699052762062,0.5079949733174459,0.4971592322421361,0.6846920063203416,0.5918645984597053,0.14040561729444878,0.28799595250396737,0.2567532305683564,0.25291131246655396
15.141682468229153,0.5255460757483092,0.4924736250990722,0.5223212291750814,0.34907507930571235,0.8753519232739446,0.18822462343602853,0.21219323254135602,0.09827715254807934,0.3085477827993103,0.8523464136112741
10.184792682426899,0.6933008355611507,0.02174924167947434,0.33829533124281985,0.5384764345503541,0.7607048083220089,0.142645308027757,0.17168068017054972,0.6059474583544072,0.4868212686878135,0.3710180619814335
8.687819635247703,0.9246632875434343,0.19238415984862,0.5934118158549277,0.3125813749028492,0.017058640505530853,0.199775360419302,0.9041529336661198,0.7544663325440176,0.381220612495615,0.7615742319931768
19.956005163786504,0.2922909815254685,0.9220401988618095,0.5918831835167256,0.7994530068502587,0.8603654299884886,0.9798121259450213,0.9222043309562031,0.5136358415688089,0.6411275843162787,0.5450963889384338
17.91480876331958,0.5040114936169245,0.660602873319699,0.46494506439697225,0.7390595972510169,0.3690773533815479,0.294138057430852,0.8095854392324339,0.2909357112599945,0.0671656849516703,0.35939857568163325
18.722092208954724,0.6685644597026151,0.9524798656580277,0.1777224104164019,0.3419068713311273,0.8270147856126516,0.47303191716605897,0.9120573557496424,0.3666375462120439,0.5263860504700832,0.08802892741681156
15.54089399582124,0.09056715114123504,0.7868009672011378,0.8910530539785638,0.5933330643770662,0.8658237901758477,0.3277579904742366,0.8865592605593203,0.049438535567518316,0.34740060454167954,0.26871519972942504
8.795681956841882,0.8410135829742857,0.3197603160596151,0.5754469408356674,0.023984053386658433,0.1926618148141701,0.6623269676601132,0.9275738088741466,0.8030359422538407,0.25159667651853823,0.7870840581672538
11.32269473257778,0.32276527173247116,0.1163150542668977,0.041346762323596464,0.35185022713729763,0.48404759426480826,0.9369816290781747,0.3962436106488356,0.8741315566326623,0.9822354029125618,0.17917778393863426
18.467296253130577,0.9504739745952515,0.23493132693549124,0.7067943331540418,0.6329316817809119,0.9658035630685956,0.9556795682468406,0.7477961846606592,0.7587656129750816,0.8309210093954212,0.4840478926119689
20.426848309732275,0.6419175247164731,0.6974910626264029,0.19746177737262582,0.4159439906455036,0.9142671214434063,0.9271572964591563,0.9080380910166803,0.06743716307602976,0.33856785193795447,0.46568527054651054
20.201593674355575,0.7423138148506254,0.2941367523513301,0.331992250650364,0.8563707470847511,0.9478680369446335,0.8482191394062064,0.979677412961545,0.21265752731896292,0.2750420794290034,0.6969794097377655
18.628889717313115,0.526766823995176,0.49299342498986365,0.09935214131054215,0.4039588680671651,0.8191710577070002,0.7019720708531115,0.8620735158549943,0.3324900254821811,0.1123115372658825,0.09640445415304644
13.585401074244174,0.6411503698917617,0.10625102813595222,0.39472526260379925,0.785795093294002,0.6763901948792912,0.22625342252071912,0.44925845418471944,0.06508997097686664,0.8090817349852465,0.729423854130785
15.26659622792447,0.7680424153534491,0.9417774666655533,0.1206333425806746,0.4448063991210577,0.0604045145870713,0.40147598191503553,0.3118057314325464,0.7881078992635635,0.3131247290466871,0.7563146563217404
10.046134920237586,0.4335026915302198,0.1748519366049105,0.12593504816725232,0.11783543719069811,0.7420882623931155,0.5692356495589808,0.9979214076898737,0.7645369296773774,0.5136701102781459,0.44736814170242745
18.369146351517497,0.48338027919611304,0.6142289336703964,0.33507924384341514,0.8215400280679579,0.31542213175400247,0.9220172831322099,0.5191223420566538,0.9845104976062228,0.07611356949273451,0.7688445601215459
9.01464257644437,0.012083803450744224,0.2600193847821889,0.6612017424036666,0.44263410758301613,0.7939747000778298,0.21850724533289922,0.3642091827090306,0.3850829052603979,0.8138552271816731,0.7826855591271434
20.062288599198624,0.8220382877287707,0.1688325552241069,0.06497920371440924,0.7489520120910577,0.9129260478298182,0.41270992705863496,0.9150319018532772,0.6287640091791985,0.05699166239249598,0.13123524769838135
13.1856495262921,0.7630263418962064,0.1991047727887183,0.24253691015083578,0.3654354445973699,0.7223845767929061,0.1976797462443428,0.9439331042208804,0.4196763240650463,0.798852458051607,0.5093873996671286
15.665832924185493,0.15847990635816844,0.781646849098199,0.7322004829139046,0.7657179412721067,0.6272290095933013,0.4758068384118881,0.8382490682754151,0.10025418019352139,0.10764465030730486,0.5248751350526739
12.017649700582545,0.16791987683864096,0.1409693689235345,0.8744656324393031,0.7115320410384289,0.2709720794940067,0.4227463468026186,0.5936091478716585,0.737978855248134,0.3216419062046577,0.5808579807393921
15.503218005798553,0.4137545176295506,0.6928041183488678,0.7990768730443782,0.45962008683147015,0.2562904031270823,0.5348752835460182,0.3088975613289918,0.12489299765362205,0.8531438057285307,0.8482077231716098
14.504070160675058,0.8869439264473566,0.6805413995917255,0.2469632443627806,0.12867448219711497,0.492357076336424,0.04321955614391182,0.9186562620381522,0.1550599526024431,0.7580912793244313,0.5374671051020743
17.805417220108545,0.7065783418271543,0.6318216059692849,0.6770197066698146,0.6312758965883785,0.20144266473276673,0.7191310863936838,0.8551882030140501,0.4658217326985037,0.20073111117263365,0.4217114441413786
24.91548082186786,0.4984064141040696,0.9348241600448302,0.22498103594918362,0.8758712525765239,0.9402624247055807,0.6177700962057276,0.40976271769292694,0.7566796558980982,0.8234443543140606,0.9593123403348307
17.330240072706417,0.6449286142901669,0.6390898109063591,0.06485039815734461,0.07065513637085241,0.6429750291530251,0.8482527319863447,0.8833986002936516,0.7982740032861387,0.7294274417679995,0.6587012885588851
24.8364516638036,0.6727155706678059,0.9935955253481608,0.9185639686085451,0.9170644175942115,0.705821359173096,0.36484498165852386,0.32604056425264916,0.8111492994148682,0.8939639205651659,0.43034055282799955
17.635403996042932,0.46191793609634635,0.7335648820948559,0.9299176112529406,0.4174230460009972,0.20380697949026572,0.8712730701561667,0.6147687480835671,0.8724303033526833,0.3062221691561058,0.40386433054312165
16.073006035635427,0.9402242307495672,0.5321696110810716,0.5277591022385514,0.16764266649903137,0.8762348734275605,0.31372363279048254,0.8613927528583968,0.36767164516394757,0.12269087421571923,0.48020814896171393
8.350686754732688,0.24905442245343867,0.6211502153485097,0.5335966547204397,0.055658409702424305,0.6201110802007569,0.9489819329269205,0.5351058101321563,0.13353801938735366,0.1515368805480508,0.377611891256181
13.357829310619724,0.8061338904100847,0.3471726677596667,0.6760695254476184,0.06217189251800126,0.8827238690897079,0.5260221105104276,0.04245770800874071,0.46259878749225103,0.33221809515343226,0.8810496030201121
18.00682780366595,0.5501163603953253,0.8340044589594445,0.9911880491481514,0.0001484840407233179,0.6527358872544758,0.3569489820814522,0.2655928395649175,0.2796075088516692,0.8406338489494687,0.3796661393392734
9.901557476705612,0.22443978435736,0.366642541369523,0.7424458823291313,0.11813927781435296,0.9976147042574143,0.9069389602580183,0.5072341960252317,0.857188879393574,0.2112991434189747,0.49065703650490344
3.8141323142403594,0.06407856697331693,0.34278741880274843,0.5582106553137304,0.13053097123492952,0.3503078876266753,0.7513805237333873,0.632719185300398,0.2634809555714652,0.6640294648720403,0.5819676212450428
5.8571924266986075,0.3767011079037632,0.40121202103309084,0.651898630141565,0.06408425317835897,0.036636604216937596,0.5275489643843935,0.2904812576197884,0.4775339887331359,0.5284365841675869,0.7600397677916299
12.122268275174244,0.1784892983374885,0.8084240900537738,0.2680151634056296,0.5040810504461564,0.325125181090398,0.3679700347204442,0.9127748658887083,0.05686858178922083,0.3527251134639281,0.7238549523730562
14.393141286260468,0.4377704019512969,0.29124052644687104,0.41311939082174476,0.7362975777379962,0.5960051179446826,0.812820509909163,0.47895914606618917,0.11754380206047632,0.7714859585364533,0.42051819773978927
19.855830651960343,0.2730616667959582,0.7204966474109816,0.05380281700419942,0.6448594936573123,0.726141461580172,0.4079948100181672,0.6959627823525569,0.546490525752606,0.41373485629470164,0.8368688124294482
10.157463163171421,0.5745927423802506,0.21445236723462113,0.6226656078534321,0.34960308552329633,0.5170606989730694,0.12475465965533794,0.8347025133403803,0.6951370178716743,0.9634370768571454,0.4516308581274523
17.47009841473702,0.8928227640750058,0.7680372964205269,0.023803918849186534,0.09057562577824652,0.7366949639096262,0.04439828653464639,0.9381247151310873,0.046520862273721764,0.4259446364676045,0.9928900599755999
9.895740296523194,0.1934249674507439,0.6917583366350338,0.35153605286098344,0.4278244098875743,0.21916287591129036,0.8528510190470536,0.7467487716123921,0.7819441027093699,0.47332058261120225,0.9164516587590986
20.881933848001488,0.7597759907825307,0.7811603421661275,0.34617179384961516,0.9444227290183345,0.2785652879077859,0.6445625906173305,0.010731121351361672,0.8809729550333352,0.637828003186785,0.23818740541472683
9.638134209047436,0.0691979754353168,0.8918747390798117,0.20819546296936786,0.2059599484960598,0.7897597477903181,0.8573246769143685,0.07057731816854684,0.10700159221179062,0.5527722538522893,0.31328928860548066
16.214226748460852,0.26292614610141596,0.12308679032748382,0.8796659848041076,0.7429207753773653,0.9774278334545442,0.7353645199100123,0.5452128719008462,0.7988007608129409,0.5165334076824402,0.8023720994053142
17.07152639195022,0.8180898453463805,0.5763817022021189,0.29892759505759625,0.13174613547994474,0.9970858135126583,0.724330177019955,0.8402484444686799,0.5417967412896421,0.3710687011420941,0.788950371393126
9.415414080021868,0.8104238786536229,0.118126018964964,0.6823567866600173,0.37298451976986835,0.41162184455035566,0.10382456246500504,0.948067705553134,0.12647691812953232,0.44390375656719705,0.8783602945021017
15.707304042644134,0.6896941758586205,0.7657984142770412,0.4340461121071377,0.14152926604697946,0.848827689441347,0.9594930398356468,0.4859215871431596,0.3252153323752175,0.3875993619274465,0.15550658966956898
7.138977109841155,0.03291405228991162,0.8102325544599905,0.7492123168654924,0.35106158615531136,0.30988086972379214,0.8793516678506728,0.6798014159322193,0.06243054543711113,0.12414519100431032,0.259390125623736
12.750517849834962,0.3927783195043123,0.9067522989650294,0.29027069566448993,0.1871288470740058,0.20067082101606526,0.23212769856073168,0.7241679356154056,0.9007664891477992,0.7961893185035701,0.20472342107839303
11.872021465007146,0.057860152541439724,0.8308855882280323,0.5136652651614383,0.9641537600275649,0.14443171740492045,0.948065023389681,0.984076790120703,0.9890073692297436,0.27322614556482805,0.3013934412042787
21.96788846284735,0.32962817691169566,0.621004091102461,0.924656873303192,0.9149053996917139,0.6430982609615254,0.6248738588461741,0.5302541943147467,0.18153492101646507,0.6866974491016652,0.06778235211756556
21.634152159644216,0.8105712493945004,0.5805490005754758,0.07466263725440914,0.4648492295737786,0.6820230356961973,0.8544058802728175,0.4797019436171608,0.47342242044731764,0.501530271448164,0.34495157234483564
16.00345189419913,0.8146424814592862,0.5767373518660421,0.7919961134152652,0.3038070383697724,0.26100343403184445,0.026518959558615718,0.009048087446380193,0.011863979117935242,0.3709695621514306,0.3269130104000194
7.429613766511178,0.48141799114299266,0.32318684880330906,0.7680518678228879,0.00978925012922971,0.23981412657384504,0.3171468008567784,0.12068488439666614,0.24419598760849115,0.1377423663269417,0.3971024034432975
9.578602984490676,0.8730174343584711,0.14596211287784544,0.38924679479786517,0.14274193790813416,0.8017359271355085,0.6646888911680394,0.10022935117489906,0.06099527766045554,0.7238310027506996,0.575153927446678
4.4677638588450845,0.6382256026376228,0.019715601067167854,0.6572635560071419,0.06108682339356197,0.593411081010779,0.7230575028805807,0.5843375195571329,0.3674297483882206,0.6107217531340771,0.9660387568290555
14.446016183905703,0.01797975537758889,0.13339183452785708,0.1880410260526163,0.9224448426949928,0.6399707947385778,0.9637489179669895,0.5997700414771789,0.23159813186356537,0.33889030957666055,0.6152614276689637
15.593974890489012,0.061206410654693566,0.12715406359840142,0.04008670257965907,0.8962032496422444,0.43141259273748167,0.44335685698406757,0.3902954336360478,0.8244261898048776,0.05571801073179716,0.31003863490202366
11.061034493392885,0.42862915500504706,0.025373220963502363,0.5077020237016026,0.9356621856678231,0.2723244846026306,0.6262458001445403,0.5440141799563742,0.38913767699678836,0.4138910625758363,0.27627312821493366
14.036163640215417,0.008553312706905958,0.41572083165855866,0.8310159043712917,0.7128977993964147,0.9208097889298374,0.14196556183751707,0.998553535997009,0.5665368000185929,0.9442462906321271,0.5797433291519607
19.693544541301726,0.6215304576129185,0.6307424224505047,0.12457262396841406,0.6795975979855982,0.1296961987122175,0.011897102821763594,0.6482173113243758,0.6626641323791578,0.529662744105878,0.7642009839248842
4.8649202178026965,0.13414017686132862,0.48586582626881714,0.1492613628808579,0.007560739474440914,0.059146322569444076,0.5455301739186361,0.029304831184913227,0.983460561302646,0.49447397149070293,0.5239919972765743
17.297598772468344,0.6741455242094582,0.2325343141058973,0.6411186126882991,0.8430499992872537,0.7481327013287891,0.7846902628680902,0.9315512755941502,0.2981373922928017,0.28958591741927986,0.9811823544195405
15.81370651540427,0.536588464526082,0.8689852753673153,0.8296651075451545,0.3258068340189886,0.08761796567583302,0.5847628342607778,0.024640716875888757,0.0867116938196486,0.41687156902464806,0.3559920604019575
20.860446546599057,0.784997308288364,0.3893137501618831,0.35311756835713115,0.8089336162736472,0.8294231194480428,0.7983940613950385,0.8125284487867428,0.4147533959230807,0.23899755669870948,0.021170292606333407
18.156444333524284,0.48162327794300097,0.6507441346424615,0.6924973031320381,0.642076860811132,0.5327930444648904,0.9608040468096113,0.7990862543002722,0.6060049792842453,0.5351087214768108,0.15357504534430544
22.87360172098047,0.9013036000228934,0.5510493896406288,0.7159141408704786,0.7860605957221606,0.8162334037561528,0.8513196678487499,0.8790225977838388,0.7887974468864116,0.7993962761025287,0.5060470292499903
14.066084969184315,0.49447713126885673,0.691721984774841,0.5069858678966549,0.4517277548821914,0.15081187436734822,0.6328732014369398,0.718729647008078,0.1874480582481417,0.7174980292183984,0.9433286683799729
21.56019874729956,0.6551003388604248,0.99444103791706,0.5516009056430421,0.822451462471019,0.8786526980160051,0.9600553392897648,0.06096371949021295,0.310597819215086,0.8494284676680508,0.5867461527905786
16.41065838297092,0.4486682889046225,0.998193272817229,0.8313588543184424,0.36535477021551577,0.13900113012350312,0.6939404853050745,0.3048522058836095,0.678496120877188,0.12292651631467899,0.08032416474076287
16.146390326969506,0.8919639006860103,0.9574511608074854,0.2784210991008573,0.8063444847447967,0.5347506817884685,0.8897929191501971,0.47360051137131176,0.10326028539769627,0.30337268403256357,0.9575846453209169
14.519788112107817,0.8324632560059466,0.5216312671756345,0.1370385275930579,0.11233410272327937,0.19485507463949836,0.0511922219386135,0.23577290534444229,0.6037648211753516,0.9402903135760595,0.2766751501357835
7.0085715815156995,0.19550415714071057,0.6605329869906157,0.3317844181200006,0.06073711384217095,0.37773803326786315,0.9968013110882494,0.4877919755998572,0.5454102299098074,0.4584731351312811,0.9951480302654154
11.192605105533568,0.16692261117766583,0.03295439620784557,0.09409755604243453,0.47675457450508574,0.5914236578500884,0.035963237947044924,0.09275030432534348,0.06814120537658175,0.8194052606297387,0.8438397581957623
13.512389362899581,0.2957546344067493,0.233156325696108,0.6037246804660367,0.876180083736702,0.47719345983100003,0.030072529047016294,0.7626336495229691,0.8162744305968719,0.5336522216035784,0.9832341695266038
8.114590196069281,0.3720699843628511,0.12696580812811342,0.8596789175765274,0.16291824962985735,0.4838755159626118,0.4287762344739915,0.27236539711871677,0.7985342754692576,0.897462821054637,0.2586107745424642
13.762906505275083,0.30413756891067956,0.35378799384065995,0.20179556964067724,0.5786179248207851,0.5763720456928859,0.8753493868399522,0.23562902667789531,0.6750511095579039,0.24863577797536418,0.1369257388890781
16.463098921509303,0.3851328986805148,0.6896718617369765,0.25385756697483597,0.3024516340687289,0.9635107081313709,0.45047862523687177,0.03111918661640678,0.5991915709395991,0.7610870195783118,0.9545801572172663
20.172560185400197,0.6453098520233284,0.4553090316706949,0.13351600586355195,0.45553550680196286,0.9913096497524301,0.01267266329630512,0.6191617755767729,0.9287234539225014,0.3704496301409046,0.5284196166920437
19.860824575013797,0.3154929206768132,0.7702289228157075,0.9974351034493418,0.34338608605564525,0.9128440303874858,0.14218534019393447,0.32371881333457564,0.13907842894949163,0.9434097831236758,0.050896857364784
11.759932995458833,0.11063299323789044,0.06467407564796801,0.780948244432578,0.5783386747277921,0.834628636443299,0.9400174358033836,0.4371055953703584,0.3781575545507132,0.015400289196393246,0.25681465398758063
13.199540503503744,0.37025390828612936,0.8873074269648953,0.30220634029280957,0.2835035207847394,0.19965075437101953,0.3399948335041829,0.11748316178111728,0.8997860483650002,0.4521638439487613,0.4917893933928469
14.67677727354263,0.9513369562519044,0.699831676787698,0.7057659022832711,0.06727423506041752,0.8966056017811015,0.35442797279671223,0.020508520406740338,0.16371710596712974,0.6848136244898282,0.8236048578957449
15.56081860458681,0.3721649534967396,0.286216089383432,0.9272305455124199,0.7991601375038266,0.1268791290626703,0.4645739018534325,0.3545741049724562,0.04068789373075021,0.6916735248036593,0.9823229383830316
14.83260991774103,0.8762439076797404,0.19949405842025447,0.35438349785356593,0.6534072216011272,0.5309361874774443,0.8876490029739346,0.1765461833161016,0.9534494884862573,0.6853916402875466,0.056273727135585094
7.150303411791368,0.0969556402411399,0.09290874126296289,0.5664048155217408,0.4861207246600935,0.38358928963105565,0.8546453689337253,0.39328728944461266,0.19263856390567147,0.5919706223184193,0.8076678458561297
13.672475979764231,0.0443578768125541,0.39292104833217967,0.754050148381583,0.9092909359479215,0.5482915874969355,0.6522235590783728,0.43404271055489374,0.10622273757770306,0.6171931698321876,0.3260483816608728
11.554394565548467,0.07495404358736502,0.48797238355186157,0.2193425653894675,0.6781134945218675,0.41027225032330394,0.8966328355053378,0.8529363289568019,0.7351302182414251,0.5185376290689685,0.7881119505145125
10.054284522058884,0.32584235057299926,0.08812419419497552,0.4009817497050395,0.7710641373980365,0.2493356571299824,0.17799302100318148,0.7839561664334966,0.8468498281898088,0.9348556391358016,0.8961985930178733
17.54730772089513,0.18470491828498414,0.7762179925205778,0.18973918116623167,0.8818615183467444,0.4900145477882981,0.7346349758398858,0.6511189781460329,0.6664701701879846,0.9970199448863427,0.5952726307234548
2.709214226977296,0.05034642796107236,0.28055866749647584,0.6171080694759462,0.015046031627838574,0.36817191836773056,0.7973456772193954,0.25370715187742965,0.40011877567426113,0.48058918744557877,0.19227219788068672
10.692147115805195,0.11631021992888146,0.05466470589247685,0.6872124237277087,0.6115988136252766,0.7350915918388963,0.7321662063300663,0.9105997257199047,0.7403379812762085,0.9594421057635504,0.20314919134032228
16.2587438565416,0.36653186744606125,0.9652894807074485,0.7710939933880974,0.3523820500223648,0.4602654649680229,0.6364056909168291,0.30651755901762756,0.5615703685621055,0.5623748616349246,0.5106175590592005
20.599181796865416,0.41362787244824484,0.6833915595587107,0.6316631122701839,0.792932059324285,0.9129667063843709,0.5186023513870911,0.9033916836569689,0.33739897396437046,0.44589786466339665,0.2867115937074999
21.46090572976213,0.39318603396388985,0.7528706301421905,0.33714998627121195,0.9370036834705298,0.7088908667577891,0.34821966024244744,0.30130909514886317,0.7976345392363954,0.5415995277166986,0.5493093017367009
12.422982305010935,0.5838362635923015,0.33285890477334834,0.15759119667998633,0.39011461477413456,0.0888020590188685,0.048432819371419744,0.3863600482187445,0.5477794106823809,0.46655395668177346,0.6507895128592476
8.195283326295815,0.3753340345652212,0.37956129976855724,0.755687230439202,0.20026217825003045,0.11149699294441329,0.9094810833014079,0.18737283921015824,0.8355983711785359,0.847435035733712,0.5874381685174724
20.35535550440364,0.7237582186643416,0.6667558504705214,0.8135146851212944,0.4358189073887818,0.8092651308377029,0.5080088498987192,0.6892120247560987,0.34873451540786227,0.38428570183219135,0.4273852856121644
16.4364172638362,0.9504789266412202,0.5309550292972992,0.424727862726329,0.44087656738426906,0.38308120405168056,0.819951482689256,0.47531161781133957,0.28388271328912307,0.06219258367621394,0.0935847593749205
11.816687096949572,0.7294632183528381,0.43165486260233166,0.7401310199487868,0.11835975407097499,0.22477824844559657,0.9083410168678152,0.14047660234719905,0.3931785721302672,0.940186267850038,0.4076986389438535
13.36388709436727,0.6018613202550605,0.17408991661430373,0.011608301700288925,0.46564558017556645,0.14086551604112907,0.8130894894114665,0.1596667184647783,0.8848074566372037,0.709641424904053,0.8841509517106906
19.58012591391394,0.6501925400570258,0.8470840952923488,0.5106248671904303,0.9209316753520009,0.0990939810428535,0.07670443635835034,0.7902583918919918,0.13706822003917363,0.11098619227789863,0.42654581595338936
12.847237730026606,0.9820282040475639,0.015604500139508426,0.1060278553905093,0.4982054992583971,0.8559336283840453,0.4014465719721303,0.3102561437981496,0.8289689377006852,0.8964518248478425,0.9206834239990371
10.1714427333103,0.44112321018304157,0.06968440878080273,0.7007050363765127,0.5973058402904451,0.48570547266931274,0.17268321762439964,0.7984021039843716,0.2034497231123249,0.08879666267841668,0.7762224271739773
8.250507595940672,0.7711064571950627,0.04817862910943138,0.32392099111534667,0.24680474078048675,0.7995806696092614,0.8943014181797213,0.47615118771834664,0.22755096375181139,0.06343053689836409,0.8852448009262049
14.020863508181701,0.3525128485774819,0.8251761839491948,0.8638284758954485,0.13732026439695844,0.4163346833790049,0.12804139272863424,0.17682372433766402,0.169122426720405,0.7129686655515465,0.8096120721031017
21.05228655949616,0.9027535186983882,0.48074381175471015,0.8646692751621463,0.37885483985922186,0.963659940446028,0.1877535759150275,0.4996701160279161,0.027262061552800088,0.6918409402976304,0.8259898695441468
10.78836066864942,0.12618498606623596,0.6762511699053424,0.6919187299637117,0.3638897814556914,0.7527989685384511,0.005647389364832334,0.7587873693254186,0.4332184394134405,0.7348552037103998,0.7092037552076904
11.297666316398557,0.06247203279595015,0.7323093037522327,0.44584000683615055,0.9616845892030487,0.03797095746875345,0.43657881181597824,0.1908964161367145,0.30367671697652454,0.460475309522391,0.7573676433198432
16.816869167563414,0.386133237139455,0.43585809763068883,0.7487930222992909,0.7541039803349547,0.598703395673485,0.05860084163511914,0.6255465728649111,0.9458706751155989,0.6129523950848238,0.8066937706966723
6.965483554117352,0.03277860372722108,0.3243354386655497,0.34624579767338404,0.4700911248633892,0.29156726602657135,0.17791236621529805,0.014003134302592035,0.10168103803582329,0.1390162053991817,0.5238038550344455
8.277462427676433,0.20038097675071964,0.6328867377577156,0.3247796545287178,0.1414671863799296,0.47383911165121373,0.031910319408746,0.5803808837837414,0.07406504063152597,0.8658373232845209,0.611008701122079
13.273690814872626,0.8616421260890337,0.1148799877812916,0.7523242071083749,0.5999967602126692,0.5881064493387165,0.8050483463018863,0.0024422790557910856,0.9093670910610454,0.07985576989155174,0.48639774919156475
9.884577863467829,0.004685250321356471,0.01794611303335103,0.9832755523245286,0.06379288286482698,0.9145804660845838,0.22523034058117486,0.6043474113878566,0.9976798710816136,0.9275948023444859,0.8126294626918574
6.876755540327312,0.12620248551222668,0.05001398613117658,0.5183057387726847,0.28720136295684084,0.7599518103258232,0.10871613285253545,0.006660233550517813,0.06582845930689041,0.5426389504288127,0.5252926064729595
23.782776183380296,0.7768512116704113,0.6550075444342913,0.1990345768082753,0.8696805933167537,0.6556451169157446,0.4483045000598115,0.5928501425992727,0.7092925805971257,0.9453567567685242,0.43578546844302246
16.549420417721834,0.11629066317966719,0.4484029671290748,0.9529236120102066,0.965640765565576,0.2318696444711651,0.858501659388668,0.47338120761262314,0.40325757463881906,0.9101047127864672,0.7705180739601254
5.60817319102861,0.17466462322127663,0.25059028277371664,0.19505184259967223,0.0038862344061619813,0.4677441154756419,0.6953482172588037,0.39643047476234783,0.2852718395857673,0.47013840111160154,0.7281884624215204
16.79149287083397,0.8776685510871597,0.5726326169578262,0.949109792614669,0.1520417404071437,0.24748244924497864,0.8707069505674907,0.3235581330026419,0.24798238906159553,0.8898308894227923,0.13465180452498127
10.653279137409328,0.41446778252217464,0.24854090421138542,0.8008109870593836,0.48700903921414906,0.15868282077634066,0.17159147916842998,0.8690244242837245,0.5024987576793457,0.3006538581060888,0.6598446670213961
9.508917125468598,0.13917830553559896,0.7052985673019257,0.9648105992710512,0.05655806255168727,0.31742969812945854,0.37491201097498905,0.7037707500136493,0.9044823799262053,0.3857038527947273,0.060932994719398836
6.26398575133971,0.20678732831397928,0.16633361120129042,0.317772625426203,0.39248848310980644,0.1192987957414805,0.2624519860933596,0.7800788736824854,0.5706990563142834,0.008594509806264417,0.10376693550365901
12.523915601996023,0.46148842047826055,0.6657677748972687,0.16840459313021416,0.0770729362651289,0.2664487924943939,0.2796787904107565,0.28643074308556926,0.3757154910549386,0.6543096470015712,0.6584780641060927
14.035489809552914,0.7267299447256292,0.09308826622098731,0.8485221617235442,0.7120599109970619,0.47524232423498436,0.4239509587730056,0.8367398631047474,0.5905007617156518,0.11957186670495823,0.3869941756335662
14.200942107748531,0.5129934351821493,0.8477690469032733,0.7994461285742601,0.2508613180307133,0.02147579687386869,0.9494573152234574,0.19876992699274998,0.8084030429058128,0.7114218770892556,0.8028272743125326
8.332219405226105,0.3869779639119232,0.21557541699636362,0.6985492268054799,0.1517963883201291,0.6869820464932608,0.24331906522401792,0.24001441421698133,0.3973220408658764,0.4402032739781322,0.7272717675281165
10.360056073831817,0.026032118065862586,0.23927664239589708,0.23010335773793245,0.6061918134054648,0.529116102184853,0.11373031472716422,0.6790948552026326,0.11311455852217389,0.304066458887428,0.9637653646269919
10.12329718837049,0.9225830931239974,0.7750993645683381,0.4880375390109847,0.029129735989426253,0.40533440477342264,0.7145953294263065,0.33946391749973437,0.08322509660997646,0.5436228660851861,0.11946109551756534
18.897138247401024,0.4355379459831187,0.8406402700986179,0.47038733376745134,0.6231646731434908,0.7038719608539746,0.3157195333316254,0.5500293155133313,0.1681333782553558,0.6612380205961848,0.11249945200213474
10.06125084965435,0.2750853519267652,0.07875648258741408,0.13673606965638208,0.3607530137528647,0.6268828139816304,0.9956261908529251,0.7199910994891233,0.7175290761353289,0.6527843599446975,0.009646973482937526
2.77806955993768,0.15819113172750388,0.18118999763848953,0.5164125349842955,0.03527280697837465,0.3041413437068542,0.3130437906906828,0.7388357347160465,0.04856476969110479,0.8456986276609049,0.9193809137990216
6.023898148848476,0.2923636572540458,0.03699904039515811,0.4088877767327779,0.20273741290894287,0.6981458226063681,0.05052521678186184,0.8083609516862574,0.14709523665208923,0.8430059349399882,0.5235441551183111
18.697741363267365,0.8097445285316368,0.5004959886135005,0.4446344091804001,0.7291759592856482,0.3568436262067446,0.6718909100131172,0.01997104718586662,0.8340975113406323,0.9468189677162525,0.6727397047022319
15.543561110537954,0.046403017890784604,0.06496048805684329,0.8068880266523801,0.8693250919878281,0.974401478242858,0.5141685888266707,0.02717212147220671,0.8156437629138085,0.9426832112790862,0.13236498525790208
6.904389174422006,0.804791596470643,0.16205242481978588,0.6090116584224513,0.1884057592292877,0.15982421314972628,0.6173487105987356,0.3646126035052677,0.6904700656677478,0.019645879584530457,0.8927253116320744
19.315460474354982,0.6402522078570966,0.4420430043821433,0.615923274833071,0.734238960123306,0.7878130660120725,0.13674252187330205,0.7748809658993706,0.33118158191614055,0.21505631620789079,0.8224944278448345
10.745262557982564,0.498774137421202,0.3991120430606415,0.4697765725912889,0.28336194684057714,0.407853160242017,0.33937393619214384,0.5477117251449141,0.7811621825947216,0.8796041086026751,0.14658112979845328
19.33889432644758,0.6052858622680083,0.6946731959231047,0.049974464961233145,0.13653261524748062,0.8467139799230609,0.031249008196907013,0.05628617550657966,0.534084071262208,0.2443816732850339,0.8293977251419311
16.854257329647478,0.8325961071285081,0.8234213041152539,0.35363704592488143,0.7054429924557625,0.20465676038050007,0.7979208751260395,0.09348308982025211,0.43492987434228125,0.8790010456276973,0.8840281393126636
14.575574489761694,0.3158714539498023,0.6711332583242792,0.8184736671464504,0.5723940772957375,0.12894593393634568,0.9705406327979035,0.7641047335764952,0.3384155673437489,0.7218499122562857,0.1469817698325634
12.104245767240853,0.9305314279639864,0.5091633407962043,0.1843294045964855,0.005097005865246529,0.018838389485766105,0.023906516051063642,0.6099515154574076,0.028383341894093528,0.542522748745377,0.9727130415018223
12.417165344206254,0.38015221433399926,0.16106407432136471,0.44449508575950736,0.8209693738097156,0.44682690162623173,0.7247520747992248,0.6824519860879793,0.588715043105015,0.9803986415218504,0.03168854489695794
9.132051813133979,0.5651056142109939,0.045369476466841197,0.22154705103071148,0.637162436837355,0.08102370273158888,0.680205287086008,0.4138741012235706,0.7001392666046047,0.4847156883454108,0.7220636027302587
12.303864984641859,0.9765576513549665,0.13817184522249493,0.3730742848934038,0.3079782439706997,0.9577322399601138,0.035524887952147366,0.6899682566937867,0.6435825412543409,0.03733273515602942,0.9236931009216797
11.370126356435348,0.5197004067149353,0.42634579009250984,0.49812409651371803,0.08687722562747202,0.8178134655122361,0.7302696624992686,0.40106938937013414,0.008275889961278815,0.004723687438919599,0.6613848051428629
14.443308581144347,0.18280873693976063,0.7679363483103483,0.5777434633359497,0.6151315481044303,0.7804729828721186,0.691985082876086,0.694520649117839,0.22838467643783977,0.7320984566399188,0.3723227438796596
7.48485431128635,0.008824563033249078,0.46778900751780517,0.18490383171604774,0.04368612359374158,0.986519761077405,0.850057524634752,0.8553518317690499,0.7595636201407127,0.6389207751799396,0.8291507492434359
9.972339635526307,0.7891230470309558,0.0278734810986917,0.5448896797807368,0.8153666627252651,0.2175817571315133,0.10483827396456369,0.637957840668714,0.5981573027440172,0.9955705277688608,0.5913930013773658
19.07502810441789,0.8598287786866798,0.8413538203677021,0.9614287567301283,0.5516462041928971,0.3328076251737103,0.7635727266181316,0.7503947199750685,0.10125194730139064,0.29067610769409324,0.4230132977158022
18.358967806634524,0.5261242246196965,0.656746164018723,0.09879087380802087,0.37788541375393303,0.5030604308078047,0.055730459226906226,0.8835909609098784,0.139995371793332,0.6929881758339139,0.2833429981188713
23.703151237322544,0.6108519500465678,0.6325835333517714,0.86238532739069,0.8008734885173822,0.7395788137708263,0.0745425793282436,0.5187354762742513,0.8478882890046655,0.23501595080018955,0.9114147149586918
16.305667673144995,0.8064790752717244,0.37172179933584715,0.3887016826668037,0.7711637548911557,0.05201402040876679,0.04989135414791035,0.14779733946023965,0.7425051389788798,0.05361066903331724,0.5778554005011765
21.15328770692195,0.33153738379507014,0.6344024034856316,0.898460223810263,0.7058421435017288,0.9564486186987579,0.9806367936381847,0.32972419191498326,0.8389043281650493,0.3449714365194928,0.3756871122268962
18.417719356126632,0.9607376115001804,0.2776527243620984,0.8877667521553946,0.5019034843244164,0.591638782018219,0.2916999964138678,0.27204693890029463,0.1592385801651216,0.25142198630986756,0.9352875915791782
13.953563967498905,0.21917789778314578,0.5638373759921067,0.27754425345847944,0.8147686170514565,0.2061089962244167,0.028180843518466503,0.8725761560203511,0.18444126699837482,0.6237497597365197,0.2678498339387073
14.226601795069163,0.5272581882481662,0.887744277590554,0.17417093265258066,0.15223464614439453,0.12624633848333688,0.8297049527614857,0.02074175727284444,0.17855400011949873,0.5865267316715275,0.49042494356622035
7.238066900636753,0.13128103520512002,0.01172316518996197,0.7278152754788678,0.489350607240175,0.2516429983108357,0.40444344251789077,0.15349328927480366,0.3287993032662019,0.9742459854020636,0.44916729245975995
5.022612347344331,0.42121927229869993,0.2543839504970793,0.2691307270742964,0.049674035157190044,0.031362993027550856,0.5150050099300787,0.7310212483082359,0.9309166134730749,0.0550125316734148,0.7039795573008898
10.510433407919868,0.5527543864766069,0.1676738251484342,0.34548762200775385,0.26812809797172565,0.8961869173148089,0.024534683552348113,0.5106246470550371,0.018756236549661742,0.7518922363803103,0.5712746095641024
6.576618499593614,0.18885177561710553,0.3672691255480166,0.15329474882280225,0.06167357030836851,0.2788007433690497,0.21074845334522108,0.3086514541741012,0.700019017465705,0.9108405182465825,0.6443124028522705
11.21119585708189,0.008740170695924476,0.19676879339028353,0.927280955715468,0.6015493170833234,0.298058752238054,0.8115790261407229,0.22434763584663298,0.12425141076139556,0.7146619465284789,0.4018157460343812
16.313201461825543,0.45004444338467253,0.30128073276475253,0.8162751671292608,0.7191732346937856,0.5977695557973361,0.6387127971336815,0.7445319433139171,0.6413462133643397,0.93902565515228,0.3832617416410722
16.902973449094816,0.8417605774852328,0.34048253377062043,0.2798999794510092,0.8080685319095671,0.003536217686510912,0.22066923834127905,0.913301773225838,0.4187979688471639,0.8986389923152298,0.15676777902771366
13.031311662123416,0.3036025825467078,0.8673137312466322,0.44481845071973425,0.5084242314214028,0.10510196614678591,0.7470357437741105,0.9643913990264196,0.1631775092398169,0.5792817173070678,0.08876073328546896
17.90878512768256,0.6184265688650754,0.89889161447852,0.2631206600358672,0.6524376027054751,0.08319429730029959,0.3184545537435459,0.8961883539900697,0.3706144870986088,0.33284100915648474,0.8068674293421101
15.38412838625894,0.5185396050352259,0.5395727074058098,0.8804738479044605,0.019334010012023062,0.9189318995158432,0.8344968187750219,0.03628820008664302,0.0010303439156278404,0.9999486089837645,0.9117715765341203
11.032962232517939,0.2876963454540731,0.5214024126020302,0.24930343196726934,0.06641380353586734,0.9143575880830538,0.3393484789654372,0.3636616502525082,0.8471572816824028,0.543513585212766,0.5097956601720227
6.9306400441293725,0.09268669587173728,0.780559068682505,0.5149365578872568,0.28784286909692913,0.35888118582608974,0.4166040660061634,0.20945345784273883,0.17080894981448091,0.6670561925501481,0.9992418951370529
11.342883239295473,0.5111226564413616,0.07981448346163278,0.9202230155234131,0.3477326280839258,0.6111404934840121,0.3681336256672726,0.9984371412354253,0.8001272734963052,0.2120998348508899,0.06407825667747447
10.983655535437011,0.749245137035884,0.08631389985524351,0.6852964752886068,0.7964023367428554,0.06304163625079007,0.813785866926147,0.22919523765304506,0.38285967093062445,0.7708932288865891,0.9940278225321322
20.27254224652912,0.763152234416774,0.2333835548534573,0.05280123795705138,0.7112111817919878,0.7705459856413635,0.5771002672777911,0.007279924728365694,0.565878214910602,0.5434922487386875,0.5084747496841445
17.733918186401677,0.22543483114135288,0.8447642108296379,0.766612001094309,0.8388651738350869,0.4582769764306964,0.20074406042456172,0.568582020677055,0.5480498147781848,0.41941339531020194,0.2754916436461785
21.46611989548391,0.8684521605849392,0.6237318044365174,0.8536632314660749,0.70918952360157,0.39165643235768455,0.9840306663568901,0.6993451121983392,0.9772248957410122,0.04269623690759594,0.0784109967502602
13.938996898115636,0.5842896232525441,0.7806107207713401,0.7174984287552695,0.034827739911092226,0.5479099337607288,0.6880670607546908,0.016241321872646375,0.4437172422136064,0.577522821493664,0.7607661780462703
15.806333773360768,0.597767042065827,0.8198468085130802,0.2079376925505595,0.318440161737817,0.18415652786968784,0.20419997874037388,0.5097362571970201,0.8801032924268565,0.8697599749419089,0.30002157845701705
9.288515297083137,0.42066895203733345,0.09525998401939051,0.7981352577225157,0.5189563857996268,0.21313075727262232,0.8769718277090931,0.40737015214654837,0.3839843954680089,0.13500921237557006,0.7606639297269707
16.751156220799864,0.7831141563346053,0.9127869335730787,0.9643975069068582,0.022278763141563407,0.8814315896263952,0.036130098849402326,0.5564346959820868,0.6112945043268452,0.9284058529162563,0.08417015210541123
10.0025429165383,0.28991293604845114,0.19010176118986744,0.4356462194177918,0.3241619214012609,0.991061746977946,0.15340532656259254,0.5114121878470332,0.6115560335838953,0.7194863825291431,0.5198087412360177
18.926597278887854,0.7905165692362721,0.9209593829374083,0.393886873368655,0.629968695023193,0.9719781589555563,0.22697022023676672,0.7456863733825063,0.08289246696849095,0.22350331124568346,0.7511776943856128
11.605993918276397,0.44811891022003714,0.39336000705609153,0.41673956282620317,0.2937129098051019,0.6542402058636747,0.43759913817255336,0.8693363001596773,0.39358460716322163,0.23363649829401145,0.783635098002326
21.660794729323616,0.950071020930553,0.359444867763299,0.6208983186299424,0.9462464355605412,0.624071700389711,0.36447583916069415,0.6793471529444417,0.5069748669714986,0.6789758674164331,0.0773006825719964
19.67532086676437,0.588435541882768,0.8723141862544805,0.6746368845349133,0.7514980098335383,0.31182174434854515,0.972682184127604,0.6687252346233455,0.970454183047062,0.7959539090224108,0.7490240095198949
2.08972149894555,0.07452748085196459,0.31811977756985843,0.6108453421513594,0.08613566677570361,0.047697965689405986,0.8262311102255833,0.87975841539927,0.23826846181196948,0.8716303567774586,0.8043625381811701
13.090727283255163,0.1148872754682102,0.6976866469314847,0.09185608233405618,0.5965617360941996,0.2603712069508509,0.1405447093569394,0.39898623149606394,0.0450405093105003,0.42632076942251906,0.8217806397955219
16.977174578710336,0.18907936330517028,0.6703762321238841,0.9317028504217483,0.8857094189280537,0.10300787252768773,0.3418146297795619,0.8556946175623463,0.24766799736755862,0.8514760046036784,0.8052233783639798
19.960737878407276,0.990358415137547,0.4431479522464411,0.9694696277838506,0.47329854396997195,0.20070548416196432,0.45224313576819075,0.838323604530869,0.9662734843052958,0.35702665806744927,0.605420975266904
8.423308289010428,0.013905856681692863,0.08772856574573662,0.18839462267480345,0.3540794916187715,0.5804459341167559,0.33686045631052897,0.9068304938579579,0.37073413928107335,0.13965590398146221,0.2859259782222193
13.025284556226083,0.3297819669825309,0.9497046028334687,0.722562801612878,0.16093056632990532,0.4196960727714586,0.8423549732600543,0.32044767555734166,0.4887672306874502,0.6430504049670406,0.6113509753596802
11.260909411379872,0.07987948898614394,0.5918525090446672,0.3670630477933624,0.7105422279498098,0.4644500477042002,0.4647500487148669,0.44815748773885267,0.8313512965984544,0.09548197969643502,0.6811996535806618
10.85700934489654,0.285937708405515,0.22176550202841083,0.3980410573976194,0.6245279269895929,0.4849697398942021,0.8989704741541457,0.1663515363146959,0.7823181600114075,0.8274237896333995,0.7324917945331096
17.005156041234017,0.9134950565512878,0.8410643175542838,0.2999189130989881,0.5304551234619512,0.8494120973452483,0.7352211002712498,0.5765627248196242,0.24684402430291474,0.42611076413494986,0.8472053372334563
10.81111754446477,0.9981428065373983,0.149812815203622,0.1306012463782823,0.35341175263244284,0.004203783979705,0.8997993252483261,0.23977631527910181,0.10410616144627871,0.2067125710889688,0.6688452477974055
13.103120955458301,0.8263238561671449,0.7395025454236622,0.7641324038032141,0.21037990200429757,0.041324089177651624,0.09075421518189841,0.25942390035677476,0.7507931563853377,0.42138839141703655,0.307651400745499
14.84294739992591,0.29642688118161886,0.09531397951976994,0.3346641327031573,0.8800424833776113,0.9218709642446608,0.3217263436768021,0.9875097887224338,0.8217206093820628,0.6588629612755055,0.7935164875610035
14.157787999424936,0.32848807414905057,0.5699447115291101,0.8798694712847835,0.3283559292867376,0.48796502930432817,0.22750932627905818,0.07068732923731369,0.09566077798464234,0.5158553093116577,0.4566846388371283
16.96940138876571,0.4349951606686746,0.8539573365502942,0.396895723409153,0.3389570057728286,0.8342931073090258,0.8910092802615321,0.24800860636447086,0.1068059033929547,0.41802739991418103,0.3334027405129466
17.491185572264477,0.7363896588878552,0.12858299229631553,0.9858301325847498,0.5706879244956553,0.8265358096449579,0.38112813382170296,0.25771275726967313,0.24218064867295475,0.929561077916299,0.8828924804910895
9.074965922688497,0.7852590135738711,0.023445053997927512,0.43384050977484767,0.6148328851041106,0.4522073792326319,0.9836312330143436,0.7662892614987432,0.08390263945092025,0.7536868796281987,0.8369082478196531
17.564782966546694,0.731777190001636,0.8541785880746731,0.5251938456901868,0.7579952539283649,0.1468326261553835,0.4391631354516129,0.3292434737258594,0.21357678080951925,0.8362837985581371,0.4438703238093846
12.03311595818759,0.17033376912958054,0.12056263407205747,0.5356301624782634,0.6946744865603373,0.8832548864300787,0.46680766264213047,0.06642753858975259,0.33577838832445317,0.42807559683591767,0.17231960674270097
18.548742475828526,0.7317614019263159,0.3251079873844601,0.9098794524026181,0.3781460739695801,0.9219989077500714,0.6210925063869105,0.4747750687692174,0.8648858883348769,0.5059794839289607,0.12324525637847583
12.057560598079146,0.35459388381254764,0.7696392850119946,0.7499741839953336,0.15484712420823532,0.33962128539965175,0.8581062925983257,0.2791643705145139,0.5010879403842884,0.7110385414273876,0.6703172348005829
12.177516631083897,0.9425196961713646,0.9212436693060803,0.8528074142740745,0.3986471445641756,0.33617364108850445,0.2084788039802301,0.10749647548073049,0.17965333230924707,0.1440002249789064,0.768847925089192
10.3911956332012,0.22215805414341694,0.8636194602549805,0.6722921455076472,0.27006205377890935,0.2855632166710157,0.4334585988575299,0.14835329857039847,0.18759498841055144,0.304500590276217,0.5770109018149089
11.635360820341953,0.6988868612671859,0.05390361804140065,0.23451390252738324,0.8800710464648006,0.04884731245147278,0.8371511058647351,0.46179487287194987,0.8970315652047902,0.5907329434621668,0.1510879061698701
13.660774070056362,0.7713639133070316,0.8123440605937765,0.3905304698327724,0.3807893202775128,0.07878465588479333,0.6048111391250536,0.29968796320220525,0.3140969544066803,0.12785508712780214,0.1227478326725836
22.08380890528182,0.51551945675493,0.5790567370182288,0.7919792566603926,0.7633546013983075,0.9365129264649174,0.3227902548417576,0.7858800215963904,0.8203637198723056,0.7202986932539521,0.2568136214915384
15.010421423041109,0.15129267152867576,0.2180421134515298,0.2447326824733459,0.9970595401074905,0.5404196073768243,0.028935899520794894,0.3264858178535357,0.14463402105156453,0.18626824865699065,0.842720134865281
14.658887814373054,0.5798977593143413,0.2006847370425997,0.6757493482654474,0.5680538360660912,0.957084273300352,0.18940363944881344,0.357032609587569,0.5685090103719198,0.251611264249215,0.6655116034898043
8.420498975365147,0.02076776994613816,0.4061554017379676,0.267512793381424,0.5520271685825363,0.31085215203756933,0.9276272710247043,0.5366242535559272,0.7011415100722415,0.07003136570244672,0.20144634676440187
18.013550470496245,0.5931791382370738,0.3830687307245564,0.8612706657273431,0.8520796658384104,0.06697391726491098,0.8727843025546672,0.7742034710349455,0.5046929802511926,0.8310802848479122,0.4363214931803502
17.37882877649858,0.5404342271475567,0.45480332807486745,0.655169598568501,0.7614145717477341,0.461234531673152,0.9389403610581974,0.0038033803475794326,0.9788785564075625,0.741659393975454,0.34279416288094167
5.383771701643431,0.7729326391691009,0.05098760651655232,0.20689705370073652,0.17082045083903097,0.14448799124259493,0.07882078359885669,0.8874670384137164,0.568077681626719,0.7686110960816566,0.9626570051489474
7.126227960357203,0.06418206550320982,0.89028641072609,0.3587944595946445,0.04903561963242442,0.8903196070767403,0.7651737412316371,0.4035831053553097,0.921115198306525,0.7786919974271593,0.9978158394950767
15.206119595028696,0.5518532748023703,0.13831627710422356,0.9166502760556463,0.7531504123795527,0.3655191407594105,0.7472695231253164,0.4267713595802305,0.5623830551184625,0.5410952731906883,0.6741118103218393
17.28463758774531,0.23389861782482824,0.3225456269480981,0.08163592213967696,0.9110607767298485,0.4650952832938273,0.6216193318208404,0.9148175738158995,0.028497860366443972,0.946054190511132,0.19983800283858
16.632769535343552,0.6380213017353256,0.2674796943742427,0.4142704243569888,0.8283686322538492,0.6187805408982437,0.880098336369061,0.827323856523053,0.0733450995881908,0.8036291427396112,0.9850907142440996
11.377661467601776,0.4713860002112209,0.01267708423267766,0.30166063467324833,0.6700862382981976,0.7404609481282532,0.7530363324848071,0.9989741442225738,0.0641212784747679,0.49398284919312396,0.9396882293103067
5.803910427486805,0.9009552549411358,0.003814351235246982,0.6388520775229684,0.3273882062213399,0.4072939528144801,0.06406546933007606,0.1268431747988258,0.7993265345649467,0.16720112489286332,0.5788263104161281
14.31505652655976,0.834952780659079,0.9485384096481898,0.5179906417191346,0.4857392371907038,0.6743016682655013,0.6985671669923094,0.6605983806828004,0.9968221746272123,0.7769782400859198,0.6647374090241356
16.917019104846332,0.7125135010687982,0.5432132870164208,0.8577211444991836,0.41874747998696993,0.15865600168245508,0.46373967052287,0.2350736188653283,0.26524240765148843,0.30375819776241286,0.1793895405038377
19.381898021338426,0.451555845554955,0.28558792273267497,0.9543961292633271,0.6952188039303981,0.871750529627268,0.4499629645779537,0.6398434988556372,0.34768776688831593,0.7320938649570126,0.9561374977821118
4.568452114087178,0.0568198299708792,0.8106032427382187,0.7121192815876802,0.11405203095056782,0.21722371190915502,0.9609470210365025,0.11174778713240352,0.54436653899245,0.7616861236645254,0.9722813458595254
17.739803012706844,0.9339969587380941,0.6383821147530387,0.025815348236920665,0.12054413888965654,0.4982003803891686,0.08277545613836268,0.2195091368358767,0.39718051820599565,0.987369205541541,0.0627677710502842
13.460287059873275,0.7052057279350592,0.42835330679926753,0.20932360462601352,0.15374108969997025,0.4209332229932581,0.05561215265105701,0.15406487641143984,0.21292539959547163,0.18389663284021596,0.2234084857283276
12.205263942523537,0.576451888654941,0.230540684141042,0.7587552413973538,0.346609079976678,0.6690575161267349,0.22352874266912903,0.7635250044875403,0.49462233641778064,0.7680268377589319,0.3579923605608374
18.347122671713674,0.07855997072290766,0.9652005684951528,0.20040918512767536,0.9947075490251119,0.8490543633898997,0.9993298328915716,0.049164529663,0.31175482849119773,0.10980641478376674,0.28795267836781757
10.38671304882648,0.28833806904720805,0.13143431348942936,0.6929690170216672,0.4704006690247975,0.7500381396403657,0.4080740623784226,0.4534359020158688,0.08690552560400944,0.47822195997155115,0.44357953462850774
18.6576023980531,0.6272365759786133,0.4275491986526333,0.06611546832383985,0.5388441909009333,0.40819667703820905,0.47675432398001205,0.01783445645064763,0.734257700446273,0.9400623608218356,0.47113637333251224
12.232631037363529,0.5736100900272366,0.5042780461863513,0.7201085809235992,0.2311102318890531,0.21306254090700083,0.7145929031628049,0.6531485170764363,0.20949431157066956,0.10515844293715482,0.7639813714939839
12.17019772887721,0.32332179513428294,0.19454846313557417,0.4817791729897841,0.789561583617979,0.4609322338379903,0.6644229452430246,0.07074300044923432,0.8504639275752748,0.9553430465564148,0.4126510858614074
15.01757961796889,0.5695450284415128,0.5377340225187217,0.2722160858554695,0.30319717184371886,0.5487272882606535,0.24323034140114352,0.8935516065113022,0.9130655199648634,0.8766179578522212,0.8009771094618829
15.42441459441623,0.3912693421291574,0.8306619958352904,0.34796230498072844,0.31387809218807716,0.6593432888797331,0.018057427699174067,0.76567276232773,0.7955927429641169,0.9924418499314102,0.6937560381292459
14.112491438836587,0.21601170625393173,0.4839841694193936,0.5293635102874255,0.9265212883378584,0.32086997637785863,0.9634175487386691,0.41758966836448663,0.5982372553305904,0.8456516529408213,0.4173061037526379
8.52461176112471,0.03722731631036469,0.8306592636864634,0.8229459511156156,0.12409888069762864,0.8455574265253271,0.38609175763925996,0.9159457451127088,0.003013426387296625,0.7017587896195449,0.05973671859119445
15.028967253191615,0.8266061605934742,0.11428073670367445,0.5958875785379484,0.9850024410814798,0.4141429710942366,0.2885568762077624,0.23692366003641108,0.49339088451403723,0.7433287926194394,0.054239613750296733
14.649684902584257,0.5878361053722619,0.20784688227546577,0.70177458428658,0.7823574576501185,0.453403498332965,0.6828561270510325,0.15461186324081655,0.617869441095246,0.30325818515131064,0.050912491363782286
21.981733639003153,0.7986888818476994,0.7600971672521658,0.21342470194595542,0.7108814833421948,0.7581874889157761,0.588472303784664,0.763765890095835,0.5005867570109295,0.5328673994697525,0.21192738645467957
9.735886117877248,0.4807741779215259,0.32782582975288066,0.860450341182179,0.06855366096777726,0.3400500572579872,0.5660920349815035,0.2712919759596204,0.01836845581902191,0.4241181531560061,0.14053204266088315
17.686847821792885,0.1663018125976541,0.9952974130075062,0.8431379569539774,0.5926233036909715,0.8873955593877106,0.7557758894971532,0.899595070328242,0.6639107673713374,0.5627145814678212,0.3763332795199392
16.574649987272824,0.9861338899378264,0.6583045086810836,0.8415259781000204,0.21939779539619264,0.625217986782419,0.9981348589470893,0.1872931914392637,0.3852465444627057,0.41981652963868,0.7724560458295825
16.787427723563724,0.8897265858315992,0.4148979040818035,0.5161420174074139,0.3258260126749972,0.8714204088451964,0.9811841337379235,0.462245854190496,0.2860428583452401,0.7470262751739352,0.02877585407981542
19.56777183828456,0.6363726315581902,0.2613949384044424,0.9738509810065759,0.7591773435197541,0.49881375893516744,0.9519298148696879,0.10709778618203769,0.02134782562387527,0.4875140956973011,0.5806353793701222
8.692887521679731,0.9100892000737958,0.9854709787659727,0.7674522699930906,0.2566068421101386,0.30251243745828515,0.5580789034222361,0.40598129132527805,0.895704767816845,0.25964595399133394,0.3673158547678167
9.286535575431067,0.2218691476798602,0.14901114149621963,0.519995066257959,0.42678987849241135,0.7947732007648721,0.3690969123738327,0.3138221514845484,0.5042388586665113,0.6892042714397953,0.6173702427034828
15.27569067902557,0.7570723853790251,0.9661507189066718,0.07068047645450648,0.10310596588029286,0.6174669730261453,0.261648150692086,0.5187221184701196,0.6932470743098222,0.8782266870520621,0.04172600282629613
17.995230042001417,0.9858382414682069,0.7253856343645947,0.25315291476512947,0.6881378684338038,0.41861914326831173,0.4303358552169969,0.5388681446530993,0.03329946259380012,0.8750396915637313,0.05535519741231554
17.99728137540623,0.56897128288612,0.3617424964969409,0.9071335845035089,0.489621487263887,0.7522201939354776,0.7932103728239838,0.09357679107808581,0.47224862897522657,0.6345822628774799,0.3123986833246478
13.878441210309871,0.30015370541301756,0.3065988591523612,0.6087680637681162,0.6249459713481909,0.9082745032528724,0.051220307331253156,0.7890200002382323,0.6951242559377724,0.8395669432108194,0.3306432459531573
8.385451178918817,0.12581336847833235,0.3497816728938913,0.6992229316456561,0.24514902391885263,0.7524076279177778,0.28991176432002197,0.6729550763562364,0.011035118832615765,0.008212724631334822,0.9917444679458666
12.595832823996355,0.23647334119940844,0.13605958402483131,0.11054932479906232,0.5025160148560834,0.7056331642033776,0.24236012732811218,0.7272405248671561,0.901855910181685,0.8813092389359821,0.18451531754265982
16.677040972231485,0.7023832838506077,0.6889254249531092,0.11044775430027576,0.1544224719028341,0.422120469186799,0.7341670279745115,0.004712413065265153,0.034976297258444755,0.9059154901416956,0.8956855735412405
21.47025372098588,0.5822675327366053,0.9284923808471974,0.7666875792288619,0.8109046039540532,0.40402385400064367,0.0022583233759886356,0.12167351161789641,0.6723343824953127,0.40625352174569274,0.76672928559165
5.748052392602013,0.2566235760681421,0.40693020442873173,0.4793590285922674,0.07841454842216222,0.34664429274670383,0.39975238848864103,0.6057262936340612,0.5719113581491215,0.6226658609745606,0.3894141465135992
20.680986466960174,0.8912139898696269,0.23327842553333966,0.09953406252155261,0.8455528503278308,0.5882330960286715,0.32207432317322127,0.5914278542622342,0.3960904297433252,0.6018995369478011,0.976221071788041
12.59955707486297,0.44727551883353966,0.35453353879674154,0.29164318479665663,0.6034784287659878,0.18365720171984667,0.7018848619957065,0.13958749459121766,0.854015562147216,0.39998168491645114,0.62114205558729
10.550692734780998,0.2262316780259198,0.13442643967340007,0.6156405738864255,0.5444152136339524,0.7770265067030562,0.19082879050946167,0.9875777089053706,0.2552491582441131,0.9933787672535378,0.2232924602791997
19.43470655880581,0.3844922314381508,0.8531079955182919,0.1572943838415265,0.4119429834089574,0.8781701737822525,0.4022014274486304,0.9142978129630246,0.8530084187790707,0.2039198985459233,0.08221687300360814
10.764356989846817,0.053190946797007754,0.49685677079217827,0.12310878691356442,0.6535213012088302,0.1117777712775847,0.3522216202973253,0.5430189886953937,0.4666577791784803,0.784264961806713,0.6423896678997096
6.568037008723131,0.3892339598061242,0.1373891732675122,0.31606842477966746,0.3667654980991123,0.11032850500147484,0.9180592782277878,0.4774400503348558,0.9924375865972399,0.438716712315931,0.29104129430727343
21.657255603659713,0.7754089095302134,0.488713971598273,0.6877976943162147,0.960589484663017,0.4120786529000712,0.9848209682989755,0.7801460970133044,0.2445603040039629,0.04939362493623145,0.7576850618979805
21.279226453979945,0.990375604980114,0.5431881171361329,0.8688988954902146,0.5512977324058226,0.623109314219138,0.07672491081731658,0.9543982408409264,0.49642028187461584,0.185713202530584,0.799970460261207
15.879209097029442,0.9752128173764861,0.0750606348291446,0.8857587112329357,0.6545175589531497,0.8156809217392257,0.9716383707205003,0.4203504072361828,0.7146388843865471,0.6679542004196068,0.4005955354319892
6.144726629928279,0.1346037263828368,0.3496375013341082,0.244519448115616,0.14584625224087622,0.38154526224328766,0.9088415841727997,0.9643719970300532,0.6669546517727314,0.25994471341516223,0.252291990667576
5.321925519780895,0.1107355697164164,0.814425521136592,0.40155699344137064,0.04251453266360883,0.3814883105906425,0.6408948528658492,0.6410956008108885,0.1346687031507916,0.9862460969653339,0.9627976830606771
11.241538136243829,0.34456753225410275,0.6764109138895303,0.4009091277456087,0.14043525207044627,0.5911335052485771,0.8883349848195479,0.07913400945991178,0.7541294485388651,0.1867431899700237,0.6647423461526708
17.69224467586797,0.9378803349478212,0.21957562985147938,0.7825932572449729,0.7313747967112827,0.5507269769087101,0.7790305811178487,0.6116040890599578,0.9711188911429315,0.8592578345517564,0.9116486661575685
10.12024319950488,0.09202838562488413,0.5105629279657151,0.1504860260620534,0.3272582286048138,0.5867395421044354,0.39475930953832694,0.9903566575927821,0.7496103038483852,0.25893270712232586,0.5273798809400999
12.996679910140385,0.28612710039080125,0.28741450409589686,0.7701887927370695,0.47671774509946707,0.8429107927314956,0.9479965399059808,0.4736421565297393,0.1723152508753667,0.4492054292949452,0.8618689656244266
6.116730929086131,0.3536207164777616,0.043627222796465914,0.4188851575861131,0.2525927523539916,0.5949463790887068,0.3009843345893828,0.7472095127589458,0.2702792506832531,0.8980148765981179,0.8765994043340309
13.717822446689002,0.003491396535021063,0.9651726858491246,0.4145115214093119,0.9642543466982958,0.7646499901106821,0.9724968841752496,0.7052456314994493,0.34002984746429554,0.7867771683072871,0.16755568920575636
12.844027023946154,0.5219379863989468,0.15725354483303267,0.13868506541890369,0.4325580679168931,0.6714885033113046,0.19673187896926347,0.6221878080574483,0.9594394260360432,0.15270628287327914,0.7478350915773376
14.400920641263939,0.7137352362888848,0.05002021598854545,0.025824238724454163,0.8268979640145787,0.10317039907212544,0.9406430648809468,0.4293085010914647,0.4949006318722353,0.22175765028565753,0.6411282694079452
4.596927795165584,0.5393564029143864,0.1515446226338668,0.6611991407237031,0.1482457030696397,0.01101283030852307,0.16415146212530551,0.865792066043773,0.6306477595839439,0.29943231869221765,0.16358919475749134
15.478411590288738,0.7394618787768572,0.5933793236709751,0.6316206923113078,0.3490724504205205,0.36511601544585126,0.012388042217184592,0.08780412460491815,0.17612732912040674,0.2099268494265527,0.22735075389944237
19.2360300398867,0.751964886947591,0.43479339989174803,0.7955943105533858,0.5209762284559609,0.7441015608230274,0.6452191072438983,0.6497171427062802,0.35397557359402787,0.8523116453757745,0.46229435479274583
13.74600798246129,0.3500130636492328,0.0009513384568238248,0.2698792107154472,0.8284887810532076,0.8783095435015914,0.11718326843812066,0.9025136318924497,0.48447361418832835,0.6237478113431449,0.42998889924590833
8.767305564937457,0.1695774097728573,0.6071194114256502,0.6174026223406115,0.2572665959806185,0.5481367491970233,0.4877337591196558,0.383224419183803,0.9389300685033499,0.9276509785225492,0.8617971815139365
11.74708637439727,0.5139339005505222,0.471868069916353,0.38297057312929783,0.2970738778385792,0.3199425857408005,0.1277506865101128,0.8278074965862434,0.9799590863073007,0.07231590063654891,0.22084849688182262
22.440708357297588,0.24636166747139765,0.9103056447036275,0.9348092070793922,0.828012230929989,0.7805028415651625,0.20014059936756,0.2409488675817304,0.6556884745978321,0.15634369467966325,0.17610076729651047
17.53848692543223,0.1134046610166548,0.005783780114107406,0.9269744583554527,0.9695946887461632,0.8351580690176744,0.35691870337326537,0.3390723603661211,0.6918447160383657,0.6881309635130466,0.8346762708526578
16.767836230840622,0.5182567700234758,0.5505830498393813,0.5222422546502424,0.6603515852688545,0.4686762730533882,0.1883325196186375,0.5184316232243225,0.9083123163729074,0.012959551646519185,0.1255314897474843
20.57131642908211,0.4588900750881718,0.7200234489546101,0.2680373068843247,0.8670255607932595,0.44218627727674575,0.07807599556217426,0.7116492897977085,0.23021930639879817,0.7984867742240072,0.021544932106306702
24.135305514964095,0.7961457407308239,0.5444476997225371,0.19601887781587024,0.947645495270791,0.6056918733604515,0.7942028213306246,0.23226421308868783,0.37988566696419157,0.9565360398448096,0.09683272812392774
4.66437970365215,0.01324342413152968,0.09751474044085806,0.3958008154906322,0.14740439902063918,0.586522996602857,0.7935952340887084,0.3451342118674293,0.25546915575982143,0.7758271403071784,0.8447573293715449
6.466100341487234,0.16521661681146194,0.3119653979244593,0.5402284141417251,0.3446639424808584,0.27498509344815114,0.45174931132910157,0.800814665952855,0.007705825667966182,0.8543698316046866,0.6801964991302524
11.486759410836697,0.08454822287851826,0.7516986417484867,0.6945888455567338,0.6916544377301146,0.3659051800386173,0.03406530059290591,0.26540680768416136,0.06726767057855398,0.8565518610356718,0.5865165202225181
11.22229137146219,0.6047726546626758,0.4860872073091175,0.5154142360704883,0.27940325568907254,0.08921761814476348,0.7012865009266568,0.5783335229029739,0.04592376136345189,0.12295078379275703,0.540962987486009
12.044369831504325,0.2834643374928576,0.3183108617167758,0.10621022473797936,0.4307525562113266,0.3677188294639909,0.8786293590682024,0.5369356759350108,0.20443431843546878,0.12735192159476028,0.5562221907511566
8.496378051125491,0.7386288822672491,0.29380251703599713,0.3694751411701577,0.17971986695008269,0.01136739189815339,0.6852109449283091,0.16073919763609568,0.2449484105539087,0.39521491514247553,0.6255984102732328
8.293740508234155,0.48843194329519746,0.13963468211351837,0.5985962078812352,0.5291261282417153,0.13635626961463954,0.5930226029999786,0.04773237188052071,0.7243118540424527,0.10423088086345911,0.5396499999894597
11.035386442717408,0.16592147765238052,0.27487373295237516,0.04680579474165347,0.4114159191439457,0.2771248701586926,0.6152341169494435,0.4387925754691342,0.0505847449418384,0.3402073183224362,0.9062836816148003
11.95184163923803,0.2408073111633111,0.8522508677602086,0.03254494789055784,0.11361820368386844,0.08708806900117161,0.760840739185209,0.10187131267217675,0.5804115209829962,0.8829983102925374,0.13988426072731697
11.078861040307572,0.39618701305149917,0.1961425682089104,0.04890121664598823,0.270308879723719,0.37776868356864934,0.49735395404280724,0.055547784293087155,0.708969701438422,0.4363953749261429,0.9784061258090341
21.467927904940346,0.7997249689449266,0.8703816865789045,0.906743170586953,0.8928581934126034,0.21367009549021565,0.2516952376386481,0.26250941583188936,0.5926217570756966,0.9923899952918108,0.8725465088397375
14.242770955813919,0.6578620283638179,0.7972249622986219,0.9376634632831535,0.000350918075009643,0.08755906734698582,0.7841434349058003,0.05183300010960734,0.5397813347073315,0.5936301714156539,0.8906111409996834
17.218110430087734,0.17400798539076823,0.8089719615213171,0.3878029860159087,0.8891000594933448,0.7591493342884964,0.8464485653188494,0.279898266110011,0.27649036559784734,0.6091092001986219,0.8220166619592638
8.917069875343685,0.19199585494884108,0.1475993084561279,0.13665958283707347,0.43084141605526116,0.21584545868206761,0.7789064880434334,0.9701787461527324,0.6965744160098458,0.3411448854927779,0.5190971911249229
18.802064443002127,0.49423246922223196,0.7201240732428387,0.3679457766471569,0.5937959059714354,0.7045081325785217,0.6185898276545442,0.557302340383981,0.8944024566767127,0.3180305571168882,0.48391855035230313
5.389880896531047,0.15962225439921696,0.43497218190218767,0.5541469952067855,0.24882706026978174,0.13579624055557693,0.8315458343692956,0.7619134102569592,0.8997741445224469,0.03805205997370498,0.03403789596042006
19.827337284938057,0.5727068141668037,0.5116626294037807,0.4807985077525937,0.7867748925142326,0.7985259027539716,0.5736908010490436,0.9422404082868162,0.34157517162183193,0.10052420122161354,0.9127648552597142
21.044656954176894,0.5153323292935628,0.5741912875537741,0.7528467678960094,0.7325908041112171,0.8852681188871926,0.9217249492454319,0.7817509984739867,0.09286338018743368,0.7355595139012063,0.6755316127623512
17.93238037956255,0.6865995881093249,0.38498803832468176,0.8878250076406853,0.4552770980546619,0.5978520813739204,0.7363520080196101,0.9285637396907453,0.9865286140619922,0.3641005437425935,0.8340503241104932
17.313710165405254,0.2402985296040553,0.8337890016249994,0.09682907885172531,0.5166781766566447,0.6018075886313379,0.735765769702715,0.29307921013627547,0.9418060482001352,0.010369922822426991,0.5800375905576257
22.49706406073527,0.9160376070043907,0.46854722932724,0.38586659325683803,0.8695665282267405,0.7574336251915884,0.9901708537498956,0.4975192273313811,0.48153335009135667,0.4284459661093103,0.741011051577129
5.468518444692214,0.5805356864803423,0.04179612155756818,0.20113615399026363,0.22432311350857004,0.13547058300015602,0.1802342376810745,0.1418759945103013,0.21715691055422903,0.16573502162766052,0.23544361289571636
13.178934206308647,0.5324720442619614,0.7787912704877666,0.27474076450619445,0.16047851519359002,0.1832719833194565,0.31190737027922466,0.14948484075024338,0.08546142484193697,0.7593232899209175,0.8065096946460573
22.36383851942871,0.8383174709180478,0.5490026131514064,0.29554304111644714,0.6694222730597624,0.98229591711029,0.5053698897916806,0.7185865316629811,0.6452422165735116,0.3783044743925503,0.1829120801300126
8.739723756205715,0.18581546113245184,0.08381514693403358,0.02247919215551486,0.35783870814669494,0.02234661385362935,0.8407755446066865,0.31904265445875013,0.1578314286805269,0.6995349436591543,0.17464559200125673
8.356692888626508,0.08134436777498821,0.16282357484398813,0.6795405352573709,0.4285332617353639,0.6021374390392706,0.9168075770890152,0.08373642936014314,0.5484267476269945,0.9645432663045628,0.8857132801452975
5.5576223341217545,0.015321857716027898,0.6363128005211633,0.2990747341031369,0.15060839444548113,0.5875755269139185,0.45066664330876316,0.9860185803549686,0.6411119295016302,0.3231314183736341,0.1177570604168875
11.141039472708265,0.3099393614109094,0.7125285599917656,0.3271577007445652,0.19777323311338768,0.4342502529841574,0.6210409122726933,0.6870500164427126,0.19537319304678924,0.19261763638528162,0.8749318086565875
12.931538141103367,0.8802170420671382,0.5444857703363473,0.6311161225288534,0.022704339878656943,0.47637477019898555,0.7665219487143905,0.6978737175292276,0.9773271636369331,0.31617040162828236,0.19094470320711798
15.354143685109982,0.36566022702038836,0.573108149861484,0.0721939276073349,0.08068956028841545,0.9537348057964721,0.008524197661535338,0.6243238738355105,0.10155846425361936,0.8845724393355551,0.6490296431224939
10.26027904170215,0.1876441409975872,0.0785546476919593,0.7414183991955282,0.4712636521113156,0.7838140700938407,0.16035453112946696,0.9970343703927542,0.6533877330691719,0.48139963602415425,0.8654561881346738
23.81330457748045,0.7113391053229091,0.8668828604858863,0.887495677747892,0.9737661260098036,0.34731345697350635,0.875847023994537,0.33724475912659624,0.8481009297255055,0.9745599453209504,0.7608808036305177
11.978544358549673,0.23093088939522044,0.8794396681862263,0.6120643030237449,0.16806823065459975,0.818117897553789,0.5935672898408187,0.46129416098399467,0.5600686872380705,0.6340781652851037,0.9748951954236005
18.387862925377345,0.6754047944176469,0.10851740553036437,0.9669860763802445,0.8637446162977828,0.6213232834277232,0.0037416590030479036,0.16399326901241817,0.6794869243563822,0.5427044934444673,0.7531137838010875
19.16796992114876,0.632818785467134,0.4288247635683299,0.3096987043785986,0.7473642814788226,0.6881130697848549,0.9826057566667867,0.5425944246585149,0.4288973087530191,0.9070774877436694,0.480909973176752
7.56235585188561,0.1164095483864086,0.05778530124988035,0.15277774820264145,0.18079605197263326,0.626363558938005,0.07219838068367479,0.5322573763051686,0.11961776838673688,0.18813042185407647,0.698986782856695
17.28569811821815,0.8415953864405511,0.08331730906551449,0.7349124570445377,0.9016672914719643,0.9960506081493924,0.7493747929223432,0.13951791978888617,0.14782908615520807,0.0016619444467014244,0.41480093227264836
5.041144785619777,0.37390604955208695,0.0542309418922412,0.25559278042694145,0.25847639897556485,0.12501686554399272,0.2869018986138131,0.7843017038975845,0.6222154227460076,0.7678427457061786,0.17088444111059764
12.41446710683892,0.34531775375124385,0.6994180699471406,0.5261142567410196,0.16320789695979065,0.7777025276943781,0.9104576217807576,0.028731386280888116,0.5063943414754699,0.6389477665487266,0.12404232604101995
8.514921568024477,0.10095274284432465,0.4755840093003142,0.026117685793217937,0.03481577967593796,0.4345722853816525,0.17338896570864826,0.6169158422789423,0.5740356349805008,0.6686026307307239,0.49344553909597844
17.191039069138643,0.46057587230337005,0.19214751102342842,0.33506643350506793,0.9089467751164496,0.9625854603259448,0.4136978510846596,0.10724165320557866,0.1979190361354416,0.8596610988446323,0.86540216799812
19.92743709778273,0.7207577304919612,0.8368823223855341,0.8047861340998189,0.596416172534414,0.525251650876096,0.7660796963903242,0.429740959723265,0.09925493385408102,0.6203356989511061,0.31841911181659455
13.398036891693849,0.06492453896036354,0.1536089753060078,0.3588018217938286,0.9642868413000523,0.6086340888432569,0.06827204497203943,0.5169073399347078,0.41376905361450844,0.11586213368818754,0.4231323532583974
9.777348145798527,0.9334071727350389,0.036763914789155194,0.9295275068709746,0.0447545816033873,0.9127904383136496,0.728460789452547,0.6100098910265491,0.6945954633926531,0.7864587327728059,0.4381930160475943
17.365029867428245,0.5569199280856653,0.44827599555668873,0.3770069448940677,0.6056940884473339,0.7884338734235666,0.3261088025969602,0.9756620783859357,0.6898301360001218,0.02513342421935727,0.045899419038487155
15.593204015284218,0.33312730143405267,0.5671715791946709,0.026902903067827277,0.24836042959942684,0.6079827027158609,0.1638746067816078,0.6564784569821851,0.9537537228980018,0.3626664565336921,0.3051460498837605
15.74011678533282,0.6618347764190231,0.4029131755512574,0.6909249649376247,0.6446783588060446,0.2265874437380564,0.40644381002965024,0.011791323582690083,0.5763045695200468,0.11685246532613636,0.16005137492066368
16.46445827333738,0.6860707535193246,0.21146462022045687,0.7685380857620342,0.9593991648941933,0.20531454245539804,0.07971597629018434,0.780935982523188,0.3610632729228712,0.602327700108842,0.579393538597827
19.49982104364839,0.6511856421585153,0.8534021883616615,0.4350244782638185,0.5111705622398723,0.8913035454066286,0.6190918412650548,0.9470769526333493,0.7962874625899486,0.4591014847228122,0.8323850696967405
15.999377860525378,0.6644665274403564,0.07295031622464232,0.8064928121330439,0.7934015620660607,0.9339317378326547,0.21208416322144752,0.04680509887427686,0.7309694873606906,0.8168617575932099,0.05309791243855999
20.54330905765146,0.8833736039589823,0.5749793379991004,0.9030951456885679,0.6834635810510685,0.09241116177855058,0.3015421003746448,0.769873065276254,0.00915970884587558,0.1936944409799024,0.5528902123174035
13.452110511466898,0.16490097582502772,0.5090920068241702,0.46127377193887953,0.6632987246357294,0.8364474504926775,0.9432029118850698,0.5664367931163676,0.3691274714602477,0.6546953157064674,0.7013638446192229
19.142765770494588,0.369276420928747,0.36132374529238354,0.9587079303369745,0.7989437161650773,0.5749952776241799,0.3238060634880733,0.8473698976725128,0.04450375502228321,0.33325635121321107,0.1546539263765403
16.491436447048596,0.5614838674862994,0.6845899098093778,0.6624871117489517,0.2930886287975072,0.7369804414260481,0.06097767974567381,0.3278909955309709,0.35881692004886956,0.553249524581564,0.9520982968030155
6.122222465458948,0.09541330938316817,0.6545904036340991,0.15514665901290736,0.02129836533439189,0.31623903925699126,0.9377953549941471,0.4951445033471078,0.28046135726248456,0.32690081658397485,0.6612902601712796
5.478560427053141,0.7178674607120991,0.026772613655970834,0.1075082783558774,0.06626198515593662,0.22630474721651272,0.3517167391814653,0.250408613458334,0.7195642730449296,0.5935761654415024,0.9475135955471667
14.037772569029006,0.40750216986755505,0.6093106785189811,0.1112409553816448,0.08181477461248265,0.632770497841203,0.3620156636415607,0.70581450346653,0.8503517169181839,0.9123189668390737,0.17332323893569068
10.567497474315372,0.01598318300825563,0.19424032074314979,0.2952903945542107,0.8611479076854436,0.20407325590566616,0.80377083877901,0.03332731605906547,0.5900567160616502,0.5225110871101175,0.8611801125303093
17.38410783773695,0.4787729529206801,0.6248010924914896,0.301497669499465,0.6031771154388319,0.4980105872027758,0.8482785492009233,0.10145303856783727,0.7318597833046779,0.3899586015818447,0.33427897876176216
18.591049749657536,0.18341953484085494,0.23374822758725355,0.9335824529098596,0.9433023404063813,0.8110588609458993,0.4145208253627237,0.3256945484733472,0.27291014001045644,0.3880374579844197,0.699335078263261
15.16658233803916,0.4183597666792973,0.5250887555960037,0.7362240378524562,0.352328081326991,0.8321743303199806,0.37914926698358975,0.5533415820757234,0.7377447609206157,0.23706916221158847,0.013685073704425177
15.31788553838103,0.707996868763706,0.8711478169492816,0.6941460312958134,0.02958982424451362,0.9866984882217658,0.7851258879174636,0.4634245051516892,0.6358585600453976,0.08134787280627442,0.6968155808719917
13.443217077980837,0.5082003929638554,0.2437131835372447,0.3619841970540848,0.605318562010237,0.6430967458592762,0.10209266355889846,0.23228521067294128,0.06423994615483897,0.15195375858410265,0.014339555284350713
14.830888931580791,0.6945672285964212,0.31284478202791655,0.4406940331965864,0.34693388464861086,0.9965507027317222,0.41125705035710747,0.2495131580318476,0.5804558720208034,0.472962942474356,0.7595603916291711
19.156337080355577,0.7468216504366559,0.7680160751983814,0.8051977749790606,0.2874598301022664,0.9369488099105374,0.5930334922780075,0.92516104837909,0.01133810127517021,0.13496485103210798,0.24449737048554043
13.126111178195796,0.29380605688094896,0.07139420477357628,0.6774437965801917,0.7211261195963997,0.9253237533825495,0.6675631001749381,0.34540340947846315,0.18408406720527382,0.02216421608113539,0.32220246013003273
19.349498926278105,0.2659915010990279,0.9793286656739869,0.6501556643724122,0.6774595300446333,0.9647374280858549,0.19444541805368465,0.960926395742964,0.12209329606999131,0.09892032823410157,0.35144924471975736
21.55466587620669,0.4210783175122671,0.6948470366225227,0.1797981341961532,0.9831791703914369,0.34424515317845983,0.4281903610006753,0.2194386527628266,0.8623550220214816,0.5929237373175259,0.5603638773688123
21.981066603350577,0.7007609582142995,0.5147542826518938,0.5291532851790779,0.8055210011108394,0.970196795452219,0.8151692229076722,0.09002001935151016,0.7565302005900029,0.4905908967863333,0.8339574501265746
24.801792983720368,0.80119071108073,0.6302748010022462,0.8798786504197561,0.7589634299350397,0.8654443948534134,0.6793766622992059,0.3609115078002675,0.668135810682067,0.4776522879734445,0.6115159759935118
14.326658811963178,0.38323838298583834,0.9895693712227628,0.5108164017938909,0.44307167944944537,0.12092838118139171,0.7070922621215386,0.2860043123249354,0.26504516217162455,0.6837070677646276,0.8956190240773912
13.562586011692707,0.8299396423634376,0.46798289036116536,0.540149883251038,0.25034718376043463,0.32704764900646377,0.628064245128061,0.033189392523578665,0.9830360538093853,0.367796325077862,0.7033209784305782
9.233687927718986,0.12448122316179988,0.49823432837810355,0.7861485536172472,0.13316782775071856,0.8656506820839078,0.5688072406185626,0.6272766168267562,0.6804871990122741,0.9549498207881197,0.03516150959402342
15.932279949398772,0.6171741870509273,0.253513303766553,0.464003466923428,0.7959478054429657,0.6454100985615676,0.5223494006194662,0.8977777453416708,0.7527718763101755,0.5696192323970369,0.07524533826538982
17.881086692231662,0.8589211813256074,0.5219451010084047,0.6910752945010741,0.24547080253925924,0.9655492275044153,0.11978359497982738,0.2823426138294757,0.9230314934416299,0.8359866495254338,0.3066868857139625
14.270475146630032,0.3456604958773092,0.5056565315708453,0.8665125362608291,0.4134682659597084,0.44598505551651646,0.8412314474055381,0.1841015775014323,0.46424733692422093,0.737372452962978,0.9925458638783998
13.41654159490049,0.5077007971801277,0.011870952765010045,0.26933088485436996,0.7370331135219813,0.9585433113653004,0.31445914779422346,0.9854864237005093,0.7047900513839301,0.038241652679374405,0.3407272507118003
22.240656745136793,0.6460637391581242,0.5478919197808306,0.9713677499154081,0.7601494416635148,0.24587500332976397,0.8940735688549696,0.49584068401113834,0.2629977529556715,0.8135403623891423,0.2287336491850681
20.626339517818195,0.6790870593530905,0.7529071173151675,0.646168469940008,0.6511904158207661,0.7386839580677276,0.38291954765725156,0.2246396487229978,0.12320948143879007,0.053142164269421865,0.025397917701648565
8.951302404914781,0.20975853171250636,0.8943532586341741,0.3375602058401088,0.06940538320799505,0.43424939273875984,0.43808631250025165,0.312345870377987,0.5127813108061785,0.03131160204046202,0.9356076126994078
9.368623776610452,0.1796570819899891,0.24546960805360574,0.23241555269891523,0.48664595098205743,0.3378220147566098,0.48920983806515883,0.8902269407983199,0.33635062205785904,0.011627603201918024,0.9771469952634712
19.084965519880434,0.6067919862829999,0.584007841843431,0.04658048656854197,0.17893763852945266,0.8424470816738069,0.5467180987873207,0.9312673214751389,0.27867486390854923,0.9207683554675732,0.6871161894119653
19.950041179798195,0.6028439804817514,0.5703144176937178,0.35408352869383386,0.8451412589821131,0.45053722483465986,0.3149544685733078,0.38131390568965795,0.4901064940756228,0.5488200785184433,0.3806665415624557
11.38777227500682,0.2280466592114223,0.5536217474968478,0.3372404685273994,0.2577074619088614,0.8835505787230832,0.42831189651379,0.8632233900924653,0.4998657555129652,0.24748518348591497,0.5653234801576916
6.200218303261217,0.09730833481448053,0.536948889758379,0.2532401850708643,0.18041040543502584,0.30883957713012,0.4659567921223492,0.7517836042832937,0.7401862238010379,0.6549980754506188,0.898817514607545
14.684126099673033,0.1295217530772631,0.9800335854715665,0.7251636535334098,0.747494343357707,0.4624528339127433,0.6752504017258242,0.5194248910068138,0.7058041059454286,0.15232256102055097,0.08286830515168542
13.763011338393131,0.7667791939153797,0.17701101895935534,0.6465200652663773,0.7779799779293117,0.2835722330449959,0.8192855122412298,0.53078651673029,0.25720546737507,0.5032959466671598,0.8732618464887739
28.110832494928154,0.6044687164828689,0.7439080469654367,0.0180366592007436,0.908228960973244,0.9015035176160379,0.1568709797638289,0.9129486480477682,0.16273259003046103,0.4997160152766281,0.8141291038357324
8.177330139156584,0.4174030231262008,0.36613915467492,0.3232513221511909,0.2429725443054347,0.10078572717813805,0.4608962526194569,0.9805014793695425,0.34000200363809774,0.007707127667265112,0.6603012604397193
6.741689395536872,0.18156182557911638,0.0017407103796777124,0.43823591618770563,0.6284991417926613,0.07409460858503014,0.7900288861245229,0.5754997883000732,0.46293377646957856,0.655561841681952,0.15744109744976142
6.815338703883443,0.5343724144176004,0.10440146136685713,0.9077635927464132,0.06464241401604909,0.21995595490027875,0.00558439420874457,0.36972016151838827,0.7507786007804986,0.18933889224446243,0.781110843060675
21.290227599627634,0.7326552789050891,0.4261883881671039,0.1815994756800977,0.6005862551440723,0.9892943023177511,0.7275245635533413,0.5203518264188213,0.4376571380625792,0.3541397931112209,0.4575407850531745
8.662836405876421,0.28185645779209934,0.26234424424837444,0.6000273030268557,0.5907467590390468,0.05061901432489513,0.6020052055000003,0.4171307054930161,0.08637982246724973,0.3587947773576585,0.6914064803734437
18.840211230326318,0.883765147301628,0.2309702484059225,0.366765383786549,0.9643893947603392,0.5718259575001321,0.11006942483653115,0.30148462601877757,0.02450932245971016,0.10427898302103955,0.5544115975508299
20.809891335633655,0.919521203521196,0.6555835681662884,0.8891223859403257,0.7605199460014234,0.13871630097513898,0.25176822518650555,0.4800096902469394,0.6944781494842707,0.42832647800578705,0.764400668600569
10.386402221408133,0.8010614196132959,0.19217129905936958,0.7445305181035076,0.0976798771642029,0.7127659390735732,0.4857671255459637,0.7054186117412201,0.09188080722494041,0.25028920170457725,0.5032296333501262
15.676030665821983,0.5823363169874092,0.5051766466614519,0.39185380884301835,0.458140791155076,0.5758613845919639,0.4035805503423009,0.8107686532734032,0.3266257884581202,0.15441383547634369,0.3395170705234688
6.429786975414079,0.519563205146962,0.045860739527533445,0.7640393121101923,0.1284360389407443,0.6006451340529976,0.3759098884422666,0.8646861895804246,0.2395225157734695,0.1484668448273927,0.17392057501692004
4.296265155732408,0.2527031067822503,0.08647028781875832,0.21201003876043234,0.1583798888269483,0.07355235995708886,0.04460757412795824,0.18198818193591149,0.860938245756965,0.7122880642258075,0.7146628767747261
15.731948290548479,0.6242538164330825,0.5399136164641694,0.422558991210241,0.3095417407021499,0.7597301384040648,0.255753152904617,0.4355375134007198,0.30879471054154073,0.06305138360834683,0.4804697289082398
9.423363177039768,0.07762600397674013,0.4166319445352472,0.11735021625087083,0.24254858883292907,0.6110340106891206,0.3399969776725781,0.16617716988733267,0.1421173632385584,0.8206323071657124,0.09366775112066816
24.72608304016025,0.9544884219480875,0.3570686959285817,0.9040479788336738,0.8880927206055228,0.7609286691398987,0.7824247526318451,0.844796953190113,0.9131878884679508,0.8170374706882351,0.17272676337160653
22.277515902943122,0.2957783530267999,0.47590132448974953,0.0063393341786377455,0.9951906983789808,0.6344340321407164,0.7462625466103917,0.7971995728104629,0.8648105464248266,0.3623825028443848,0.30368764926137615
9.802277117522273,0.016803821920626683,0.10614657487617707,0.22546639014410208,0.5101977990216882,0.6273779548884466,0.7040616609002404,0.2876023524226887,0.014575712853734046,0.7253772881168526,0.8788389615373651
18.229351025381142,0.7875871144977613,0.96890382717668,0.4712584813609435,0.8126871066276643,0.6623432377202225,0.44108574079960483,0.1787230710399874,0.9639536957296191,0.3976182752961449,0.15872028486101553
17.652353170084773,0.1799022580516133,0.5744230424502922,0.03180829097196192,0.7138594492357312,0.5879794970751582,0.32337538106654096,0.14373056002409335,0.045417252290337884,0.1407351573552882,0.5542524578499892
18.17026222291379,0.9627904236151082,0.5842611468407836,0.11083477884540682,0.14278140029244124,0.7811465970500477,0.7475108274214655,0.9165453295108057,0.197470891883338,0.6126061200796857,0.3718407855572944
9.433773950306751,0.3190018143587088,0.039961490430733715,0.16022815256025247,0.34839022011018883,0.6481194117133202,0.4406233221010285,0.5807363813976938,0.6466166396444825,0.13053161180952122,0.0019554575338613933
14.611606262402919,0.8503334966009495,0.78660572726283,0.5412429174716802,0.3683591652494115,0.4537345021580862,0.212496618148017,0.4807807032347804,0.6011422202824559,0.2023901763336019,0.7128163181958292
5.001131207474309,0.963361107695002,0.9924292290822609,0.3036445904412117,0.05982284677482208,0.4511996329754433,0.14672184954845302,0.6374507384717403,0.5933706945430679,0.21438428523210995,0.3584584632015767
11.24504533557867,0.2726365499299094,0.6573623780967244,0.28010456537204,0.2707903003168345,0.446494664061732,0.5688837255494384,0.27732308191273436,0.3948744635499811,0.34723364597717754,0.49956333964932376
11.588822593068228,0.4935349888795417,0.163114334087893,0.8064052352648547,0.22958036107601987,0.9826290648882696,0.35472330403058994,0.3610381348734907,0.45096823318889934,0.5586052790514752,0.8351357296741069
22.259638081294057,0.7057227183680586,0.3208568384422832,0.7682807993615524,0.9419948021962306,0.9742961161068684,0.5862478167722452,0.9749815512501142,0.1861342628110325,0.9141990991979703,0.3153248892442111
19.499967079899672,0.40501182496601573,0.4973627342814465,0.8646905049529628,0.8772721505501068,0.43058539724892797,0.9817219435351419,0.8407797738794243,0.0412767491406586,0.9273142801079591,0.2599928256066635
16.14973770623302,0.08466373619539536,0.14696585792244898,0.9561913588859429,0.8837992374475214,0.5517470955668446,0.4288666847330006,0.12275857163551529,0.8347859621973361,0.5495271094190467,0.18549648047023237
11.285156637592905,0.022764085525743827,0.04722277851740886,0.251055203028556,0.6896798888771899,0.6230231951375054,0.36396497325506527,0.08113285078113375,0.6547836031776622,0.2682302193990723,0.5783823186947812
11.892537791575913,0.6072480199951922,0.052446270185938615,0.6691559333619164,0.7472041844570501,0.5698717499428683,0.6373656756972922,0.8617284047719216,0.0367647377110355,0.8701591646367629,0.11032127307216599
18.836757875447542,0.9849098755308052,0.8610290108989659,0.8234271461212311,0.840702457738056,0.7485672263894464,0.39654249384736684,0.9205563914129816,0.8300725760001296,0.42180215794382825,0.105990872148497
12.528942647883913,0.036744629263500195,0.8113696449040002,0.20491879829464943,0.9605336580823991,0.049379715268038527,0.4709686212557086,0.7466116998949697,0.830134306931453,0.3416260541104549,0.4538881033340838
5.792284105972362,0.029727833845933582,0.4385651456270756,0.42126630750140004,0.1255259338470065,0.8007142736127847,0.0725682070653435,0.4782668572029859,0.10493341620076324,0.022514946597396057,0.8615345375881971
6.810111255868302,0.17762556680222252,4.909912500239422e-6,0.12375977215232592,0.1960603215462644,0.40366929214844116,0.6746094067293187,0.07200166278586606,0.46555086732207374,0.8546090948390354,0.6780024377128389
19.83110125524933,0.8216286106874678,0.4880097211255362,0.1666193297129317,0.6893105893756943,0.23905477311358914,0.8649159189078373,0.06439939332904743,0.5206395540921662,0.958683715968313,0.8119478967553516
12.033164226654437,0.1151508917376225,0.49903418133964805,0.8277672839448902,0.7303062062470255,0.1571944546636812,0.4142314670486459,0.2505536450938536,0.23673115638926923,0.4855711478678023,0.9258717514128395
17.19051665996186,0.39305189746586366,0.20318381096783933,0.1559060273912395,0.7794692608876547,0.9090235975346306,0.728117005935944,0.632015873442368,0.33719733018922415,0.6444308349215002,0.8011797349646359
13.490683439177962,0.3201511191087023,0.3936610300042088,0.5160988743966363,0.8320406249584726,0.2616709330413479,0.8787695537695077,0.8393278951910788,0.9748358718376214,0.13500320583274528,0.5829259507810921
13.990582645644475,0.2559011153916021,0.07864741075221926,0.22506193051881174,0.9196085415807084,0.5301647794055228,0.9276624167997308,0.7160835563642378,0.9956403383521732,0.8035162831304924,0.23763513245783863
8.881526021850357,0.7078241391087121,0.05212880898748473,0.5120655553755702,0.6326972734774235,0.27901004617044445,0.11117861831072662,0.5968662698443412,0.7927313821843716,0.5093468863457786,0.7446796280536553
20.508083073538735,0.9180794572978458,0.3679982848033856,0.43351106376630044,0.7543295302288014,0.8292038429095985,0.1945988128320818,0.21798432283522928,0.40232517969517323,0.22431658852736236,0.15400704997261006
16.88247674468475,0.7734145153964394,0.8250590927967091,0.44872225647314146,0.6188539109025893,0.31359857589642437,0.7586585483311097,0.16604245114526228,0.6402031228510832,0.5287215961689452,0.964082595111156
13.49649355045806,0.6993342688160572,0.1959208990659097,0.7375304411924987,0.7333351041538756,0.17239915654863114,0.056774042096176314,0.044149369424087204,0.10290413526065445,0.163049834202593,0.10950906009757977
13.250635562436754,0.5101596340429689,0.9156987045974206,0.2411370327471769,0.16894941702845168,0.054827569396183495,0.5966613688990646,0.1582425091080556,0.19251682696850403,0.487649962366852,0.7225049416654433
8.957482575265752,0.08538727572954674,0.1216439680573499,0.019387872904964354,0.015762016172238824,0.770769512424311,0.2909574442160221,0.8561271546640433,0.11792493000675641,0.3321952862724199,0.8442167417091958
19.822699613607384,0.4864961289352342,0.7888283722091495,0.1270468857415462,0.6320773205230005,0.27588490832953205,0.7607374254336235,0.34531251813019936,0.7226084359856535,0.2760801418093414,0.003819712636271566
16.92240881590092,0.5965831698591143,0.8883027286142013,0.44953964768166566,0.2594866423428559,0.864167929231396,0.06443578501965008,0.3548327760405815,0.9887657555312429,0.8935966856008137,0.4925193835004634
19.73653950263292,0.5144432316202323,0.9706577662360191,0.5832481117667274,0.8261555464446375,0.26728000670083296,0.6150883006847371,0.6014387798907699,0.056986026152192726,0.9102610174403659,0.21806902017478214
10.52207404378061,0.985489559857251,0.8472698403539834,0.02514476323472492,0.012296925813106374,0.18682037202881008,0.9391373397415268,0.5746692358711797,0.5806209162775556,0.623892000382263,0.005709513814838196
8.107346754263718,0.9676512270855473,0.9784492179986627,0.511990412469838,0.30969966023594453,0.6687685587872857,0.4725322724334273,0.6280362148284645,0.8705640463664094,0.30585452838922256,0.04919988728495461
12.604277343849928,0.6847234810824505,0.5296197410479037,0.49406724835592863,0.22627146042691715,0.2515092383472075,0.866111862845932,0.8645973154801929,0.1446101563163361,0.7953161787256945,0.3334641810142781
12.092695010708766,0.4495203440853608,0.36894660236049726,0.8345837033363082,0.45412270167869095,0.06696110503287978,0.24518414488842788,0.07921428443061052,0.0490828697673058,0.20192106374859486,0.927605946441139
8.601539842507796,0.019589403108629666,0.2966761968429307,0.9072479896590661,0.11196578034223348,0.796458687813769,0.1471665210333034,0.08684187037155844,0.9560117742308238,0.7832663047877078,0.4640754886364892
19.116166313619207,0.5851872936808299,0.25002947055438307,0.12985133006456584,0.8099632808282753,0.7679811277585922,0.5519783043191037,0.11528007172581411,0.5030035776228698,0.2942059434360341,0.6018036177655449
17.711528074218016,0.9736670435977489,0.4530536950778521,0.09409861395832275,0.12588773946523868,0.6656214348662354,0.4130800748991552,0.23873618152458054,0.3210723978666564,0.8722430871945303,0.6414845384705837
20.81944807963138,0.5525409935561817,0.7685141385859741,0.4681668629630613,0.9635343419411925,0.2885635163880115,0.9596275572895341,0.22140797246452393,0.18343026068513768,0.5584798610314504,0.8043746577708706
23.39301004769908,0.8058146688957414,0.707094370112322,0.8250982870152797,0.8845420899094585,0.5346372343408461,0.9968959886805943,0.013512578405399323,0.42515432675211373,0.45149048574917705,0.12378136740441825
6.005490259635748,0.9308619915446271,0.937120368923218,0.4228282052805894,0.09620771862302413,0.20402026863753797,0.4420580554974196,0.991301074649263,0.7532320411040176,0.9387441001246002,0.4069251286444471
7.587297435570003,0.9956104585178062,0.03514463533301382,0.16973611046073434,0.28102182506436524,0.29971043150754495,0.08468411120090902,0.29228897221512706,0.587276723228302,0.44510167371839915,0.9334138462379589
17.576171451576645,0.9917140861365353,0.8075345953538436,0.41531407793892916,0.9560543745788154,0.4031596798692638,0.17363665422500574,0.25317837568041435,0.2659286883321479,0.4526282039850372,0.06622498343504102
16.013386623723008,0.5784286236535784,0.4360022533785707,0.40754584726564413,0.4309614876127521,0.8826260581477078,0.7007865734820935,0.7010035890637033,0.1692267502300846,0.7949310065893155,0.5175728165880668
14.030397679054282,0.4872571235361839,0.07429528769664251,0.13311217500459782,0.6687072015187429,0.7032714249735414,0.8860167734598388,0.36826784509757216,0.1474601473119761,0.3644929919106207,0.2907852539971869
19.19627622065292,0.1346505140429317,0.9997372285247617,0.6363389984631413,0.9817541334649826,0.9805695252361275,0.3046433995617652,0.11883996118741391,0.341744917797541,0.09057162202769253,0.2548371008270679
