y,x1,x2,x3,x4,x5
31.47361529672976,-1.073891835494528,-1.2419093757666202,-0.8722292945672452,-0.5106586378627758,1.5171147736103259
48.172945549478264,0.8848796750933139,-1.9145373227187852,-0.777263793751128,1.1382793851580932,-0.8069987822872227
-22.979842763336123,1.142438535556646,1.553658512866185,0.9079926383209251,-1.447767178715087,-1.0671758940401244
18.1036914501093,0.3399971431451432,0.2680788536365606,0.7573240972198763,0.43133899389047725,1.9283040660153823
41.244089709047216,0.9457736792140667,-0.4898721534617465,-1.1000745603259219,-0.17766602475499438,0.3499229633392069
25.218412800479904,0.6690805944424469,1.6114422431571769,-0.7231343336988232,0.10026580411367503,-0.654755018283955
7.336332008856306,0.3139224738470858,0.5351062673477567,0.6964613451495825,-0.3000579243975694,0.9058459497319338
84.63319114989413,0.0063053556027869995,1.3264137421713644,-1.5759818029678092,0.0847701408235424,-0.5342472756929162
40.88081124007559,-1.8975947920476832,1.0091203471118368,1.9193256953425548,-0.6747190943094159,0.9393157778676033
29.031206814293988,1.876108463845731,-1.2003889724179806,-0.5547710617097157,0.4256096342456086,1.928189953237804
0.03935071663156142,1.1946298611378037,0.8200558306442987,1.227651916229488,-1.2703652999886343,0.30299842310112224
104.5359866164863,-1.9443744566432022,-0.3195873868021697,-1.9008598301077786,-1.235393653217363,-1.5348295951519924
24.319675503784527,1.7594239504218265,1.3562213036217763,0.5559005350729005,1.1725835179509319,0.6327985217571914
35.65641481370131,0.93127829996744,0.9644805754500276,-0.235689986417853,1.8455630455651644,0.6464165914381694
63.33477058207434,1.0565727329259267,-1.5474842382759042,-1.1090917405112828,-0.03621938444561312,0.5599580881341693
-9.2102167730188,0.6814427634906388,-0.8131522757431413,-0.009814036180332497,0.473949310588869,-1.8584181567103926
15.449042316041105,1.4546073456831787,-1.3153980095740665,1.512910443131601,-1.0237406945809844,0.495828406604808
82.29122111616634,1.3715383858963355,1.4593381838563273,-1.6528972378686473,-0.472696392603726,-1.1458946786848574
11.646992474057024,1.1800922776581237,-0.920220167064588,0.39241075364982914,0.6146744146340679,0.5202786887015391
1.9938451186081307,-0.9292127964768473,-0.6800126562421771,0.014501460185351256,-0.5450676364060332,-1.2847259804942626
4.190164649102999,1.1329139982502037,-0.7030173322010667,0.3827453673695427,0.48031881800157805,1.015901868293751
11.44256919101516,1.2370321327245573,1.9612855210571936,0.7558787693910052,-0.6342876980049255,1.3487459852244044
107.86384909646907,0.6107630539694968,-0.03409125974593907,-1.9704839452072345,-1.913732001943321,1.1178033361767126
31.25480878348612,1.456569256896746,-1.5368416846428952,-0.2522101444006166,1.9715222529546508,1.4069207322018045
50.666961977813955,1.6071546460559842,1.7506628514098739,-0.5664596153195225,1.3050143890983925,1.8685583896768607
12.746565822646968,0.9063701685963621,-0.1376161994080234,0.7914918758761726,0.5241193707613996,1.9250107051102137
79.69707038886864,0.06621366707725418,-0.5639234406233364,-1.5834842259778186,-1.3094782064423804,1.4288173340970611
111.05500846601966,1.4726363184764897,-0.5682094178993902,-1.7769201625155286,0.27457205317471267,1.9056605464390866
8.006220408371242,-0.10061430226928758,0.9816514075497587,0.2904033280585212,0.309996683905426,1.4161960395781876
2.933020591753398,-0.20726612164826275,-0.5983464777186471,-0.04535546432427484,-0.9584204855605889,0.5541380266062856
116.34257801012276,-1.4701261103857517,-0.054849087244541295,-1.9108295016464476,-0.8693359831777303,1.2575483092702466
30.089163732780165,0.4087604845500663,1.7243526578631667,-0.15730719543720273,0.5549058015484922,1.5798646736381157
-12.406391413163224,-1.431411955764231,0.5990299139402939,0.03299620422625482,-1.7368571979416192,0.9860456873478065
-11.005115291279957,1.3945435381217317,-0.20653942283546378,0.23483626310634698,-0.8005188746513077,0.691453863522399
29.817683293895495,-0.7948758040520887,0.7089258610675344,-0.7350765654856,0.01763786808904877,1.7869295473966305
34.22200002239077,1.1109839435889302,0.7670681112514108,-0.46626466907041975,0.47544952963445697,1.263190277169766
99.56664687503928,0.16473940176502078,0.5533865352296736,-1.3566877085634932,1.9002299262806925,1.7587074217494418
16.49021495954461,0.08333489268868144,-1.2682211260801965,1.4046800843517557,1.166023734189792,-1.6558711246378612
8.448150056248261,0.9799828413350626,1.4994295282874437,0.5845202394385169,1.4095894781433245,0.8326511540400534
4.67260595071845,-0.5661528526455499,1.3223809992710618,0.015330671425228815,-0.17499381516650026,1.7650026181917386
-12.008494558083964,-1.7421213517436733,-1.1822321383348235,0.2933887992922837,-1.3897105658817832,-0.1652738022320177
4.5690094147765805,-0.44782954248855367,1.163304019257673,1.402398105675866,0.04159631296893407,-0.43101525976443567
17.5100475418585,0.1245720604867202,1.8738179256165015,0.7858968559991815,0.6612515017966087,0.5138675974036113
18.09165764224447,0.5348986676005545,-0.6213154133860286,-0.4052311874408683,0.36612522097321865,1.3372312909191977
13.176888193414374,1.1928278953834557,1.1204656072313295,1.6354135059106385,0.5016957016588734,-1.7826859041804886
29.4103698170784,1.3885147034159124,-0.20605458956622558,-0.2561120177518288,1.5993789389769817,1.9617058442068496
-4.76731241364555,-1.0520821680578556,0.5137448790206047,-0.31552995733017664,-0.789466858487621,-0.05105345807446193
-7.5566063179295835,-0.7120698528248792,1.939236009910569,0.24997525417049626,-0.9666409112655723,-1.6896507100828595
2.5746657817839864,-0.804417922298486,1.558564198465413,0.04853095955450604,-1.341239553974329,0.9513964246079962
70.6663826344809,0.9603700127454209,0.6801775957576717,-1.1022347163767803,1.6851116099171528,-1.278301693172915
39.59783502938282,-0.9976671344815338,0.7579704930115971,1.5696951490069537,1.908925300942303,0.9111165392345604
6.984026036406471,-1.4260983429866578,-1.0116035701629813,0.698432877751288,1.9192109642436699,-0.6314970900204675
-23.2975875569188,1.2388713370808637,-1.8566994187261918,0.1974662837911758,-1.9314039742389313,0.45599928130795897
37.27427223815393,-0.7447660456348122,0.7319268222510038,-1.2561019202847703,-0.6123973614791063,-1.6759806013851049
-5.481404295716349,-1.536412703025412,-0.7239311378165589,-0.3641503912894133,-1.0859662910455277,-1.2205704252990457
16.37743121295029,0.238117480193774,0.4113155794701062,1.3363160922164807,-0.29991320531002197,0.4718944059778667
27.168390336445185,-1.5866073093394553,-0.42264118424480523,-0.4940559662573869,0.054787908917901085,-0.348159153344493
33.415836695154475,-0.1793205895966592,-0.7421956965926602,1.8438111933723067,-1.3165403337256416,1.2808520223593969
5.337791079197071,1.2292456039661404,1.3743974248686062,-0.57099396555064,-1.2444169111252879,0.6243033629746599
29.398637369134253,1.8660081855955486,-0.32665415136140474,-1.01002474742026,-1.4647993408113291,1.5713672600554331
21.50623031900006,0.7862990454495189,-0.17926594055441747,-0.3983931783832064,0.9393123541538664,0.051173547067213665
-4.470491915901441,0.8261175972755348,1.858563319693049,1.4071642860113522,-0.9109745671218317,-0.3762871944353279
88.3990302079659,-1.0860563241623264,0.5653335871885803,-1.8658901557860914,-1.03147307435268,-0.7738579750367811
36.91483439075098,1.1675872993393854,-1.792810000309247,-0.6938318876874532,0.9832101087428575,0.29324398649122774
106.33903232308009,-1.603060160479814,-1.4696449572327404,-1.6831641588661799,-0.5699880212162167,1.5443432983788212
-1.5570628063172993,-1.5592539497167577,-0.060665306594843926,0.21484530149939918,-1.3353375334753115,1.4483760242487964
77.86893352557763,-0.2610804228312529,1.4927418733665427,-1.459233304060358,0.41024929575017133,1.2800845428989067
-9.593485024743101,-1.6251165630873197,0.23589891886439807,0.2009064614543039,-0.46423999587231046,0.5191833935465096
29.372904726949166,-0.43023836416093264,1.899156067070635,1.5797185781361955,0.3694828168312956,1.5594938796498101
32.824372803767744,-1.8375726796724399,1.685811887759007,-0.9068100339426182,-1.9562439537888552,1.9560205239642792
-2.1903100618529012,1.749408925647121,1.317797929315693,1.0330913638294166,-1.2457679208598593,-0.7208977059326798
92.71998297494613,-0.26442910273167586,0.04545986753100362,-1.606677357963222,1.293871596526854,-1.7205928946108635
34.1424506746454,-0.4709440015990647,1.9912501492779877,1.3524990715871565,1.660547723018181,0.9889092197999143
62.61803721441227,-1.542196407680732,1.4742296848056098,-1.291230910786739,0.2844881136877868,0.635484883969363
90.02779551447031,0.6407725808934157,-0.6187833891761421,-1.7666769714614299,-0.8340807624806938,1.017624057313589
84.71422531327788,-1.331351095498067,1.108889885500071,-1.3408479369464583,1.4200824690874474,-1.4466734532824481
27.243700999664135,-1.892731524758703,0.8129206082261513,-0.5224498112368421,-0.8087676336161964,0.8993790753782238
-9.93778597170074,0.25957971034631777,-0.09061755230641921,-0.3448756590947606,-1.6312916385307563,-1.432571826969499
24.201650246215856,0.5672434973828988,0.7194567886491003,0.69798365618567,0.5595855255004274,1.6471334664237638
118.72042889668069,0.017807428426021232,1.1925230312033146,-1.9973175058442125,-1.5700476530744618,1.8044728712474223
24.630877257442613,0.5251457344951267,0.641309764402326,0.807163049660522,1.681261781744631,-0.5565251013555477
-1.5094118641439067,-0.7739938943684117,-1.312603366170927,0.513673832513529,-1.0484747383196003,1.8944752002035985
31.16572691536575,0.3976390002040784,-1.021015753361512,-0.4615460859167362,1.8041215291700743,0.8400350327508384
131.74039721916944,-1.3357417836689427,1.36651884723552,-1.7771994163601654,1.3645479360076012,1.83313286352075
-18.942643525986327,1.1541017120988069,1.9832496078791575,0.7047615712679267,-1.913591233125767,-1.705010719052372
19.954552949475595,1.8317238168597707,1.462860909932271,1.0522376032028524,-0.10131474364647763,1.2835295021253836
127.071299246996,-1.8757213604027911,-1.6744105102955191,-1.816136201935684,1.6000882141768962,1.6118284750795384
10.396524926537595,1.3927926329599543,-0.9784264925100161,1.0205636441187793,-1.139133984098578,1.4566960837947995
15.642695676220102,0.19712727761315785,-0.3100094101772428,0.7467904922521691,1.8539976023622429,-0.44145903374120676
17.589484575441464,-1.5578310494105256,-0.055849285957971784,1.611561599301718,-0.9445557308749213,-0.07514766615366275
57.691644366537226,-1.1312736039176259,-0.5759350686559013,1.8261950940067164,1.643850520886271,-0.5621448227335417
5.607661537394279,1.4756141956856537,-1.0113311912373968,1.2748732275427659,-1.1011189872632468,-1.0773639087596956
84.64749742107587,-0.656431650424393,-1.0128036281382977,-1.751555873402792,-1.625002271948599,-1.8362836050915954
29.581999444310654,-0.8528044407867768,0.5871050852734112,1.9022261654974106,-0.9083975047033133,1.8682373792357931
-15.163030930239524,1.093145070480574,-0.7029341852453639,0.1392511511745793,-0.44129654879727465,-1.3404665021311994
105.592867828148,-1.3220320118046116,-1.0336668444281365,-1.827522702018625,0.08146340184834644,1.1129677921329106
15.143699106464165,0.715305405038329,-0.6669665863563057,-0.5518540402696837,-0.4297036007220214,1.4573789820459404
1.0662649997990803,-1.6923015490817161,-1.0972055200204167,0.670375189165445,-0.18404573656921208,1.334926808267622
21.239122679969554,1.427182771894361,0.18325737007638576,0.7904235593246822,0.6732180570651636,1.0994535935832261
5.115304964235446,-0.3048591867366244,-1.1862272910311513,0.047316498495696635,-0.06519760171879296,-1.4802302829059348
15.077350413928565,1.6546560474931824,0.806598509749445,1.3719799358172748,1.1207073009279664,-0.5311896600578803
129.3397034069903,-0.09786873963527354,-1.5177658245331487,-1.769131604640143,1.6235373160288695,1.1252249605141476
11.487290455559608,-1.839340972390061,0.12843986222350834,-0.4286890346892194,-0.008415139112754932,0.21623422179648744
18.60725471167986,-0.8876282012139471,-1.8243531328171536,1.127489582166303,1.2336925416286055,1.540151933013222
7.269489997176358,-0.4619014365763956,-1.2539249742712109,-0.3004536189969027,-1.6878235712017418,0.32821503948222874
26.601980079448158,1.9598069665428137,-0.757921574844465,0.4434221071232174,1.7389810971867625,-0.16826120343823447
34.264340728578595,0.3171846619185068,0.43869065419895215,-0.5105870185017327,1.579535280378673,-1.2380469670387906
35.47421272549118,-1.38047575078381,-0.5004626595988451,-0.4130690981950145,1.4239982229266763,-0.7389937489003193
8.134089892915377,-1.8499680818383637,0.9740122745200543,0.5152752935832736,0.14432660956706655,0.1712971034516504
-0.6765443393163331,-1.8900091679359514,-0.35246439940409235,-0.31547808982471626,-1.7564164241366491,-1.016131467983724
5.46617585881118,-1.2090231114541945,1.117559405295797,0.96834873631561,-0.5355382669751143,-0.49838682755735997
56.996758388934026,-1.2577930978754437,-0.3243458015136924,-0.5438763804623084,1.5871395380885254,1.9493892415193979
64.07276044530822,-1.069700012866237,0.771662579910708,-1.3232355540041993,0.04581940491626879,0.468760597152603
21.662265562134188,1.5009759943147243,-0.6627493655235361,0.5913457044879573,1.9711300306102029,0.38967090285246586
39.33072939412875,-1.560421436626819,0.20638871847580464,1.6073075552711806,1.6014117661839018,1.454336040461997
-2.889631510880955,-0.5895631534295007,-1.162388969447544,0.8800638721225975,-1.1180613785274547,-0.5901709348583903
39.906750314157016,0.6676689750133824,-1.5861578538939818,1.6802360223802264,0.09222922835969616,1.8562991213248599
81.45439688163052,1.9144014717047924,-1.191819740695367,-1.7007152309284321,-0.2849001666503339,-0.9644098815068447
120.31820254524004,1.4116668560106995,-1.0385865669632603,-1.802915594044849,-0.4689968664575983,1.79925931862498
31.738140262671063,-1.5515061334524374,-0.38971987970355526,-0.5970404717629285,0.18140200222098457,-0.7220433965983268
18.5135444651189,-1.52166420594442,0.5015043415175784,-0.8964276510741573,-1.6417983668353169,0.5409976246431256
4.314279061190806,0.3202973492947909,1.8810940868337118,1.415467789457852,-1.5290962540351667,-1.3284583715011054
110.8774094638903,1.902985652596576,1.0829832118189744,-1.988778061536756,-1.0643299886333355,-0.8522482553618782
7.690478990795231,-0.29811218501499415,-0.4910344754993021,1.1307024622329105,-0.19341479621777813,-0.5538925734342186
22.62625047131133,-1.8474879116515557,1.5812266882763217,1.8317462848324815,-1.8258695241744296,1.5722777040966935
41.20740230666892,-0.5399817056079854,-1.279261313775447,-1.178882471972031,-1.342797630255267,-1.9989193065053659
32.58949255630803,1.2748958444748966,1.9340265550983018,-0.015352435997295633,1.645841908429483,0.17547430477242987
48.424304987341664,-1.3962193020986828,1.091751318162213,1.3973468416664678,1.7719511573066375,0.9258699715363572
53.55111847843134,0.2256729722634896,1.75867761397723,-1.0957257462239074,-1.1648189900201658,0.9585231066501603
5.513250885797515,0.4061207040208661,1.798719157116082,-0.0593888177093187,-0.5438350583746048,-0.5594979315710922
139.22653062360672,-1.4604186975449287,0.5333613554887844,-1.9506647557974701,1.8064047333874629,1.4894822844639544
24.25222960148502,1.1420227169347426,-0.0700124159160409,-0.8322097976332885,-1.7075727069940259,1.6635701464066766
7.024871979606056,0.3350220296136657,1.3164479397731443,0.7014089684293485,-0.5134474757340373,0.3038196851336239
-19.389373937059673,0.016738027815218715,1.149583257755792,0.7998796229293141,-1.9306720370003836,-0.49706777055196527
39.6357044697708,0.09340687919498958,-0.09892507656281113,-0.8706583428056516,1.1515631022185318,-1.832752226859256
6.864154453769393,-1.2872959056349664,0.06581272531085469,-0.19154044961797956,0.9465676065780344,-1.9071653993246596
4.2776622188310265,-0.5457668260609507,-0.1743198301318416,1.3305038904643465,-1.3831801852558772,0.27403673982927845
32.18680902094154,1.8924215628921863,-0.5755771968783621,1.2043921898094383,1.400265495272238,1.0987943837661462
33.61970058532202,1.2950188452731313,-1.836582642976201,1.7044997632755559,0.40123893010649336,1.97403363482269
-12.029515261370358,1.5065485586237979,-1.6345436345656776,0.0791872893952359,-1.144871024986399,1.1616568533845135
93.02209351391717,-1.921180428908381,-0.6647138735170341,-1.851834293964389,-1.4444729728394532,0.8979524373063299
38.69244758105109,-1.1656504204854028,-0.6689260983668972,-0.4581465665115432,0.518913182647184,1.7523484063670485
28.006903395217133,0.8572037120571316,1.4086282928394676,1.77231798132981,0.026759477642551044,0.2859613459181598
6.1400219889563825,-1.5519225651344493,-0.4681945539721881,0.2796112768294212,-0.6474762519179702,0.8144153119471826
16.101013134733122,-0.302635290310719,0.7532749292521519,1.2597970541746242,1.900003439698799,-1.5759526582482724
19.11208589023657,-0.9967215895281831,1.9246559000905545,1.5044213329029508,0.32008126793681635,-1.3606325855757317
11.2221334058763,-1.3786542583580603,1.9384691567419767,0.5679142599213147,1.6859657271052804,0.5675497158638709
-5.649587147792762,-1.5740556410266144,-1.0419846533251937,-0.10474549416726964,-1.0977113482421768,1.4119113335837303
60.882375514436994,1.0188023176606489,-1.2039692392712844,1.986938166463906,1.7997241025374109,-1.5734692772809966
63.73341803486101,-1.9971078525295827,-1.1823648154615953,-0.9903455424456347,0.16358953678738342,1.7218416897864186
-3.181917424878525,1.5048013136593728,1.4291582655522674,0.3976447951092039,-0.6657136250679732,-0.2581967103892526
11.200204266962807,1.7495898002916346,0.8281600952043227,-0.16205334156967943,0.3193822213131714,1.8223422086653778
41.489654682511066,0.6101766372542863,1.1300440050296294,1.9947774276672186,-1.7834846923363017,1.271630349802634
53.59238170916647,0.2909175804558033,1.4974875956827232,-0.8666755933185808,1.1099790898248538,-0.9319545647371243
40.97316287459236,1.4684882077005663,0.5056932070766393,-0.9942146475578575,-0.16900705445931807,-1.8447491853771805
69.27433311694762,1.436428951446083,0.958333031887296,-1.5369879463772897,-1.1418231508081176,1.3927623153502906
100.5080016496866,1.5145319005793465,0.44181631240393227,-1.5745801599163465,1.0574778328234267,-0.9530994897486202
12.567054562422534,-0.01905298570756475,-1.0842736953475671,-0.18008190781882583,-0.3994402194770714,1.332534717374295
18.200592744040392,-1.3430217819127281,0.47142647085875433,1.9701714106895514,-1.0073768865337218,-1.1631487641243492
65.02558113235806,-1.2687369017242522,-1.9759723713552293,-1.1899612541251008,-0.4689049864837438,0.5195321190597215
22.454756548609865,1.9957254374732805,-0.20007790856084595,1.4338035460814873,1.6097275586294204,-0.3157096343703816
33.904502927384264,-1.3825335256390443,-0.33115880196193936,0.07955171671809369,1.9547932264380603,0.18172588659826117
-26.617610886578724,1.6460970808853976,0.8039737177072723,0.860389829367076,-1.1584192013616184,-1.826138823215247
19.684067559187113,1.5582376472094897,-0.07907584119542266,-0.453382869790282,0.3017526405470581,0.45256877039617116
-4.475900488313808,-0.11712758303585646,0.5616821582263114,0.05703472018154221,-1.6169915171902014,1.9643545147997186
111.15446979210515,1.155369078955082,-1.6970006900880188,-1.8435867610197563,-0.4818205394105979,0.9784009285545854
87.47863898054986,-1.7798442103287657,-1.8483588783926956,-1.6689913678324668,0.8960502535976826,-1.5349626872734157
3.930774866993316,1.7575076752217766,1.6543945589514264,0.21418260290679658,-0.6462086759624901,1.179425922942785
56.92526585491381,0.9255790532555128,-1.2463431568294339,-1.1610147477014516,-0.6393884552939229,0.699934080632465
6.074453813614065,0.4179493730610342,1.1359364918460764,0.6021116340711941,-0.2580086365319967,-0.30451685773517756
-4.463739626217981,-0.5616276481142815,-1.0436505257664672,0.3791103001153888,-0.5349297451964308,-1.8085530812483381
5.100217286563376,0.05298902872445721,0.002114975557659271,0.23496187300355453,-0.39034165413116373,1.5190417708198254
-3.2689307945618666,-1.8735322383827113,0.39264679207192765,-0.5440418383460814,-1.9902055484626011,0.4430995131945319
47.62273255867443,1.8597510673104396,-0.8532267408214618,-0.734995762708226,1.3251101857920702,-1.1526497049819997
1.3435297273952367,-1.4498983748462728,1.5299426783138452,0.342804462651197,0.2641010234207486,0.9080741248614084
111.82369336180555,-0.9389195479278323,0.33853490749442594,-1.8088381109923874,1.1143783141753891,0.4944512967348831
26.598546201619154,0.8391878002813535,0.844401259751578,0.8836255578445527,0.9574417390716556,1.2305083774276944
10.28055378248278,-1.789651015745425,0.7096689514866319,0.9923984757928195,0.5429576746901001,-1.500100052485596
-5.261918168832805,1.4119516999338289,0.8646805363630552,0.6362262803094874,-0.4213327669883471,0.995189479890696
67.12685068765263,-1.2323699174397942,-0.8452078868564183,-1.1965561253999955,1.7870983707795594,-1.401345610441374
15.113142663358396,0.9942602952333899,-0.9230610700325483,1.0770536613932418,1.8702937015256458,-1.5389411265148567
-12.271827925607003,-1.8018863208639604,-0.9547981065948656,0.5523868829907275,0.06250977699053495,-1.0510904528908607
35.60883797551894,0.40423613369930855,1.088754385662655,-0.21077751556541813,1.4753932293185166,0.18545399691324738
26.90396476980139,0.8977397311766384,-1.2117126767964415,1.7557754601433673,-1.115286873058447,0.7587680354529684
17.58550868021662,0.41682735588330955,-0.8659151429948326,0.08521140313543185,1.8111465601738965,1.0187635831925568
20.23569398300532,-0.0553655458692921,0.1915241177095921,-0.6368653258790093,-0.5614269387641349,0.06675514991304832
54.31056865279158,0.6917200335631102,1.5192614910848397,-1.3279220878891982,-1.527829502598545,0.8710514066537511
38.48793778350826,0.9302112351819662,0.8866637821609884,-0.38657909356102715,1.8728952173245181,-0.23844362194258606
23.620257142299376,-0.18462668596086207,1.3242416993171306,-0.5441219160591495,0.6211853062566219,0.5104427501772868
58.636487788933195,0.9624494403925414,-0.020815194683798666,-1.2592312207754168,0.43013660640834495,-1.386762043438
8.452161683483626,-1.6873786168599212,-0.427258870881718,-0.6986712652401357,-1.816095759797451,-1.9618522984052373
-5.3193901003585395,-1.815678815104667,1.6446373360186346,0.7175838590807531,-0.7905587495765323,0.41496884539525425
12.411957171886757,-0.3745064549954531,1.550353508979304,1.7064395505238026,-0.8078282683626701,0.2122603716464435
31.716266101842677,-1.1737337640761782,-1.7012472376336096,-0.7007095083898816,-0.1220982133615478,0.8406710609763812
102.861136362659,-1.7036676410481881,0.9887624020082537,-1.9634831505902413,-1.8818831696233755,-1.6122633213151145
-7.041032622595937,-0.17788149808686038,0.49883153655689716,-0.20208873246937387,-1.3710711369761102,-0.08744609140462112
-18.42047100423765,1.9510995621748122,0.6594027812398271,0.3041267061149351,-1.5088700694674695,0.7471529439110909
87.54268524966639,-1.4813209568914059,-1.31571368009838,-1.780406058580672,-1.8207213166524228,0.6680814004179556
51.29465618995379,0.8865916926772233,1.0117733011491294,-1.1684094775544684,-0.49184764140902004,-0.5274899397934378
28.23256724294479,-1.8077249656182621,-0.41817440010352636,1.4870029964072295,1.1206218111814583,-1.8789884990402403
2.7289554437291983,0.019932756494327908,-1.339314441710557,-0.25796894207396326,-0.22524548428227442,-1.1342448334388053
7.911458362413754,-0.8385485831423498,0.4918745174414201,1.795516878641585,-0.9070399721222562,-1.3922409176495698
-7.254608572716801,0.34006639196846544,1.9188377479432428,0.5911259256829888,-1.8008693343744597,0.342867681602101
49.14112330575057,1.4823300827529495,-1.3811426193412082,1.976438382708814,-0.13325734394681987,1.6714177939240629
16.463107865120946,-0.9777176411835975,0.7807021897318842,-0.4500044163418835,0.6562281034939748,-0.27599124943755404
34.32396667816232,0.5717471267538068,1.792601350480341,-0.24066448332266877,1.4634870016371013,1.899867529033369
31.069570538890517,-0.7234189344372055,1.5925328199251463,1.4948476853222425,0.9788654813293878,-0.6222458928629635
55.048917895853975,0.3175331898347271,-1.068303371883062,-1.2744665560316424,0.7901486132377751,-1.4151873958249168
63.415084359600066,0.7914037243701335,-1.916708436356998,1.8855734077882857,1.6338519850889024,-0.26112684449621026
-1.273773642420628,-0.34487732910079894,-0.8067708499901523,0.979357640754094,-1.6381875417651655,0.5685434844304735
22.3479823350049,1.9271726751864695,-0.60398390356205,1.665973780622565,-1.6529807264707919,1.3522261884957132
79.57402841594111,-1.008825853773307,0.7232134141840185,-1.4390376745964173,0.773470290836578,0.8302946782745466
9.61479988268567,-1.0426502895760144,-1.1016047009437036,1.0772248727699623,0.8832634386496836,-0.27625132326125135
58.22078527164749,-0.5821045946065588,-1.5278454724487025,-0.6670653375728168,1.858021680391706,1.7987243832612858
86.8560904597061,-1.489010795936804,-1.279812108290895,-1.8358547546878765,-1.1516268407139245,-1.5662463788773242
99.1653346171214,-1.0418796787425513,0.6032546388260465,-1.548852706692366,1.8770837366850355,1.1268954038684051
62.71931348842764,0.0354545730257243,1.7638107648820789,1.8779676285539497,1.6968603941019196,1.164565469511167
35.71678696430525,1.1438922899061477,-1.4890807330957117,1.407120562002791,0.8692118968047575,0.5078826249243504
11.041646553043964,-0.9425682181353756,-1.8047081400275502,-0.07913724288893942,1.919290644613377,-1.3577434799516475
32.09503005944049,0.19707423267624247,1.3161346167420311,-0.977806848317953,-1.2799980063167533,-1.2119017922037458
5.310557938992732,1.5871585736491034,-0.19648024487649973,1.3714300047129702,-0.9308602635906329,1.5469214350054212
81.36568198911641,1.7600074198586872,-0.4646534046924349,-1.42575565507491,1.53031846732162,-0.5383062083823038
23.10077030738991,0.30523163042249246,0.5112936205151337,-0.9295570297609146,-1.8109059452447438,-0.8743242651838381
32.78584050039831,-0.14617823414078757,-0.5495584329258487,-0.5365910374143068,1.7957612677756205,-1.8318473480743762
9.783341687533675,-0.17375828716006536,0.32819764089524295,1.24368973100115,-0.6186001977737137,1.3379689521511406
8.045432632598036,0.3406562521607972,-1.4567086597188101,-0.3563884112991049,0.8194477925615744,-0.9635532627703869
45.999571821465395,-0.8855127919411623,1.9060202095708654,1.505525426579545,0.7526270635546082,1.9884618900643307
-13.731945940885895,-1.431336905959692,-1.513277202097456,0.11274264853558869,-1.9876929530781058,-0.36729831825422954
-9.951047733185423,-0.8913315147572476,0.4941848799536408,1.246847511022815,-1.5165202343553554,0.7768464868316629
75.37224411160614,0.20107767784571884,1.590500857040145,-1.551868992748373,-1.9440421107431676,0.43383749567524443
45.111007848620645,-0.7546986291923652,-1.4028513711139214,-1.0287941367021713,-0.3293891262021913,0.699055177324801
4.960101714130154,1.0106860531958297,1.3343666603427757,-0.7156037253801948,-0.6648732081244764,-1.8109264462695314
20.06807185789184,1.4556172444366946,1.3557579113946252,0.7217967328018413,1.389678625879423,1.2040157799874183
82.61895733204959,1.2291019957661296,1.8679327533037893,-1.5458432583166744,-0.010121717961824483,-1.8005462244901582
21.89966149131493,-0.48974295735730067,-1.3623429010613197,0.6952898161408618,0.6178373010661651,1.2613255845594682
20.32831881751983,1.6320917301241358,0.7849507836532541,-0.5248067354943604,0.6975291994692006,0.01515941009128019
56.664630252541116,0.0069359705236435865,0.20320012726876246,-1.1797144625549838,0.8811509733639582,-1.7239940292756133
20.42569779197001,-0.5511979164364575,-0.23616235047863876,-0.6448930831888329,-1.4723266948402078,0.9913836432162131
6.864371409780401,-0.038056252065052476,0.153758038031786,-0.20872772278648366,-0.2969631234749599,-0.005615708059026225
4.590145349490362,1.2266344967641545,0.6159686524895145,-0.15552104533392708,-1.9607871691669883,1.7315133498312498
76.39862165103966,-0.7298059211578196,-1.5888666059178984,-1.4080629785808583,0.6772290370340137,0.32355618122684815
30.57821112544393,-0.13798249682073127,0.023687431500786893,1.766814874967407,0.18140396203695675,-0.6459094866764463
102.95142927590288,-0.6743240787914999,-1.4822882212170505,-1.676755076722538,0.5449022754991879,0.544556966838484
46.90347608275033,1.1523292188697716,1.1312606219338281,1.86331579721026,1.7423299761163396,0.092685289306778
59.49805455801169,0.3333007166862063,-0.035859081994603415,-1.3101321901349565,0.431730405336368,-1.9950859895303408
43.95730728255907,0.17682878853879913,-1.6802403937130816,-0.8775113511209649,1.8136450064106868,-0.8186662203666635
58.581901007503006,1.1434841837737397,1.9027405013657477,1.740480047047221,1.6497239765364275,1.2127374346889508
8.197601791930024,0.6817667212196179,-1.2098357896473866,-0.5297872635742502,-1.7120632757230596,1.867730000509936
16.268308259420397,1.4826530860896896,0.5037827184523902,1.1973111643805274,-0.08381357562971337,0.04855214544863884
22.827826407285034,1.1672588343957306,-0.22486500681021715,-0.7864361940743718,-0.5232674544447526,0.46096909288224586
38.043801009115825,0.6831770037471983,1.0389441443408942,-0.9584997322594728,-0.5688577155667196,-1.3435565405466852
17.99323630969173,-1.4343851521170659,-0.30281816509443615,0.4873613005244324,1.5782053223522565,-1.516025809047214
-11.12447476649853,-0.7533987496899384,-0.18912185495024803,1.1989771003836216,-1.9222017529773932,-1.2004228901543925
114.8735321552898,-0.648236947327367,-0.4551891756470745,-1.6381268845169337,1.40032037464221,0.2880843619279765
-12.324705130042753,1.2569233482936073,-0.36715277369511945,1.4486027892558937,-1.6517307710811906,-0.7754928576197391
11.76732021156285,0.7384158969749275,-1.0699179552190148,1.6577411310544385,-1.341150770712535,0.8999010086877868
70.16204030630186,-1.817004964932004,0.6464888075742006,-1.1007868181935856,1.5038948285845959,-0.2687020878519202
57.24318080269507,-1.024446061339026,-0.9035163423404491,1.8944304173288522,1.9196364609669918,-0.6315826968710567
-12.589874006917011,-0.3837442834885083,1.9782221629789816,0.04221018676310129,-0.4292594344630789,-1.1246746869938575
37.610344414073374,-0.5979109965530247,1.8992658565940652,-0.5272705566006541,0.8772628514724108,0.7199869422806322
14.744507676230826,-0.6962107109213895,1.206116635743212,-0.353549550743959,1.0183533306265442,-1.0368960476123479
18.37270346513005,-0.3921895796712844,-1.4853695509577856,-0.5964067009973495,-0.8897706132503642,-1.2874740649587095
35.36238927704102,-0.31166425972007117,0.22166205726533494,1.5731478846240057,1.2742362967550664,0.34808849280564935
35.018948143452725,0.34594812875153114,1.4639288650942683,-0.9212447151296033,-1.7806753350990916,0.48580389066088836
-6.835482638141139,1.4494896043835994,-0.7014705393533767,0.8381864546824778,-0.031430433495850174,-1.8670629479851413
16.28237380355644,-0.054819833334429635,-0.38599963677746096,1.4753827938427269,-1.136056118661842,1.5902435862100983
11.188678547943095,-1.8680635839410087,0.3915651453855178,1.446368655714641,0.7342497142180964,-1.3191142546251875
9.431080767589323,1.0455075960762423,0.0593208733554933,-0.33918348480801885,0.0745875437720227,-1.4670994533387751
35.79718511232974,-0.7833785454844353,1.7287590260426864,0.10566646726789442,1.924992682546426,0.8934157820194977
-25.65737722474466,1.2625950584604175,1.1293017047420175,-0.21843851963297878,-1.6387250218012115,-1.9726602677329677
2.155461290155066,-1.8960758376219178,-1.00533393646129,-0.30702180609990926,-0.9630014567438558,0.3328921851912616
5.94513923997893,1.8513211192676344,-0.9352854251740101,-0.09495165409381601,-0.93041596525152,0.1400741723340988
32.670258273104416,-0.4755765575552844,-0.15168332039952936,-0.979119906308406,-1.6970983972127565,0.7276851185889961
0.06578485767754971,-1.4974099302408117,1.7318617095634,0.9486802084752095,0.54014465745913,0.04229889176516055
9.508626559618808,-1.4745943338792444,1.3757079839599067,-0.14121120856972658,-0.196748614883282,0.8301427762415772
5.921812174306769,-1.6359811518853742,-1.3607763775194401,1.056548320713956,-1.3412497132713956,1.3232360924450979
34.13504856043418,-0.2809224804899926,1.2172276353950071,1.6785273813254653,0.605181906966227,1.8194115711367984
-25.306504487720847,1.7094604391184296,-0.24462730219105078,0.7894086914592946,-1.144893995126818,-1.17225055404966
62.9709965271243,1.06001134630145,0.8833522163344525,1.9346365798395562,1.9933659489765803,-0.02244361805121242
121.45503851881575,1.121414447204097,0.3581756946695105,-1.8834511885027152,-0.9765144474757386,1.6153616073067933
20.635723945487445,-1.5284693008217118,-1.5538599913740514,0.12242564358614194,0.6260173468163801,0.45703582970128
54.19537578072224,1.6457770123659512,-0.35863997432385064,1.9326625392813277,1.6527759584499102,1.2435990449418268
17.79545070402315,-1.0826020439772628,-1.8850173507284818,0.05574595948149774,1.6240668325581122,-0.7336668417421555
26.183634854265378,0.8249052014860698,-1.7365678571444128,-0.1739968447263016,0.9938876216425014,-0.523340236690303
10.657238770896493,-1.6635091530815878,-1.7824509039915535,0.7340472352586933,1.2083099755728663,-0.7229826125749175
41.16597357895748,0.8894955958173822,1.240593300029238,-0.9328815706827567,0.06527548975236108,0.528969940358667
11.260276720907035,0.2250174874554447,0.370528844691576,0.31161145146808966,0.18700831245550154,1.218183923516603
11.610939950776334,-0.7529831087998518,1.4006751797958663,-0.05513295983354416,0.5489865045234561,-0.35038219245525415
19.103551276483923,0.604441772666676,1.6897421204541079,-0.4361159117961009,-0.17889973343224508,0.8073076976703062
11.357171283630027,0.6610154985066523,-0.7682913780716043,1.4043863623449733,-0.46224892708560894,1.9236647937548703
60.22012231743219,0.274902087975343,1.0755513023690964,-0.8491401695842637,1.5591159988244234,0.043177409603987194
66.64871617966463,0.5332400004222029,1.748708949564235,-1.1481348561711768,0.12148784510436705,1.8003167498265626
-2.6698464627057157,1.1838779700288704,-1.010536501115931,-0.13242884906355146,-1.4949189174301671,-0.3009461321457896
66.09024693716893,0.9436850656055311,0.8492464983207921,-1.0623211449426515,1.9569191330570352,-1.6275126894540142
20.028010232910038,-1.166112086326435,-0.7632008763801057,0.8576623295783539,1.6366809763552572,-0.4570565529000086
8.41814190862928,-0.2762355221153623,1.5819300696852103,0.5816625803241382,1.562082253810415,0.49372582303244483
-4.765082516347608,-0.18625598383875808,-0.3848072607639721,-0.34798608795773367,-1.9145221740046088,-0.4468306845042953
64.74100449633931,-0.29022305614989685,1.9820193752064745,-1.4673573159219213,0.08511343787805048,-0.759599883241314
1.6965624845401774,-0.004661518879320425,0.016216860211529127,0.7276563526147006,0.38912074706262967,-0.6457636781148239
55.359141109001015,0.7397609956960496,-1.5866897245805949,-0.9747790066315121,0.3470189541807649,0.6394916844687364
71.26321943375368,1.0989230609555785,-1.3881127291262407,-1.2146618497082255,-0.48491901455273734,1.4685995539396046
8.603029993269772,1.539214667522622,1.0626972926668068,1.482030366708329,0.3959808838585368,-1.1079481660472035
125.8613768658294,1.778600053435345,-1.881467479654812,-1.982728252984081,-0.7469456043579519,0.23884167474831175
11.544728028100899,0.8440469493995475,0.36472540935705844,0.494576686544566,0.22303405665209874,0.2162459860391417
23.440223968495477,0.039659354036265526,-0.8361835420688664,1.662369705878974,-1.1444949985855595,1.7806108519420283
55.78683986551907,-1.8292042657837544,1.376864952240623,-1.577591832411879,-1.628766508940653,-0.8540518054109221
95.29931929133218,1.9421472524769876,1.3026616538696763,-1.7163981666433519,-0.6941093995168033,-1.1927477965293098
27.028599911569508,1.9325402321540865,-1.2932477063143022,1.8931182456978912,-1.0440746858357595,1.7307500639560747
86.10994424607809,-1.3506981553473185,-0.6497126635562691,-1.5170188156986848,-0.6317202757063374,1.4615212516308924
21.663329646105776,-0.1320605608171701,0.25586883415073336,-0.5559021396083796,0.20780721516325906,-0.33075436612687614
74.01754153878251,1.305507047657049,1.5957803407133833,-1.718561691269176,-1.7339212164591116,-1.9341640152554627
16.139448724659182,0.36229330237635926,0.19226176366686332,-0.06320607992305627,0.9433199605530218,-0.3617261788332602
-13.567460002561525,-1.1580338109486727,-1.8468451979412568,0.21354408915491296,-0.9552773367416552,-1.975378335036925
16.698511895740584,-1.8473620935390906,1.334841252156287,1.5020124666377193,0.9522535595967074,-0.5923625873169427
-16.519339535522175,-1.8257522375093833,-0.7753617103503361,0.640732561100259,-0.7891959436273739,0.12543780839010088
24.122819890575464,-0.22395599451113535,1.8256521384269955,1.2976823293004442,1.3050643430326692,1.5878337764486932
0.8926176342300778,0.3023758672066106,-1.779456067173507,0.07634202228858866,0.9730717147424772,-0.49984738211562707
30.473267229654827,0.6456518649757728,-1.4541675717240126,-0.12416329390680536,1.702521517513666,1.5129269209211977
-2.891965855396598,0.6697976263060248,1.1772268700261264,1.0029748156036513,-0.6362800764470196,-1.5509965688918124
16.82867981249339,0.9455020173552167,-1.1196393444226747,-0.33228907496539684,0.8741052797807218,-1.519544712006851
-27.39984273937901,-1.572756044080489,0.4318160890541245,0.7391112167832268,-1.2932426432920026,-1.4306394844115755
34.25236949889926,1.282673931305835,-0.6717584869409032,-0.39334578214094407,1.6680613542792733,1.1642675871843746
140.3927505657631,-0.6657515865310963,-0.38786124422817636,-1.9828607903811402,1.7493242756127754,-1.528744438494929
13.531999046621547,1.3401116312299068,-0.7663048920416178,0.8694656037617801,0.3538111743128951,1.2837280707479257
66.69258229521392,0.13787865869978866,-0.03256262600644444,-1.6190579724836573,-1.4203946379930046,-1.754112401539932
2.0792357898718494,-0.09359074448706872,0.06855241887720664,1.335263202725712,-1.2864234869122564,0.23834504314131433
7.61754253334319,-1.3273525797771266,-0.29305031448637164,-0.12580275447004707,-0.6259668211193921,-0.6706575038122278
-0.2611892580288293,-0.7532608105244094,0.7399421432576139,-0.15925883872086022,0.4421810891859943,-0.7074843975906875
21.633213010598844,-0.2825914292242082,-0.32972176960075794,0.093167831597738,1.828962382459713,-0.5704522620115098
14.607310695744697,-0.28672505360152867,-1.6058038443252958,0.8460979116753315,0.8147855789837477,-1.171805766111194
42.44579589807984,0.49115522587658367,-0.8403697411576192,-1.161161229635101,0.29058314330772284,-1.2044939889955946
129.11647889476694,-1.646715440078709,-0.6672307589399451,-1.919843375097284,1.4612629382559392,0.08869706234028518
67.95686503512657,1.464061519210039,-0.4911852624559514,-1.5337581789554777,-1.5800644221940825,1.7513358471705138
12.064646466910915,-1.4444264716660808,-0.28384968241094377,-0.6888216887439724,-1.599725460826654,-1.9613951785013066
-10.835234896757045,-1.0413386515162424,0.7209950795907578,-0.3274197046872409,-1.7837185667460287,0.07255128094569985
12.69445320461097,-0.16008944781516732,-0.45329182259211764,0.9036605329908878,0.7727934330433799,-0.11047760769403947
2.0686731812287706,-0.08810748889685716,-0.3333106576401801,-0.0699911989078954,-0.30290917245328686,-0.4642645709017468
55.04557221603183,0.7221387473805385,1.1499015237295631,-0.988121752706967,0.5247534012657558,0.08560095728093309
85.37128726995797,-0.6517719742496784,-0.5058032435036397,-1.7227214783912488,-1.67827689537007,-1.0515742988395083
50.206793848173554,0.06969500163662001,-0.3599750787243883,-0.8454108559104268,0.8265896870683922,1.3051302164551104
25.11758354248186,-1.2320653504781558,0.013392733359407938,0.02001959397338071,1.2557212725275044,1.6941800734315522
53.26190109341696,-0.6460237392046255,0.4514334301847871,-1.3715828025358499,-0.910068180765863,0.04781993353270586
23.10457825829485,1.4135189123730263,-1.819546716973608,1.5982009027562203,0.8254800785195369,0.09487949293890363
1.4650255104639207,-0.637437868358298,1.0746473770736076,0.7197458918397484,0.5317109988937414,0.7079725838139934
30.50735287959945,-1.7368163906054606,0.021837683600073987,-0.8583571409845105,0.41974345522404866,-1.880807387763725
-12.255524712825377,0.8863779830011564,-1.8204679354616888,0.9924532983111307,-1.766860763242439,-1.76135387745745
-16.87013039987914,-1.1746713034541587,-0.9489906507847352,0.8223307265103226,-1.2586857062144081,-0.5667507222169155
13.843347533907185,-0.6894846210685084,-1.4876681322316192,0.9230587849935898,0.8196315615305276,0.5749460951118346
6.286627712632146,0.9713916922260206,-0.40845386309825926,0.06458308073794328,0.2624935220349789,1.869728108297232
-13.919677086020187,1.9462801728030432,-0.4993651722284782,0.6936036521493714,-0.6436655766199846,-1.4702338619883744
9.7179365378604,-0.9093106169943428,-0.10702799835125587,1.2777209567821912,-1.23369285299853,1.38956581744976
-2.0738347918969415,-1.2565123075852744,-1.4591249871698557,1.12286483661495,0.39824955366524817,-1.7635175496016489
129.41487552003284,1.7939235292611175,0.41279667317710667,-1.9637570747303692,-0.20308163621627218,0.5530683714970732
28.397576803358675,0.4056576586788556,1.8639369860730315,-0.5144656377310599,0.21050383590453903,-0.2448164242815163
35.18646213436459,1.2434817754953822,-1.2664611759827462,-0.5195330089905501,0.3679180433551439,0.198664600688101
31.285717632989954,-0.766012221405187,-1.0672121479841001,1.6934683288067895,0.5526867408169442,-1.6305925775900456
2.501100697868469,-0.1127271530003573,-0.6207011973448995,0.5300410664790451,-0.6596452193899043,1.379798933721676
26.681331872167036,0.8705219515211229,-1.6924793527902469,-0.3178319202203155,-0.2868946109023569,1.24166994861484
15.382237442690387,-0.6809029718113093,-0.5795534765987989,1.3508235974596063,-0.06223140325715182,-1.5860882175534488
72.11500190131844,1.2999799045143714,-0.38892315586238535,-1.782116013440671,-1.3446955282000048,-1.7201312093983945
-22.631820245002597,1.5994136718609564,-1.8003499540323529,0.8342630029763956,-1.3261506775661487,-1.5818458232339934
24.291270328211482,0.5658551271475485,0.4765365507494188,0.9449197916691965,1.502992893134396,-0.4383158429533065
10.11468613310825,-1.2926382909430885,-0.11258118411705542,0.9212066389051632,0.08141762221978688,0.26759254816941747
20.371722551528137,1.794633830032831,-0.5880760867560513,-0.3652978881841529,0.8079290306018208,-0.8826929774098833
43.441959039667154,1.474622520234441,1.1201051209238169,1.6450576704906168,1.970998516566329,1.2788119700129634
-2.1964916240235617,-0.38096212830507303,0.3876830350797418,0.43185856330716854,-0.32418078291457997,1.0855295650459826
10.159453028953784,0.6549301360106461,1.3401127847206924,1.5792293755604243,-1.7120143054760795,0.047193710831418656
116.00224623127241,-0.8923813166505239,-0.5230475716124228,-1.7599221753939456,0.519448765319412,-0.25654485555192563
43.785490464777084,-0.9958530395765481,1.3232696201361178,-0.8549173161253911,-0.2187775472914173,0.1703016257741936
-18.947303639849146,0.9594034749238665,-0.6900437931054544,1.1929637484630997,-1.0633022873257847,-1.8372193871459221
14.436549081798692,-0.5287013417870998,-0.9223799613171053,1.222155452755684,-0.77487533066367,0.3525283397769683
68.54266511991969,-0.43761468435745154,-0.0994519466838737,-1.3623378363611778,0.5578628717762242,-1.5530048544877513
0.7142945501197087,1.4977992041831212,-0.2514021891404776,-0.6194046039513075,-1.6121017193647136,0.20625975005613562
51.73435918082382,-1.6452439895688826,1.8433901989295696,-0.8648240815137669,0.8780031637641774,0.9339959268410856
47.716362445376156,-1.605664036783323,-1.9193679565058086,1.9409308290461427,0.5898853129331574,0.5670666444358958
24.36096559813463,1.3520187732513147,-1.215146141205281,1.8234848175921141,-0.971437244564453,-1.993200446805246
102.34643261225735,-0.540132172166456,-1.6390922066291957,-1.862265620856661,-1.7564993704485863,0.9560591310642024
-7.227630853688187,0.08840937892594525,1.4248375947496683,1.1482966938850634,-1.9867849531206572,0.07590101888255152
-11.140199404726593,0.9014647728294687,0.5280836206060204,0.7258992359824559,-1.8474204477322194,-0.7316617095635443
-5.185976005596297,-1.456444879385507,-0.3287243863464999,0.47864352108403274,-1.9156267534438496,0.7966810583033417
47.204253859527874,-1.2132143764430925,-0.573233699079529,-0.8753065007684744,0.8124866993517217,-1.3846471007741674
58.81901414225542,-1.0516119141088538,-0.8030700264484105,-0.895934135297944,0.6503157254203749,1.7301079452108756
100.17951888411244,1.875246638142865,-0.6184516212927038,-1.5462162957214947,0.6376602245882439,1.0504519856879093
66.618717224027,1.3458835139385683,1.2056888595241606,-1.7170018908822273,-1.9190031418042257,-0.645438339047447
-9.440587634220995,1.2156656247791227,1.2092635151138178,0.9351252152909457,0.459436165489417,-1.5731662468014247
81.06088279930044,1.9135454622442154,0.1685875926478828,-1.2770115756867284,1.7792745159259593,-1.6748059477849462
70.41696596145201,0.9692182315740752,-1.364962054956104,-1.4286075190288487,-1.7122493824265548,0.9312820631685366
9.647794598949584,-1.3167502856546518,1.1799602070052035,-0.28162711728249734,-1.574942188023098,0.6640865882825073
9.574876267758,0.5661266761570078,1.3091799500867443,1.0655712499545658,-0.1701917233337369,-0.47705560876065967
-11.288843158731375,1.2700087244075164,1.96785313819039,0.362307357624454,-1.7771799466705427,-0.7792393284687678
28.19813821772463,-1.6666309034087647,1.0755900519661434,1.7854483906640608,-0.2298354746503395,-1.7230187771401084
14.011474635943163,-1.437245162856866,0.5247876293750533,1.7392150594443092,-1.183389734572867,0.42167119357771776
12.517326788290536,0.8298695412355515,-0.4929445887507642,-0.00813336659100683,1.8463660462513727,-0.30309870435616526
93.97114446449662,-1.4226840591574632,-0.47754824347046787,-1.6109973222187999,-1.002425247497012,1.2831686588790183
6.541249816994162,-0.7753837413119222,1.5921906424827754,0.32884437537509914,0.8580405441540293,-1.8689811970333459
43.85804719353536,1.6152086481822616,-1.5389075394458822,-1.4013991796937386,-1.6221297358264,-0.4474365656713264
46.1711664833058,1.6794426370929774,-0.953993984143116,1.8129955382123875,-0.2896533980891176,1.0198715912657632
126.7636170345691,-1.6645197693008118,-1.5361854452478352,-1.7845491837978833,1.6402896533998916,-0.7725226842839432
61.82523891543906,1.1321703545115422,-1.6813387039067917,-0.9984199961303002,0.8618561308812351,1.063574180633886
10.020296380098465,0.15869786602364577,-0.37740981235064686,0.632767266094596,1.2185902703985922,-0.12952065106561772
20.971663865611205,0.2481563254050574,0.5951096664921152,-0.3198207292552224,1.0544373217297736,-1.4979360687232615
83.48179775718776,-1.9683424808902532,0.27851463571918655,-1.7477791892063128,-1.4329189141362626,1.3292550119413469
134.23464228664608,-1.3983402939592593,-0.22308277847541635,-1.922198881932215,-0.10332712028673408,1.9243914391606172
16.038387463378644,0.8707343946685739,0.8620944444613565,1.0144579780491774,-0.46190932586414224,1.6615288831587702
42.209577601395736,-0.715464921063655,-1.0336022619074878,1.389141290618218,1.8472035014050183,0.12516000932301408
27.95862360080421,-1.6448499715764058,-0.0012017132458428392,1.4313917076251719,0.9480567704594933,0.21322962410128277
89.07484381184139,1.4907460285448955,-1.2131223051331594,-1.249210776452352,1.746547968524239,0.9507487771225387
33.15118825557983,1.0966515886552357,1.673167618989162,1.712266298164856,-0.07503703221324365,1.89351508669824
61.907089537365756,0.10409214133107803,-1.509052264356591,-1.4778489884553707,-0.9860945884568593,-0.34654721396440413
42.16321775803017,1.486491880106246,-1.366687966914394,1.4870387365165767,1.945184300709201,0.8433317349406848
23.149032539013085,0.949935694151343,-0.14571104909944133,-0.36080388718129885,0.8327356801132124,0.842945266142415
81.23736513221257,-0.7581108827675025,-0.8245014748845891,-1.6029969064670557,-0.7422651392090103,-1.8059868953788238
29.84985680382114,0.24808938880688247,-1.24918458339334,1.5814453650239422,1.1406541374409005,0.6644080282611178
16.635204137278873,1.2529304294917654,-0.9777851116390748,0.4113593309563255,1.412179278161147,-0.8281045438705434
-1.6794975812372428,1.4991119126403851,0.981209862642181,0.5785266484197629,0.8996138308663517,-0.16811990373990326
81.85049143237687,-1.5834601354470657,-1.2061731480168785,-1.7842231248169163,-1.6358174744111542,-0.6705458239593174
4.348067517624473,-1.086806845765906,0.2444265667694503,0.45973453846113754,1.4708213654598672,-0.5965300714494748
3.051341293439867,1.2848740625255806,0.24432803734386033,-0.4501799585272357,-1.5295954937872955,-1.609825396377953
77.51959872785146,0.4964250022911081,-1.6856428836402353,-1.3938122820809546,0.9112369821143642,0.31644938205805984
-6.412741247874749,-1.4453178798854824,0.15343711669769888,1.1242110443832134,-1.6297745558213506,1.701818309728064
107.77680175147982,-0.41600782516573487,-0.9516445474535353,-1.8041926565762085,-1.4847630011779813,1.3936932952046144
64.52553181427633,1.930011715638535,0.18557393188359228,-1.3102622706678715,-0.020352616556497338,-1.9670874242085206
9.975839723912467,1.4363000401171768,1.4739794116464435,0.746295082022582,1.3169273892425024,-1.6004723349401684
5.421782095938086,1.9627685415423994,-1.8042927357710519,0.3565517873466786,0.44044766181093076,-1.8619488364782941
26.995259305636637,0.7452703813421198,-0.35488680104155534,1.7747837506393251,-0.7862043682410076,1.9482555168630467
-9.378749208705818,1.1566727011916162,-0.7432782956572836,1.387149712327933,-1.1754993643798377,-1.819794656325867
19.272190761095636,0.5909571805886511,-0.18559348816783805,1.3559533198359395,0.7458350029189926,0.10771456497460807
95.87976555470019,0.9074742790932571,-1.337989595831509,-1.6185701244304043,-0.35793232375174133,0.6919452879957473
-25.50650742385159,-1.1213263061848804,-1.4017470641090997,0.40714993566526125,-1.4444627985222578,-0.29754752464215617
40.044821450246694,0.5606839631117451,0.20764217370621862,1.8434505791177642,-0.6649789427117838,1.4041859647062358
19.424892158734927,-1.722902944538371,-0.27015390711866694,-0.37671941653904906,-1.3124244891387669,1.4470501844315375
1.2065830154515984,-1.1924688881570265,1.4686017069888226,0.9135473758723132,-0.3003814283687203,-1.2506025053039118
49.18769011259335,1.569864254770995,-0.5566772528240591,-1.3009143237173753,-1.327485354910162,0.291042052255599
17.344529697512243,-0.0438313619436701,-0.9851096844416132,-0.6621970945059705,-0.3925116454160249,-1.4193476224750263
-1.7886857679531767,0.5234861917009899,-0.6221801394381394,1.4369875809182302,-0.18080851745199356,-1.8003198832429859
46.05458596485049,1.9666068146925713,-0.2137873913499675,-1.239451949906356,-1.249950471347442,1.5458911715595658
8.078459869902156,-0.36961054807743876,-0.1584791869751916,1.596470532826591,-0.8504998735812666,-1.8582663296833903
63.26006801184252,-1.302298166596426,-1.5164732115299895,1.9973115744555918,1.4902778958321905,0.8612327990028308
-1.1629006456822815,-0.7721850677415891,1.4478933916010188,0.397285097996368,-1.3798169961998772,1.7600577745472363
3.7459758675325467,1.2861646717653419,-0.5967856980554274,1.3133240706063285,0.035993501429763874,-0.6347132274871239
5.8177974247178526,-1.1676940769807422,0.4972339292806862,0.3086753019434827,1.3224341883028727,0.30846894963296334
73.64036165161133,-1.5689808782143349,-0.9899172299301191,-1.6094356083825585,-0.18822507210509354,-0.72217972030281
40.13962463748924,0.9929364208958269,-0.41381395264797494,1.9045672277853,1.2748818885986375,-0.4909336084546121
107.63113188251354,1.684594300465677,0.0073743989025203405,-1.6492604484171554,1.1648285001818528,0.6412520925930307
33.66916215022362,0.3428627637911781,-0.9527007256761952,1.5283143230276766,1.8975762564818748,0.4196184894372905
23.619176958058073,0.7475625913234532,0.19364241859928955,-0.4932507779314843,0.5339032126676804,-1.1686823917094253
29.55144414700846,0.41553967525584046,-1.8395780694586321,-0.7385172530720854,0.6652479189865339,-0.20717797000960747
13.083550827610887,0.3209111885028988,-0.6002419362107099,1.361568957609082,0.7969780594411895,-0.8086838566914163
51.944980200160046,-1.2042739652154055,1.731738218645293,1.9016495427649098,1.402652553998172,0.25590363256865967
5.8183703873826875,0.9919154434033111,-0.5787823287860112,1.7421539327382245,-1.5935365101869476,0.12500915790919676
59.517692510818065,1.6192896475081966,1.7235174685877301,-1.2754006660510715,-0.9710114514272976,0.015900923439857717
40.11416515981235,-1.077536077564797,1.2380641183664411,-0.9117376532816794,-0.699528485699795,-0.2844480869609556
24.057986636937372,-1.7600963456316272,0.9730465469047651,0.8198672695922498,0.6856508944029329,1.4610071271300087
24.810903762481672,-1.3181021569234606,-0.08127780806920448,-0.6308706719886157,-0.6781512979644111,0.5425130138795096
69.97129868942567,-0.6494359481693133,-1.8493138071725332,-1.6580848720781964,-1.9074422745106556,0.36052603141305095
35.04162823548271,-0.35587565649065,1.056682582576058,-0.9587419586126149,-0.07521928997433758,0.49731981549660276
117.97681473974639,-1.036233306794652,-1.1140045869757795,-1.8474138748825273,0.3153112117362289,1.8556849528901518
-10.881670205092915,-0.273630125679023,1.8370299760445454,-0.2959706701620193,-1.7204214092037358,0.7301613588834734
25.922814532647635,0.9704197941947501,-1.2646914075794728,1.0998373913504795,0.6926310305398538,1.0503177780551183
29.159455347552313,1.0958531739421011,1.1099162019516036,-0.9355637646016839,-0.8601809890094962,0.5657546695201598
31.899358167964863,-0.8619228690831031,-0.18018163160517764,1.8925770034468186,-0.7855347483755093,-0.7436815957982308
90.7050548811667,-1.7115324927753397,1.568665334875003,-1.614831320157741,0.7141828378206099,0.4948288072733167
44.804946970281726,1.666170776875851,1.3665139739351773,-1.0828662207589144,-1.3927364865715792,0.19628278962739065
97.19607483913333,-0.5905232639703173,-0.13041354278292827,-1.6942737595989414,-0.7991456592909567,1.2989817546429157
18.0660774810018,-0.7437786940843867,-0.8746592157344835,0.7901142186893528,1.193362268318988,-0.8906073208410268
28.353792839543555,-0.4894350108040002,-0.0091123811572702,1.515607104786819,0.44957061135514653,0.6177646033137671
41.90024967011175,0.2383358644780489,0.595728487055668,-0.9020321229179564,-0.6066014191457634,0.867658118179643
34.49580674754318,0.1540687944533241,-0.5048794583540772,-0.6296351439734216,0.8272798448020486,0.6241943774288639
54.573019621886054,-1.0167496695913854,1.710473182334574,-0.9354488396944829,0.011416505669600951,1.1880137988274617
4.456069758329755,-0.5783788923864028,-0.9056738830848126,-0.044126212538768694,-1.8213263640949653,1.3551719132719464
88.91657793881403,-1.7336127070598568,1.7800010584074695,-1.4217114502960713,0.8329225725501757,0.8127814822092079
2.15063519511461,0.6816929145346537,-1.1134435582342515,-0.6779235697155563,-1.062944548600039,-1.6204533230093792
10.652469662330688,1.4084244055933999,-0.7435386561294521,-0.4511802884848408,-0.9602257498848368,0.13637714621732622
84.77368907060136,0.8222463391022892,-0.8772607495863927,-1.7143480541539349,-1.3103279638579144,1.497753231727394
-17.640119133420068,-1.0476118649382613,0.792064956567438,0.5112516218693246,-1.36137773928094,0.21351577850768333
8.546150203919105,-0.010529941492626094,0.34291383790290864,0.8113081201894894,-0.06490505105642219,1.4740763926778175
87.23013795774196,0.13891731068372737,-1.5033895542836353,-1.7673669869424797,-1.7528447458425025,1.6079858318859248
7.199911990730376,-0.95219740258822,-1.0154707280127164,1.2580930241558597,-0.5140671180780645,-0.03812365967172715
12.865652926438306,0.06951571846969973,1.2506408521071886,0.6961039886967963,0.1915113468663434,1.496792068123491
102.73922696380467,1.0307583210129359,0.3612788820500463,-1.4507577030429912,1.2872009910011228,0.9101966187822468
-5.3556229546954,-1.0665964432347192,-1.792060663728753,-0.3956763960324645,-0.9853880093053351,-1.7597971487528827
22.467183542088847,0.8207454387569872,0.8849108257579812,1.0126211264316494,0.593323556710776,0.7401181868822806
17.742623087190054,0.4225232183251557,-1.304391202400677,-0.6839802836956204,0.3656084994181228,-0.815681675085731
28.6753630412662,1.7149225910052266,1.8057083534795413,-0.7044585134056973,1.0776810349189558,-1.625188759077981
12.760837410998596,0.3938566797725471,0.44470683495370356,0.7828205604394949,1.2924790357723497,-1.3985451316771393
76.0357112298806,-0.21303884852346933,-1.7882382831746018,-1.2647471292121448,0.5606337365569609,-0.23322963084956205
33.36043541546468,0.8922031453182329,0.6284150411620564,0.08906684693812617,1.390576784606258,1.2516925784557529
125.92537498691837,1.6661487403617126,0.6158517139992075,-1.942617103441278,0.3026343311736652,0.8781040089765138
8.674490452917489,0.03741579686293495,1.9043404089601252,0.36472125175459835,0.5299180921821756,0.1578978273444651
51.584442233924705,0.4896170885562565,-1.3695363957624545,-1.446976661835647,-1.7757736172137535,0.4252906178641971
8.218897500535697,-0.696497182204098,-0.6033000082456002,0.8122964493186746,0.6318936103559363,-1.947597405398926
72.31731077013768,1.1706480532008903,0.42212176065423934,1.9631564910996087,0.9885919897733393,1.9233075632726968
12.269800603239855,-1.0840343387465121,1.981318797989191,1.4587486104482221,-0.043736608307852975,-0.23962028635489574
28.79795298021555,0.5119906054188905,-1.8518999095873996,-0.6258825763643427,1.1710854871028906,-1.3287155230855023
55.029469262214334,-1.330812698357033,0.3452926342135152,-1.4489028318248942,-0.5642974188886924,-1.0745512923800273
3.424441964616303,-1.653950914107293,-1.6765357159415855,-0.5972749118130145,-1.8527529112070487,-1.7345188293654878
74.86096646054374,-0.7511867159342853,0.9462634582823615,-1.6513860505646147,-1.3053142490926262,0.6461189084756707
18.515704568459554,-1.8454478053480745,-1.5382617239718734,-0.49247192703027665,-0.007988928374338844,-1.1910914404861237
51.086296171493345,-1.9814953652420288,-1.9274151178754422,-1.457309719770819,-1.412422045895886,-1.2060577552579699
4.947492702300268,-0.2871114911387376,1.1284632429036656,-0.19394609458415335,-0.2557101124321983,1.276645723541503
86.148038739232,0.2513562727652987,-1.2081907170079886,-1.7975662270195216,-1.1546883242648676,0.05528147484502144
34.891924799008365,-1.4541706348867454,-0.34168981571546864,1.8413884302787014,-1.7096595715784955,1.2005087832245405
19.37828124154209,-1.0344725403769641,0.8190742772977249,1.7854825482563097,0.04172529214008369,-1.8946470348345859
65.56897734327016,1.3278747485941285,-1.288524198207912,-1.5001114543797547,-1.6825338654025237,-1.0993761939294338
-7.189851357415988,-0.9573857424414043,0.4764106202145637,-0.040257827152970105,0.09589828152229751,-0.816264038996716
39.014504867954265,1.2297260346071623,0.22416277715210153,-0.6640563091150509,0.14178049543243887,0.5757346342266505
-5.21625440405917,0.009469504237867632,-0.8047087128375416,0.34148157776845256,-0.4667584072973532,-0.16237191812497365
-12.698356348094977,-0.32704633481049816,1.0399600229623034,1.4256147621987307,-1.3469884789599118,-1.5197833746060727
-11.404220232202816,-0.7166176327842964,1.2831182534007963,0.8468176935176981,-0.8826814458605443,-0.4962205741394321
13.282646000710734,-0.4216594173225734,1.1325711549156705,0.39658393032421113,1.4400972416392275,1.72858705333641
4.346553862050676,1.7875441675820287,-1.7348494699623997,-0.007575753563362486,-0.11777149359145511,-0.5504020244300492
95.68554958698722,-1.3839300920546718,-1.2763246948500444,-1.7117750083722774,-0.5206681660417489,1.950417945445858
23.47264942250273,-0.8168782657187701,1.5942241952549665,0.22997226954848893,1.4108160793107252,-0.045200943964195606
17.400498959222734,-1.8654070899896036,-1.8038115212287402,-0.22202256797526854,0.8291780233967416,1.558877263596556
4.489198227326538,0.7123107864409444,-1.6933554407590008,-0.12452119580103505,-1.1297745662067809,0.3904438179692491
75.41939884448979,-1.4518946517460192,-0.8012594119108187,-1.452066113850766,-0.1460420022856641,1.1155826129078719
87.40651963756719,-1.3350363233977238,-0.6032361235781862,-1.7159975209445242,-1.8862278239857178,0.4629284665604829
-22.73151040973143,-0.3677594318218218,1.2313384974126702,1.1728732602207876,-1.809208284469999,-0.7608331237481716
28.916920501644867,0.8160840913956768,-1.6213730463777871,-0.9204838089105474,-1.439564360682538,-1.1078509207515097
23.4367290754737,0.10741669608776094,1.7741475823689146,-0.5180656623018263,-0.03541393112044089,-0.5148001077602293
13.630558473501292,-0.4725207709770509,-0.05071687222250976,0.41438429402184607,0.5978403321943939,1.3506779165980816
44.15165031245519,1.9947549978467682,1.1612225030494172,1.371053190646136,1.2420716935819467,1.634980329307302
60.765541258204244,0.7199269325042654,-1.459317707892291,-1.272922802700538,-1.1642603996128984,1.5920029655940384
77.86099688306,-0.8129689880148883,-0.7725886230872021,-1.2527484751938363,0.1159651045285055,1.211519448241098
-9.46744149579172,1.7858834936479218,-1.5192086549595745,-0.2427845925229728,-1.7245199189369735,0.9168172212859642
-15.280785009597592,0.4017238897958224,-1.3412161196145238,1.2672575149185068,-1.5403068764954364,-0.34511823246632467
-4.381529674682239,0.9708939108880177,-0.8931830787958623,-0.4287481472098533,-1.3140402994658866,-0.8880266474282426
86.60671277429498,-1.9952816831366613,1.9990959485780517,-1.4920931326150781,1.2399455202197323,-1.1028999660785024
44.15390687209347,-1.5237605872494515,-1.9337910903981426,-1.125735192401764,-1.8316474031386294,1.5882806608313147
129.54911539304018,0.9821280534685224,-0.8467201811304315,-1.984130920653778,0.3475514751858353,1.5405783126580865
-0.16523740140223575,0.4325428720532005,1.8307547525495176,1.2862986397971357,-1.9223563604319658,0.12214346765756146
-2.4552660626519063,-0.8098221938840613,-1.2445644733546808,0.3959678577728347,0.24401328462702576,-0.9728896356865917
-9.020855946618703,-0.8127917020966287,0.7633650574821607,1.4299703312678336,-1.0699106481170833,-1.265234643718693
80.59024887069852,0.21335554657035916,0.036314674747726094,-1.6769865871939502,-1.6619873994908247,0.4362652511537859
-4.439811836736335,1.0817093377673572,1.5257798123565394,1.2813392485114878,-1.347117574322291,1.1450355629196887
51.681330872899856,1.0475209707877395,1.744896915064162,-1.3063286343799554,-0.18830677200078316,-1.3085431301254848
-13.725104655599429,1.3900862828268705,1.1784128600588009,-0.38539970811391866,-1.0946848194311247,-1.8766653054404157
17.85518932615624,0.28006981452645174,-0.12711279265748177,1.088500526271131,1.012247500449741,0.3844296101171336
74.56517925616359,-0.007096241484178645,-1.3408492874559164,-1.63942783018878,-1.583776399093265,-0.28779265746182414
9.44999780411578,1.9486874820878488,-0.04726119595317124,1.4430889117517163,-0.2560395938413582,-0.5849635333326848
33.3161442030905,-0.30207963534666815,-0.21627519749691482,0.8308709059607842,1.9557948213753567,1.906117879424269
3.835346336524455,-0.555703957757959,1.4032881909493407,0.28950523727677835,0.20493389142328233,1.455723342375756
28.8296215119355,1.7333754757597473,-0.4290804281657965,1.1019711850554157,1.8817826400055466,1.9945563617004591
44.87438099057644,-0.1664679585963711,-1.9340734322525637,1.9510385918317827,0.17669336332225383,-1.4957892228454597
-32.927406505402786,-1.1974019058678045,-1.2878798756457028,0.2150179645732968,-1.9302671807008775,-1.0672816175935367
20.742788971918092,-1.9377608387537877,-0.42196825184568665,-0.1776131709080384,1.4466207428251474,-1.6652889444679624
31.65306445782135,0.8147052972994429,-1.57754319478689,0.7406762414296875,1.4197818264141278,1.6975740801966848
35.4429921740442,-1.1749406858727642,1.2301988189538524,1.8645804754540483,-0.3560838129514141,-1.6182140513031005
45.84513174171442,-0.5797243568138764,1.6174730967639386,-1.1939269378060007,-0.8480846424958828,-0.22333960875525438
100.31695239108987,-1.1095539789375737,1.7206088039940384,-1.8701397387573446,-1.3153062227769596,-0.33960660064296855
27.66383069313956,1.3675504663988591,-0.1607206586494483,-0.5836231454834033,1.9137188865608166,-1.7177795916627927
-3.197953833647828,-1.8118748633353507,1.7936139000339888,0.24419928229702048,-1.859194516946209,1.4037200159162198
26.3725025764897,0.4562220682629339,1.5327007448161614,1.2154013855464192,1.644452409892847,-1.6823932334519922
79.85864015803602,1.7890916672401218,0.6401188981531138,-1.689189570204137,-0.9487128343607041,-0.4198664961841372
87.25978537896547,-0.2944697146537685,-0.9571166182198176,-1.3710247475214627,0.5322512168953524,0.8361428357175495
56.02247002154391,-1.2465500563820422,0.3276784402515438,-1.0386197956300807,1.7114239341821085,0.2301214958496156
28.358639070866424,0.11768329651416876,0.18676607335627615,-0.784637919834529,-0.8747222861023483,0.6820040773747791
82.23839903127408,-0.07093265892069756,-1.2752802654684197,-1.7144609469716152,-1.9680455403471018,0.207670522320341
-0.9707178005761556,-1.0309214915503904,-1.0131822239231938,0.07862823899090143,-0.1357954819844167,-0.35400688294000426
-4.799962766750344,-0.19131868413489528,0.4155641766175666,-0.24271074063619436,-1.6097047748736668,0.5473078942547915
29.218788585927342,-0.43555113340605,-0.4024233522516534,1.543844506320868,0.754178424556982,-1.0695196127800868
29.06256417669739,0.9259168607455397,1.8363292762771999,1.634020176292137,1.4732333213478128,-0.6609920358001866
22.622038173953186,-1.2274163169984842,-1.5214985360719333,1.4596649370888626,0.6433614550518469,0.36247504550722054
2.4788796891250873,0.09457526505792568,-1.771255048388817,0.6967029928308857,0.5960839731655518,0.15346269235103316
2.3645289828364793,1.7563475445496501,1.031079621104825,0.03197989326978368,-0.011363071031455618,0.7387680252813662
4.747135622142344,0.102184302993237,-0.030105499603711117,0.08928491670032557,-0.6036996827771506,1.5014076930957785
43.03555011926563,0.773203342244603,-1.9130030332821026,-0.6468186750287206,0.1539057382014164,1.0428192332880357
-19.63011863407245,1.6986531501737372,-1.23046336060552,0.373647263419711,-0.7496745003886032,-1.9317654379778766
29.071725935127986,-0.830836073898126,1.6881607954472382,0.36753273406690257,1.1978120274010347,1.4414617199539546
15.465339820471886,0.016045974467698176,0.6424114932787961,-0.140219742412111,0.9562383890040675,-0.5236905864738084
57.85212208677167,0.6742578388104605,1.8099194626321107,-1.2891103583343924,-0.6323725146754908,1.3080591424506065
37.4166782666043,-1.6377313954350599,1.1472038688045512,1.5642122159142553,0.37333225750826493,1.4632951607033906
-24.92206425714807,1.364054331897143,-0.7209587357615397,0.30178776334266955,-1.9040637864533663,-1.2293527407433196
100.03268342343297,-0.7089389130701154,-1.5347397829324092,-1.8346129507056141,-0.5925990914508095,-0.06380962294076697
19.548922622684323,1.801895898381006,-1.060274692258035,0.8271773326161673,0.5317267271236474,1.8632142522743824
73.28465374255966,0.5676700988658925,0.7899642505056117,-1.2101528905094967,-0.3362240374179857,1.657068485773625
44.760200463826905,0.9692552594025017,-0.8234529905946797,-0.6720309973985441,1.4254829883390046,1.791472147778534
90.86532232758417,0.10706729598070419,-0.028026300040545404,-1.6025914347578314,-0.3841645277313397,1.2766842308280006
28.518386948047162,0.5646014795670466,-1.5749958874561911,-0.421098949584803,1.143180373176008,0.7055607795171648
67.15395337568036,1.0721696614137963,1.7671098666622131,-1.5174666296773016,-0.22077440351576927,-1.7583819416517148
78.10773497618551,-0.26598923387912077,-1.300592253580358,-1.4962598073309907,-1.5286582512372076,0.9683530495724622
35.114519196087336,-0.06647888321554785,0.45691573468158575,-0.6596830246263394,1.2861601122718316,-0.7383114729839901
0.13237184887942988,-1.951664786197023,-0.9599224608712444,0.6448069696146663,-0.22946356966793546,1.175898800311319
126.54684235756588,1.288153150915083,-1.3246697791035724,-1.740083185142363,0.9958080483642306,1.651704191319273
53.29768197652106,1.0521053675848258,-1.2035809088451268,-1.0298523593966569,-0.5382582216105205,0.8895383071716245
26.77572098180999,-1.3660803745673262,1.1265873963927961,0.9288019316556184,1.0628717650884267,0.5089160383732052
20.934012815911135,-1.3283204926454362,-1.436122524305862,1.4978625297572123,0.8461281641537157,-0.9161116820239732
-4.211098206351649,-0.3449819294817975,0.7712164733954712,1.196307492177513,-0.16151965267411938,-0.9748383874916708
27.11045028984376,1.5477757057894266,0.7221655983669022,-1.0121470225488776,-1.4853020712115401,-0.030571694654303982
9.94251315039204,0.8263133673086172,0.5272864238771398,0.7080788266792584,0.5251035863535138,-1.194229341068933
74.69671949882532,-0.006374343583721576,1.7392966401793206,-1.1000758562032655,1.5034850103060955,1.761049698822323
94.5769229891875,0.5797144571606676,0.5563592436254363,-1.7405984073706215,-1.7173794545165904,0.5719001166121003
39.275141283195296,0.6908622826712234,1.974382101392643,1.6742558744341802,1.6682576703768461,0.8232854366923839
16.20152025120841,-0.1523282556146146,0.9342595283794237,1.7196704450117624,-0.3303078159960111,-1.1847720820389371
3.788627769990554,1.7608969229982687,0.12867844432428654,0.11103640895420552,-1.3294293340038745,1.5049394937102418
-22.68889835830896,-1.0037823101862453,0.4846008613940387,0.13438661888175885,-1.7773663611903028,0.48044432080302757
-16.126818746914342,1.2245355616403386,-0.6113093289613332,0.7042781017904738,-1.751312429927995,1.5308954763588316
33.426394278799904,0.2004654415813012,1.3360178358377781,1.9647521965926056,-1.9994060638371067,0.6109435490179034
8.71234617508135,-1.10224086257056,-0.533429834521908,0.9697835293165253,-1.5274428887425882,1.990458817029657
-19.33107309416137,-1.7436857321067323,-0.6288503247890063,0.2328426212549215,-1.477876115060282,-0.5987684494932988
-20.72521397762859,-0.49319556838494716,-0.39515191586763665,0.6075945205662601,-1.743662987286564,-1.8534535831322496
47.07826525602984,-1.286042806650046,1.2336963602150952,-0.9279393463774817,0.01632420178462546,-0.699499275638408
31.81360874756925,-0.24891839219481238,-0.8350378942125158,-0.34752243671302097,0.9451903109519848,0.38402047177873033
108.86047601162059,-0.9077533328161671,0.8819865896439265,-1.7847887319832023,0.5794379746292493,0.904565846320688
-14.448012909760896,0.2983709695210024,-1.1421905310615155,0.49066243141372823,-0.6015876579068147,0.06824279589227755
95.65271698541231,1.5712910563000233,1.0721491856821075,-1.9047843246032539,-1.637697496887014,0.9467798556385048
13.571753668095152,-1.2263001301970244,0.7670333465401353,-0.5938557885560662,-0.28870236044970277,-1.1233484963548386
33.17363789731304,1.0391039631301227,1.12464136866451,-0.6153128246015394,1.7776909160733378,-0.8857388483688564
41.55660972373151,-1.7232080982587328,1.567498956319247,-1.1672181481225286,-1.1761602060157608,1.1590389911612724
30.261802877467247,-0.9482954155943362,-1.5076528386900647,1.5186639392164305,0.9716831015094614,1.9097113338181768
38.63031426073027,1.272359381385522,0.3055268088084757,-0.804289619769615,-1.473015458080221,1.9883432540506334
-2.6063939579621636,1.2416955146144915,-1.527495924140144,0.7294271466400692,-0.5080619209205266,-0.35351262179857734
10.01159839394563,0.7587767034344819,1.0631936571081648,-0.2638155515714491,-1.4338829358120821,1.395310757765388
-13.240403816191792,-1.8683437908403535,1.2409302178399622,0.9968492674619696,-0.5957536553787546,-0.7604765211048314
9.222003706009414,-0.4288867219827508,1.6270091958601176,-0.8389172173420403,-1.2514846117039768,-1.197316715935739
6.6467268892271,-1.768559389834241,1.323542352912129,0.05466106064575316,1.8566150401102597,-1.4222731303803182
39.58730201245268,-0.6814872923532174,0.4840163644098441,1.698627493212768,1.6596215987668557,0.5723930438461018
108.66629692153649,1.2422849975780017,0.32219600230190304,-1.7013494509823635,-0.14060308170488556,0.7280921427847891
5.665403180863164,1.2585699258371448,0.30694940746416854,1.1679844536610609,-0.7847718465209104,-0.9559862638726222
-16.619722350456865,-0.07432803542802935,-0.7072526047867638,1.0722074712915517,-1.9608429994830812,-1.0407434937046198
6.05404852011599,1.4920697374338845,-1.4161515484886182,-0.4430128208085393,-1.4290322483674633,1.2069437085420338
-13.413497372180293,0.5529024105504914,-1.9211375957313286,0.6290542240285677,-1.755652706425752,0.373644324043116
85.95634136009127,-1.9280809784896444,-1.4664326618885717,-1.2478358957895348,1.6897793707799713,0.5598831789543111
133.28074213983288,-1.7551743573812257,-1.4913837456063943,-1.8396531896813637,1.5848129985689776,-0.2743496290500733
27.188906426056427,-0.28548337997981177,-1.8985071161459905,0.030808094806410224,1.7426487426712924,-0.9107020615894776
39.23562076491288,-1.9657867491723762,-0.33711667336576534,1.3240636174851668,0.8515911975856589,1.6832391557193498
87.07898821341843,0.4861218304516739,0.5229696898020189,-1.5017095041263437,0.7183903919423926,-1.48121520515113
46.4801972080038,-1.4634392925546855,-0.056536694924731457,-1.4029545484765684,-1.9697570421022363,-1.7634147097222237
11.591937479571857,0.6965820968378327,-1.0698627435764108,0.5644744507531962,1.3721999971490146,0.9925308053151563
4.465880884684321,0.146353858104328,1.4759411014692612,1.3186604301806182,-0.6967726639240457,-1.649528137296668
32.601326650552764,1.139989233153456,-0.4427449993524677,-0.5875297265714754,1.235734465094589,1.3176924777921712
6.4088682787542215,-0.07350688822799611,0.602976538569846,0.7699892125281522,0.5683074432445281,0.1311721778595616
28.983736729235467,1.6052144000915738,0.2041975585625151,0.8636565634819142,1.1442423828886423,1.2649336150246113
-4.989892499248553,-0.022091474924573085,0.7668879390993641,0.027943471586619584,-0.19308898047123435,-1.3967525025306071
15.652779790945768,0.6204013554416994,1.9777641516682398,0.20640362257216838,1.2898058498840759,1.5146107920640204
-8.574541815221917,-0.20532684438150994,1.992773091268916,1.3254354172737695,-0.5385809191379369,-1.4439954795059875
55.390261673243266,1.5678556027440411,1.8298046432299415,-0.8863156035965707,1.2253779389791868,0.13900272715387407
58.12119005706469,1.3298530240237865,0.08652506870253784,-1.4518458896277684,-1.5506635891068825,-1.2205797014420066
1.1732447495210345,-1.2179833714371577,0.6421319479624628,-0.6728623275199976,-1.7570515446313162,-0.4890478669285474
101.08705227101782,-1.3323095552893367,-1.8681824151686177,-1.623609775830262,-0.09298170197965705,0.36569463140035374
18.648921145274887,-0.8169814623730027,-1.067374697215568,0.41489872186414667,1.504720334946808,-0.09122616067599987
10.581583929599368,-0.5117200625485956,-1.4921367674875463,1.4387156703061095,-1.3483270014805706,-0.06449793614955279
71.89869164782826,-0.7834497243572818,-0.5848480246373602,-1.192817721437291,0.31447169928314045,0.30548818277154366
36.55731570945725,-0.45946840527794075,0.7586874469479059,-0.9845697321006561,-0.7901934637250845,1.8540428325254834
82.13910088397131,0.5812394080933134,-0.17876387331722032,-1.4659359765457922,-0.17785797279214854,1.9652385990097203
40.4438715048572,-0.7380283172927471,1.0809156912628302,1.9897404137973673,-0.626455655777419,1.6513761215499434
25.470875551254498,-1.5574680270484382,-1.741303697408128,1.1237929777303122,0.3133546989111684,1.338514545773196
12.900734635911023,-0.5189843668554825,1.5492297078595811,-0.7911746388287617,-0.8659859168610424,-1.2013969825159219
-17.12996374446006,1.8053478250076176,0.7993267071507919,0.8230636091330843,-1.73090305975833,1.586422407124406
43.54025610011757,-0.5113401860130415,-0.8551356424662719,1.7089221820496796,1.1966405500153066,-1.4924834837493188
35.83602811725424,1.5049756307189615,-1.2020237663189821,-0.5824660085857363,0.6136288864045087,0.12374474990977724
7.4515294026152485,-1.6121774390354404,-1.6283650349481484,0.2656192620869633,-0.055517101359626064,-0.4656428414757774
29.02558897657466,-1.8225684927497836,-0.42831580667128133,1.016200593526332,1.6371637437916862,0.19316634998774207
60.530058834311994,-1.70018382565054,-0.048110465792553736,-1.12262973844213,0.7124539780874701,-0.3589109987067842
17.4127767416261,-0.696630597708003,-1.647503223220098,-0.3960730011798419,1.084256549592146,-1.0026573714800704
85.14427945788279,-1.2611803268600634,1.104871970082311,-1.2410432753350733,1.5274460733869777,-0.039941808846807536
-31.710226212751564,-1.7986142881557106,-0.8777653300140966,0.46843227790378483,-1.9398158734886457,-0.5273123265290778
17.82320832834681,-1.5347591202844741,-1.7813411764300926,0.748849694910835,0.4463952545011063,0.9403663673555851
-0.06988910437029361,-0.533872530215755,1.8611579228297939,1.0843759735523895,-0.5904717999105409,-0.1589381401279084
12.843780987927847,-0.34548851020702065,0.7335662382348427,0.5266524490807356,1.17172823729714,1.6518668255374838
38.398648522243356,-0.4272558641444406,1.0114825205687619,-0.6514000549151522,1.748014733882119,0.8355634670311565
50.815999257942934,0.3353450543692058,-0.6685643809066066,-1.3696352132800547,-0.43954154090346176,-1.644791763924526
-7.443422861013431,-0.49866386173911526,-0.48175480092577105,1.0227489217568082,-1.1989512869998782,-1.5540120282223469
24.529342887367633,0.8950328746573666,0.6670234018820858,1.2540587404851777,-0.25672437044487273,1.2370605233508116
14.5808423386549,1.801915706564881,0.12382011718919683,-0.30108854909468397,-0.23649373046292377,-0.46767518379327777
-23.61994099117324,0.9178528734113525,-0.27338054959067337,0.9605240797951473,-1.5265609837161,-1.1008870062176137
101.89081615022212,0.4074452810202418,-1.303640333542785,-1.9535667931988443,-0.13741767929773419,-1.4365379358354837
17.98519634664794,0.600770160228103,1.3883363811693954,0.04249946876172128,1.6837267014080037,-1.603624075828586
100.61090722477667,1.9281128161902554,-1.9375819994419663,-1.5758885784379628,-0.0071780029664116896,1.4237345135361812
15.001681868941441,-0.23550715926783372,-1.721262364876789,0.8028201455060509,0.38922336116178036,-0.05717810932274903
26.128821070862646,1.0844258287802506,-1.8072854835622745,-0.7043160355386133,-1.012781036878053,1.1983226784370458
-4.603364498870366,-0.5899486056900725,1.3007047357967791,1.4553139035817941,-1.4507189424121663,-0.3346612664839803
19.00828091817226,1.6110140747935526,-0.0770247529811594,1.4586771006485852,-0.48458064056311256,1.854639761784112
2.73802173839547,-1.4952600557350562,0.7050046796213696,0.7676749198548469,-0.5444408741772344,1.0111958741538043
28.72172434622277,-1.7501118688161994,0.9292372150089308,-0.2166399726553978,1.8467383568121947,-1.8481161701249862
20.631428319373985,-0.4554670514421799,-0.25656760947724466,0.9951720891971636,1.016415921339819,0.39481358269393985
11.173557473543035,-1.8688855850911157,-0.7026582453378012,-0.6150168093064639,-0.11963550054644312,-0.8337309358937146
4.8904018888710725,-1.1984760929971214,0.5315469510308626,-0.7008813818851287,-1.4341312544802816,-0.10464355339514508
4.374099205300358,1.4465685043561347,-1.5404800488748336,1.0092968284334995,0.39998704085067693,0.3524257973548659
26.568507034885748,-1.9812589987145741,-1.9282155478665959,1.9331022092981143,-1.744828468540692,1.658321864338335
8.578382515158072,-1.4951900579510933,-1.7999440554752937,0.07322295509073884,-0.8511945481726366,1.0398072413032926
84.29296616956627,1.107404846681645,0.6200301777371653,-1.2038616927668988,1.478722373267015,0.6225804676629783
56.062381151428475,-1.5348373472813313,-0.20638813148370083,1.8116944480408264,1.862563062262304,-1.0725214221153396
30.605981750207334,-1.3013415071148935,-0.9976388689051334,-1.219792629601311,-1.984455062375352,-0.1290235380974325
24.46272880876679,1.5106742043486387,0.29053046783130476,1.796439170458676,-1.3918330383714252,-1.0100702030200854
11.369828860507702,-0.3421288699113014,-1.0058363831544583,1.2032439482375343,-0.05196384314340374,-1.3652687168946374
21.05768721272475,-1.4432867778576042,0.821194269207703,1.8592423970842047,-1.773767749793251,-0.7302812074821659
8.499979827983315,-1.1728506867440829,-1.3346655551948383,-0.728909498295188,-0.43004606756077424,-1.522804817034078
41.971141891274065,-0.1540463180869578,0.6630710995890747,-1.3263816274791433,-1.6917082549394844,-0.9342048300224244
33.947064666555605,0.906919778902517,-1.6276469351160507,1.3940886468941769,0.8482396439882476,-0.09903070306006256
-7.546092813955196,0.051973740728597395,1.391076187613093,1.1977845142970405,-0.9965547278771467,-1.9140968125045252
1.5323869753024262,-0.45208814435230726,-1.1376983320145455,0.7941969072219197,-1.3928144467194836,0.7479281859730431
54.01594647680115,-1.8958715277365497,-1.0428934304164117,-1.0795865690482702,0.4247672536218592,0.11646440873941222
-18.982061872006096,1.6903323724959898,1.1003974582733522,-0.04784984395606129,-1.883481056042295,-0.37866238090630944
7.724638277722388,-0.2578482160675253,1.3625610803944714,-0.11845066493019463,0.4926586925739631,0.8154878434158985
63.26878512069062,-0.8996585922929392,-1.6849740696503437,-1.4530557213744717,-0.5569879449885411,0.5075312559265215
-25.945880671635134,-1.3672354730899845,-1.2752400094460419,0.06565013993718205,-1.8589087720865014,-0.7834346251725832
-2.910325740275928,-0.8305453709838169,-1.8520038384193676,-0.3644488930688885,-1.1890503483642285,0.7925832904254726
16.79129170028069,1.2389781141265472,0.0019839544540021237,-0.22146236327839963,0.9167038371425926,-0.5726254951730216
30.10403955253858,-1.8143879284368616,-1.7401580477726268,1.2275521066095205,1.4773003679513126,1.8976059129714322
-10.247877694325792,1.219166385882572,-1.3517903007208565,0.43604663368980523,-1.2463769630828492,-1.3607031474010949
11.179045545045996,0.5610088314283863,-0.23182798247142689,0.46369309933228386,0.9369558404932241,1.1512522640482898
-2.7361136283073124,-0.004903450315191904,-0.4035518277574339,-0.12089370963484436,-0.8665522126376914,-0.36858735903193196
106.7793000876483,0.42114344907203316,0.7786927836924189,-1.8001021401550674,-1.4538695390100775,1.3868559196922434
18.191882347002572,1.3303844285140323,1.2936852164610158,-0.5854518163004743,0.8217719698230499,-1.1813729584779997
-2.546201676778322,-0.7365141842007907,0.6845330332971167,1.2738946685858017,0.2895763091829502,-1.4842162642546173
34.69168704805564,1.7221257118559454,0.036653363184817156,-1.262682381614058,-1.9796119765390139,-1.9246464420569356
31.112602379615137,-0.47939114266400296,-1.3557437027145411,-0.22201965696197057,1.2838774952388623,-0.21269239349507307
39.22915734093188,0.2604224568439757,-1.8185220941326352,-1.113811795877154,0.5486497473494198,-1.6759051890736445
14.912719201781513,1.906230605419866,-1.4473126191100203,-0.5077028604263849,-0.7680870241172011,1.8309289598404552
-5.746157956043836,0.07880162685974135,-0.29461683962996066,-0.007503613945127885,-1.652491097490112,1.2712538620489444
19.974840329050142,-1.2687650522409575,1.0717453932413932,0.3109738533437989,0.4605261924177211,1.1218919314884745
60.597399419407395,-1.9647017478670037,-0.12884396992877933,-1.260384673135809,-1.8252555056250337,1.94607904430962
3.5548916522040743,1.1564921881238233,-1.8885060756052332,0.17955871912294707,1.2614666509010606,-1.1296729714739469
33.851844493808514,1.4393151147467194,1.3654152814708085,1.8457150269205131,0.20658481677158846,-0.6687694993051587
85.82716351959314,0.10449689847878618,0.626984656074892,-1.6048365047679165,-0.4884583449842679,0.01224172323121886
41.592799278331306,0.44340780018627113,0.5303341334070857,1.4495413095627598,1.2034939540695286,0.9583152550833054
10.565072332078403,1.2259163010868974,-0.5131128026566114,-0.44519326933278514,1.084655019564623,-1.7919439183649328
32.21403183722379,-0.6738504648197194,0.5376096139425264,1.593840895241052,0.8233685740069152,1.8257944747950314
33.06402453784677,1.8429504460007218,-0.8893891025516063,1.5510670086215783,0.007613937297665796,0.3665551280728758
37.50494025416774,-1.1232884088674169,0.2553495039684268,-0.8898229861660822,1.2590744682058261,-1.1755640151023332
48.71955873979027,0.10903275299266468,1.5509771103622159,-1.3033162693896774,-1.391061415422422,-1.4950146460666525
1.6535782859811956,-1.47487585917952,-1.9531073392401521,0.9112611019154713,-0.042597571039300064,-0.9934280067566572
21.403644279648553,-0.3151229108052003,-0.9824641980116828,-0.9234770917028143,-1.8013038593712398,-1.8745480278897966
15.934288716631471,0.21101754590642763,-1.3293046994062632,-0.6180495119689846,-0.9274876081130974,1.5847476692592357
57.996008214057355,-1.2445928975315779,-0.5309234978079336,-1.386821004708791,-1.753305718766526,-0.8847970265238012
38.599816687468255,-1.965039317216302,-1.212924826438866,1.709123822861872,0.4061972683332935,-0.807764991047784
27.215308605485042,-0.19982222646130987,-0.7948770689409899,1.2651006685170434,0.8766929387751423,0.3910782231893446
36.59758046856695,1.3670423099409312,-0.6380698649175183,-0.8804000821959632,1.2322741276382683,-1.9858551292539564
7.485881013612941,-0.7855896698131688,1.469254924986529,-0.220726197121063,0.03369692568561122,-1.5795921354128564
46.60790275215528,0.47370627546030164,1.5955664579140798,-0.9475173598565312,0.6097504108219005,-1.6672228107988016
10.406097563695514,0.07415842014090357,0.15829082962323904,1.521895391617842,-1.9226639599519078,1.6757275980633728
33.84687278515433,-0.8492146181837077,0.08560965040812096,-1.0027862721309226,-1.7343447858565306,1.6574303523322151
-2.298768974584647,-1.6292532165130509,1.12223627473002,0.05974623154902714,-0.8486285236122835,-0.564475256695641
21.694587219799615,0.04449062576544627,-1.6807420661534689,1.6808920620936525,-0.6090694876642968,0.44456197393604846
13.193995871976748,0.9969805481435361,-1.654744400579026,0.7411859011544273,1.1856093469714217,-1.7478334549968397
122.3872574423034,1.0526089376670962,-1.0664657805861708,-1.7887950481717945,0.8448447271679513,1.0821839425654538
29.12694807090145,-1.0982606754345885,1.3790568433185517,1.0664480043772362,1.3554606953403474,-0.1668920942772143
30.44549115563445,1.473808642339757,0.49492721774606974,1.4146529258642997,0.8367580944062798,-0.4333742705692618
-5.6311593579100165,0.3371584930101763,1.1224428830853603,0.8699937150210779,-1.860689040355631,0.19163973504291532
52.08184158449163,0.3910681682633079,1.279387234052321,-1.168249229797762,-0.7262393530487321,-1.2633738885212487
14.603823832869981,-0.3173241918506662,-1.618960063922438,1.1925410308900628,0.0758255431985071,-1.1474769709095107
21.405084686373815,1.1324566253384214,1.6511477342923149,1.8575900276274329,-1.9108849474337464,1.525726358505581
12.955283379921337,-0.8403482558061954,-1.2395929552405303,-0.2574151223288328,-0.7033523143949565,1.964246987911784
30.37540054438491,1.1620662769450885,1.6838375317496332,-0.4244525065253799,0.5198747800927719,1.8879126358222251
11.457771146153274,-0.20752435911985145,-0.4265599717756339,-0.3330417486951873,-0.8251483607795924,0.6169608234546988
20.718495253797975,1.8002840837222118,-0.5622205289468041,0.4835932745197695,1.7849857422421649,0.4962868015588442
17.049320874841378,0.3537421675310721,1.4892567450179222,0.6985475381396533,1.0059920393341533,-0.7527130226058194
-32.339732715628344,-1.7018900765921416,-0.7275208897205663,0.44338136860543775,-1.6554573328971856,-1.809208137242376
96.35576092154638,-1.5404508981271592,0.790746587725939,-1.6325756706637753,0.3862469443767984,-0.9585151721965963
32.98222770593798,-1.2436825467793189,0.6815049284955363,1.726811401686993,1.5428376757122146,-1.587968509889249
21.06034500889732,1.9614336605501879,-0.2274081910142356,1.8778785111354024,-0.10680582412011219,-1.1971780633521427
50.73145054244591,-1.9443765732732285,-1.6490857370170535,-1.2464215093007862,-0.583682033524914,0.32178373646702374
-5.634063161411316,-0.6808721320698763,1.7988184113338748,0.890251206451512,-1.3562777346803787,-0.3212157089141656
19.673531752106488,-1.6804820440554242,0.36741003617866896,-0.5317478088265504,0.8421689117992393,-0.1421998091831993
22.63650117786177,-0.8562491663779399,-1.1129379918863567,-0.40783577040952235,0.4981117079583717,-0.06012104042319155
49.23630337619899,1.6539802262051513,1.3642572702171352,-0.8003243476040476,0.12182049384780491,1.397648389380993
56.33625015777225,1.9925712261495931,-1.400748739185512,-1.4775950144868708,-0.5863529894702286,-1.98318486408118
-21.645680463744274,1.3052954246685795,0.9580101816946489,1.0565296152128565,-1.1584803919828097,-1.8347036432893935
42.201817471839725,-0.8142924752735246,-1.6187440819209202,-0.6613434691873707,1.520169933510445,1.687483856978643
8.009061553147308,-0.6860477034037977,0.2797788461164403,1.5194778851391342,-0.6865762828530495,-0.04813988278268733
7.740020582298175,-0.26001935732530157,1.4158293462011766,-0.4124171063633879,-0.6441719769086856,1.3371724292361034
60.57766957698538,0.945558635551421,-1.4856680308147379,1.9433205303389993,0.28275169798262123,1.3061432385798315
10.104147136965068,1.1410360542954843,-1.90621978400829,-0.2646379609006093,0.4593315404164424,-0.19117048306947249
-1.887141778723155,0.927108760006544,1.4167143522986922,0.10077538276074716,1.0319810157134595,-1.412669495378466
18.05198269319243,-1.3186649234816779,-1.51774946371177,0.1425206499130538,0.778697946241349,1.5330195457203146
20.60492284266138,0.9270456077052636,-0.6995680504621595,1.6395178096104726,-0.48741570412167956,1.6879956310002857
-21.22647119312808,-0.5816244647498094,1.0785571400479785,0.9998967359813342,-1.3806115031670587,-0.641514858401393
9.824460388220432,1.7700787846854582,1.684974677224321,1.4112296570962979,-0.4054114217432976,-0.6553054356459822
-3.432427333047576,-1.1113677834263322,1.454477841019922,0.6891685820305886,-0.9197517848843626,-0.8577471333159372
64.65560466149424,0.7955474450687436,-1.7843855278343974,-1.061944389890467,1.5202841858592024,-1.8046107501941089
-4.596435240134575,1.0854556532281263,1.249376242375106,-0.4378781206689104,-0.4768427188899489,-1.6848613764608267
28.803030870850975,0.0620778270197202,0.3162269480729152,1.1679170266415704,1.0534184055932299,1.7460517058596694
57.22658041378758,-1.394829313885297,-1.1278315461938808,-1.0210692701066164,1.9882381604299622,0.16167842950729705
3.360090533992862,0.31959103725736515,-1.1972610518296012,0.7029973930617897,0.27221534426436467,1.8283370932014078
46.90686504331853,-1.9169289202154474,-0.3753783930481296,-0.9299488264743041,0.20810867433014524,-0.7565913918497227
18.079292710423225,0.3727165529482952,-0.46772507710177447,1.4450826629093725,1.4083186633536418,-1.732104330940356
9.055232422623076,0.16173690859022694,-0.1807866877005302,0.620678394274004,1.0456582869909363,-0.15506187330739207
36.89012665712334,1.0917305566764037,-1.7960495739337907,-1.172411785197054,-1.3167181966438761,-1.4220480350296203
4.769754268799364,-1.7432717379871607,1.5611456429043602,-0.564822161621422,-1.8038575214703023,1.5612784283069612
26.564067052307966,0.20741309920948137,-1.4467348915831058,1.6666011042225852,1.0126016495182109,-0.537923436962358
117.16966192030394,-1.064405528700687,-0.7098174922076077,-1.6734563114412921,1.6442431069193941,-0.1396188668246907
19.729552546010556,0.5520852069413023,-0.9300812225030293,-0.3429183025720448,1.3134745290153966,0.475122163592975
51.51731025463066,-0.1144559991551164,-1.9492916630692894,-0.7933574613070067,0.6803449531927903,0.961843792513013
-3.255055001747527,1.6038210197645433,-1.984742595059012,0.5554083100918734,-0.6904471751146404,-0.37082418874207956
16.126953372182875,1.3398111226363159,1.7941536385927592,0.07196256687653824,-0.057043051237184894,0.6972066730620052
11.707828427961978,0.8500540042751927,0.1728531480656832,1.4308845779967343,-0.3250100800521203,-1.3653759932701797
54.951427270389445,-0.19377661778018007,-0.8576483090693001,1.8175845170533083,0.7808752157215926,1.4870021185090718
-24.60469490743601,-1.7727206801164832,1.2424129709528748,0.8484771263507209,-1.5437918761977287,-1.13110515236338
100.89758600129556,1.7359878349523763,0.553528459012155,-1.8967386070523173,-1.5178234444413738,-0.007198478443325662
33.12447506305298,0.8208229117402368,-0.2865867728029299,-1.162705581495946,-1.385035641200119,-0.31626710802696767
-5.630727198464387,0.30580755461976405,-1.077837263435832,1.0350209655894154,-0.613563680093288,0.6762300645069397
88.62665281910256,-1.6857601171083694,1.8608022739806112,-1.1983632594892986,1.9788301961004477,1.3962174535595988
-1.7354275018474352,-0.8466477238111678,-1.4742627460422826,0.771876068086669,-0.11839732390081004,1.0001525585614628
95.20069031281218,0.5089463039144531,-0.2898032053894668,-1.7355381267046406,0.1553767636037331,-0.3672132918471638
-13.441451317129573,0.2944403601089465,0.017112184745405212,0.8804343236943968,-1.0755590724437876,-1.1477498363719967
21.52402979600485,-0.7067128194628682,-1.2218061474577033,-0.07288330804086351,1.158246334471916,-0.15627106464803875
34.24376123693318,0.2781801137660511,0.15093609007488684,-0.9111356565781219,-0.7872113126251246,0.19490915304261414
10.580086389276603,-0.4349226314833703,1.3226479833411617,-0.6081507800770862,-0.7444876312476914,0.6373731555189326
18.67144414818847,-1.135953174984273,-0.06406332232242562,0.11745404114970182,1.7060851533514336,-0.7165200944885655
-5.454959925421877,-1.8510907347585412,1.3226370547458535,1.2917838044624625,-1.5036044772094854,1.3822297061013082
17.46262479887156,1.306424642373897,-1.5428770531853022,0.3835503141517935,1.9400097643259193,-0.34342811562305364
2.640503907485448,0.35134442148904776,-1.168612470898137,0.8070983371463201,1.1294298306004742,-0.18638600666813998
60.891062197247976,1.1947555273907975,1.0403886690086632,-1.1463011922161783,0.8435259333687792,1.0327499556631046
-1.0608400792632162,-0.07690328831389648,-0.6886966809884774,1.441801364728716,-1.725785356128891,-0.6397997709680512
17.692293146151727,-1.3347927496093837,1.9811896520300247,1.3725518278159097,0.37049321476388597,1.5495822375508426
-0.3610590477855862,1.9445355597513054,0.6332180347243344,1.3661039124000816,-1.1224088184152294,0.5008719471296761
-5.700164484086859,1.558906343326397,-0.34040838367278603,0.06456806962965578,-0.6966959493000111,1.4856816353807858
39.30740046608861,0.545490526232761,-0.9544202463822304,1.8954039240263034,1.0367093740790163,-0.004744964259330242
-12.692097202165959,1.6403568002951832,1.9418839150638907,1.0698090799723623,-0.9735726315594455,-0.7899502501668594
-3.3159199060035185,-1.1125234092805592,-1.4039554340151215,0.07998026503183597,-0.2928404860303546,1.1790928030594885
82.2326222685603,1.0282895415161004,1.8646028756266873,-1.717278094181974,-1.5875761364788286,0.46986789210458113
43.11822288882675,1.9433529658728275,0.9015425374583788,-0.9873883409394821,0.752551473735215,-0.32552342692675307
25.489286367174316,0.2758851315444799,-0.5530300140122364,1.6285343380140356,-0.04151405094445204,1.0088807757419103
22.563700843353814,-0.7993851783479298,-0.7736045633905553,0.43507225507246483,0.4997838853927634,1.6330980130114896
-0.27355853956404363,-1.4967465260866706,-0.6008733084244349,0.7968917265826243,-1.0194039043245895,1.0096305116711113
78.96311728470938,-1.0541066352023662,-1.4557616639006747,-1.5578027008037507,0.010064059424333749,0.8225326568135105
78.73366690430196,0.8095331354024307,0.7557016998124366,-1.558208982798897,-1.3823101123886636,-0.3115181232528039
26.739228697557582,0.329070130946421,1.7139695233887897,1.0667503169154475,1.2436184158162127,-0.38390458399742533
-4.0625932450174265,-0.9735056957274315,-0.37227918228507306,-0.08256388563093031,-1.686341806311351,-0.6134228290131847
112.55843310574423,1.5648559594785074,-1.0668862978666414,-1.6018637499137895,1.3822114013113231,0.35293238411468586
37.13324121755508,-0.21089792466584134,-0.5818658448130338,-0.8334272608133735,0.41391371506395114,-1.2653711931206133
-2.152504743430317,-1.0950732878963207,-1.4622942413063997,0.46256229554570183,0.1776608545358096,1.1081060268122247
65.16778923679377,-0.46203107424739676,1.4124319820731674,-1.370822464633894,-0.35222806636417037,1.51268069512901
79.68809413420965,-1.787236212811969,-0.012572916831286918,-1.5075648523457423,0.6140852048353209,-1.5528889148896612
26.430233797487013,-0.44306416077550326,-1.4504433069299512,-0.7357263008813302,-0.5329380076035508,-1.5586859799941006
16.37104898139701,1.1016356381208534,-0.045144113606907954,0.7511907772648589,1.8423579386520679,-0.3516853883997153
32.29550187306218,1.961502419920456,0.17275246854453163,1.4755955819608584,0.20519092962329033,0.4924372568765518
40.88907993940366,1.9008512695059445,-1.6997574606834216,1.5430348449317428,0.6180702358125987,1.2627236869569027
33.49808419929271,-1.4615850944686528,-0.6014499946635672,-1.021922207537536,-1.4166149910364951,-0.47381895102684934
-3.3872427853331364,-1.5570577211343344,1.2577020845463678,-0.39377202623451746,-1.8299418693455647,-0.4740467576374301
-6.305826212360134,-0.621729870983589,0.7056436555581214,-0.39636348901756513,-1.438258991718215,0.3645340209943084
19.32436081609768,1.7515213397912848,-1.1216974805940825,1.1303730289798914,0.9254991868451308,0.20290790763484035
64.72821545659335,-1.6318864575004635,0.042251711862860475,-1.3980558957517863,-0.6909670855807448,0.3469581684177414
20.226089989804485,-0.855491598436795,-0.8503419836164126,1.080755170948278,-0.09312901960213171,1.3716431709259824
3.4509487013481746,-0.5855171340889536,-1.8254911088141363,-0.32445936965554756,-0.9896289905840336,0.3797855163548274
46.2152416369448,-1.9860344138599157,1.8606907433964985,-0.34195391436275235,1.8570173867931832,1.0585999604427285
72.7226000986837,0.08775194559578736,-1.3709858206678693,-1.4452597383243853,-0.26976772833242757,0.6859540132452184
129.94874384765095,0.8549409451555392,-1.7999191360458182,-1.8967030451021833,1.3075918560583148,-1.5873184037114982
-29.79086166309877,0.15742561165754543,-1.3938215094645328,0.6447965628948125,-1.4070171877214412,-1.9559486787659077
0.297500215376548,0.9578475151074288,0.3735172946839005,0.5264827692452312,-0.6037101983179181,-0.539535938216595
7.682608090651013,1.007859547790364,-0.26082640043300787,1.1823772422135432,0.08390491382384369,0.9764062432921095
55.244183675412685,-0.5999477454030688,-1.9961946461727047,-0.9204831571382113,1.3139551242128302,1.5132381740063656
-18.511899229024785,-1.3216903609085708,0.4284776457026007,0.469610489362446,-0.9709336160775259,0.19254699678809306
6.829823071784441,0.05573560220208895,-0.11252772033458802,-0.4681177074828087,-0.8117044886456832,-0.7202296570367981
58.12934059858875,-1.0145533301144094,1.64122257881451,1.7392368283175688,1.312048923719956,1.12201136626065
52.88654164390336,-1.5463813559333808,-1.9768648795435704,1.7078978334218107,1.8783787549846527,1.3406322760706977
9.630544779150634,0.07302708009390324,0.20233219935752533,0.08896901860096973,0.641406341075418,-0.12529490778644714
49.908347417250894,-0.16443969964731275,0.8800937958184405,-0.9278507724627012,1.4681022431730382,-0.23125489089301698
85.0517450978815,1.1845829629232956,0.1777907988901486,-1.215924488736519,1.790581981083164,0.422767493441806
0.3333439948646446,-1.9470263034738813,-1.6099410382365678,-0.4167967380374713,-1.4103824039174433,0.346091986411428
-8.640757141553557,-1.3391335327541523,-0.7521384083021627,0.16091365656690026,-0.6213442300765664,-0.9000596262073954
15.09137964960096,-1.661807108485927,1.0067945669939466,0.7783553822269353,0.7666177509204584,-0.5363792798455309
-13.92867928356549,0.4190906186507033,-0.0556511707635301,0.06165694428195323,-0.8823869772437098,-1.643129527420946
89.89427070913139,-0.8661426500285696,-0.7267565531328968,-1.5751591010480825,-0.2769897751546937,-0.5291246821440363
-7.88660637120301,0.9545155290689964,-0.8247899318560115,-0.5220994353193693,-1.2811205321996693,-1.9545304324073864
-3.804608578807278,-0.04627222681921017,-1.4414612715459265,0.39438483152494097,0.11650451296686137,-1.4545749215414419
93.01500562200184,-1.336314089390478,-0.9005050681904994,-1.812776821033386,-0.35433632342421717,-0.8915005193652297
98.53176402536546,-1.0367707553467556,1.4090034710408346,-1.8698202084377686,-1.5455271852645263,-1.6516477239953136
104.57137296084372,-0.4152519477940033,-1.2154297271643584,-1.804395133416047,-0.9187644811051241,-0.4889252657254026
28.92336390460018,1.1988998757797065,1.4815267463156179,1.626972682347812,1.5714327736504137,-1.1453196180391374
10.102783894428498,0.6314481134552716,1.1888998491944878,1.7506538531326141,-1.9985963276999614,-1.6497637306120567
48.143076781032114,-1.303968058436927,1.2358878460852685,-0.4487880559363653,1.5564002379733792,1.0365973371539856
60.50176133156762,-1.2320165802046357,-1.4096027661754884,-1.4533616686517061,-0.27663433577895535,-1.1366181652717295
28.348874866973055,-0.02307012311107215,0.8804962929713547,-0.5282168934113725,0.37518362388574156,0.818032530314087
-6.756127964939951,-1.3615109824031322,-0.2601112723912493,0.2165879808271418,-1.004691758920873,-1.4568150377776923
24.521714709986398,0.29082725666721476,0.046650517615122844,-0.07680596898962522,1.1470995700569304,1.1941036110158865
22.8108003286929,0.06132931717425105,0.29676515021509653,1.0113870715840374,0.9303632164448685,1.5410724755487704
13.459048925497102,0.7463983524372995,-0.46004784670127297,1.5513000305627411,-0.1788916077813525,0.3914083254956817
101.34804041446752,-1.0388058815837788,1.3351560064999974,-1.6126836845930987,0.06671270662657891,0.4072303545253515
32.11708107981591,1.664150428017563,-0.1258110826910399,-0.4565336269726479,1.478266112906962,1.0297345007663536
29.57454048570964,0.32214274592136904,-1.8328155137697273,-1.1954553840389455,-1.1027075459657198,-1.458117667999376
23.737738444080787,0.1298881770478455,1.1151650819510666,-0.9010369419752222,-1.35808593922564,-1.266912066722174
58.55791436269689,1.353269883672191,0.19601045260562566,-0.8178278355342115,0.6776890922390497,1.9291836684411598
103.78495871093799,-1.2567381554701926,-1.6647394122638657,-1.9100832313779406,-0.5686451674132202,-1.9106135445854826
7.394897105900485,-1.6746225289000471,-1.3487057006240475,0.7181621410294836,-0.2858669530585445,0.40854975615708256
23.55236716479201,-1.9387125691358884,0.5452512020846534,-0.8037010635874524,-1.3975664222180755,0.3503021076556738
6.020814913683375,-0.7602425543563625,0.8501142399670623,-0.6913691970217393,-1.2089070675464493,-0.2629989880633703
-12.038218190489793,1.520868168268553,0.17794308134538905,0.5244644901154136,-1.9091826404853722,-0.09450091920405779
85.35389171146103,-0.5373590919184466,0.2924325994459358,-1.7112242895706604,-1.6772417588463382,1.8149392231858883
12.140309750072486,-1.2494234360096512,-1.6857814092321628,0.9656735967821128,-0.1149453915547376,1.135256280375363
31.08728269287245,0.8453564212916365,1.467531441943545,1.5499827109915678,1.8950645040392144,-0.6107461721059746
2.2716001338915746,-1.0762764424191182,1.5177586727449053,0.4482572120949797,-1.327727077381601,1.2724715902151562
57.452589848052284,0.7016191776705876,-1.5659303778785425,1.867944305520978,1.454978465191131,0.485293133710893
40.89461655845032,0.531275141868536,-0.2847009457266805,-0.7612051824856056,0.9894571259152904,0.7524522791394195
68.93969743305136,-1.5343618064543656,-1.7688587950004786,-1.3888890071894342,-1.276815792109467,0.50545423575202
22.200932014543326,1.3663815457622044,-1.666730763737942,0.9396498281781507,1.6066691658878574,1.9842024325975696
29.617003228359547,-0.5043758017916522,-1.7830762324310352,-0.9776288782922342,-0.9660944040977406,-1.4999325378240291
-14.786491282811346,-0.6187289849950246,0.7976722797885625,0.10445702696407855,-1.3471684121608374,1.1108101107775123
99.55927940712809,-1.5961890286227014,-0.09766396279874323,-1.8955292568271283,-1.8607368812962481,-0.26171085847339004
58.23844174230554,-0.1576965107865198,-1.2314099559062863,-0.6597342659797283,1.6357871004657984,1.8503418413037793
9.086561361266517,0.8830309219678449,1.3475292895421362,1.2191445363992757,0.38566469013765614,0.10100660350438417
53.03407468042472,-1.7403018441585458,-1.3855640987759688,-0.5647927128246857,1.857147365200209,0.4345363553730275
25.90826805499828,1.7336286909401557,-1.8529443408433792,1.7181100274838985,-1.8209816735864508,1.6511617532545984
28.20213503653352,0.22767971234266104,-0.20689601777324507,-0.4919722204237291,0.4227763537893354,1.1537354936942665
101.2236155977951,-0.6674907942637893,0.2686863167786835,-1.892388387728691,-1.0065582816022927,0.4319308108634434
-5.392295697293874,0.6473391056760924,-0.38834729779497046,0.7636998597504987,0.5787134352241785,-1.0936502250477744
14.789302910699302,0.7442830140772982,-1.1541415191181725,1.0741523430481368,1.8375966595767732,-1.1787418301784078
24.22499321752667,0.6047425686340611,1.413608753446646,-0.25990208694472594,0.04468224895948936,1.5652141816265144
34.74637334222852,0.6578661097614256,-1.7081987351014307,1.2259712485321757,1.1736062482642429,1.7357269513306188
33.855415649615864,1.5334944158359294,0.29991735199640157,1.6123805827542714,0.7338543242042741,-1.6303553528857977
20.313436320078296,-1.3403960966998891,0.03636802729668087,-0.15490491224448188,0.6531948985429175,1.3457898019707102
56.99572192112292,-0.5228943162850119,-0.5547050188304659,1.8348317213478982,1.1957748646603092,0.2999811104967196
2.3131898674653932,0.24593546994519766,0.7383596392375114,0.6499484469958068,-0.8276454848099712,0.9479217657041925
47.84333718507395,-1.6183467624673273,0.6183616145363966,-1.3794133639483706,-1.9148065386624324,-0.735043842972035
71.78740252630502,0.8714698428483962,-1.8929095453761167,-1.5699668865764904,-1.7349520593762535,-1.094781011133949
65.52511982918004,-0.3699913205297798,0.4372427140759245,-1.5550361784734208,-1.6727409015500694,0.5310819913648119
52.46503545870177,-1.9360672679669775,-1.2230387170274009,-0.8188384217831572,1.4445916307417743,-1.1837069763773354
36.24881833783003,-0.08490818831727953,0.4992043699659585,-0.79400932200214,0.4127084617553276,-0.007957651188896797
45.53406027883537,-1.2663218606365803,-1.0650070896509858,1.7343298116394386,1.7732093616255251,1.2442354437835972
3.6675158250105695,-0.3265609332828108,0.10035502238401461,0.9448961514098246,-0.590687674692036,1.3286973212799222
-14.286334906910259,0.8319874750548242,1.4845912677971262,0.7765841251832537,-1.8816407030219455,1.946793952887063
28.15697541400114,0.03280157185542176,-1.0251472658510212,-0.5520632117836608,0.42127424804094815,0.5723869834371049
5.013383258947649,0.7782689143856847,-0.7486208718883338,-0.2372238672136544,-0.6122644614055566,1.9862028109268888
8.80267860203372,0.9872866017466237,1.0720643007935258,1.2207910999162426,-0.8501606795909344,1.7477952396421497
8.594272367336279,-0.8247757724762041,-1.714423180905695,0.7097751863207669,0.8845044783855989,1.7012950135301979
22.6080749180654,-0.9360339956038883,1.9173146626959476,0.6006226574896489,0.7098381201785333,1.8589497123434198
72.65496437562865,-0.3156867299509316,0.7793881464900907,-1.2808074632153872,1.9327166815657475,-0.6230193872861607
26.047896389097563,0.803043832857198,0.0590171306075753,0.11661314071631157,1.2220840044433574,1.8807871818088762
47.66038950922424,1.2047628443229201,0.5210992040089848,1.5195146016790244,1.035853719740159,1.4617775794136536
-8.337089078929594,-0.4670464680566466,1.9582774848910511,0.04326560717556349,-0.22771328220221854,-1.5162864752744332
-16.205180283029378,1.3197585694537506,-0.12806843855533856,0.16059953300415186,-0.9986112649582615,-0.6918094039741449
1.282980768286948,-1.5020751073528005,-0.00706268648758579,1.144594214468989,-1.4673286889971258,1.4626027283356313
13.11123974393674,0.4686967482037092,-0.985946784933788,-0.1439861323062881,1.183791221771863,0.5816403942462705
4.383483054421706,1.4356847253024294,0.08778040403361898,0.7643011780042963,-1.018116789842963,1.8621969100176612
13.684799364077115,-0.6173580164907633,0.022626126283381343,1.4660501450433165,-0.3461269361611663,-0.21605977793393416
57.25410877779291,0.03080318872051091,-1.9525161889399598,-0.9226764605825202,0.9481324540879252,1.8341732454612014
47.15827415044085,0.5842549566324968,0.1915676791233225,1.8854709996616323,1.0405977666540593,-1.016499986680944
18.57530912652531,0.7163482374123622,1.0116284692606698,0.5846738797600319,0.6047616632830644,0.9547358322709103
12.954729612621286,-1.1609658731499746,1.5774130345366966,-0.6497591766395647,-1.7223784671680198,-0.26300242904496063
37.367371111768456,-1.2813716720400437,-1.018121567785577,-1.070337789204339,-0.05341619607177028,-0.6487119409735609
105.4267771157734,0.4271679451319996,0.3360313673737241,-1.8136780537258321,-1.2842494458821894,1.3697883266952275
39.85841856625199,0.41137592192700545,0.2812576707748713,-0.5836658852246646,1.3805650359284525,-0.19785110066136058
17.786048275359754,-1.0878133631543108,0.21448698998739113,-0.6510381258904023,-0.9691701523645544,1.5342023148923327
20.817911347388595,-1.6107666607420779,0.14779555903351582,-0.9870392597165427,-1.2783583782598966,-0.76464169147952
7.693125101021083,-1.4819129876909476,1.920134341886266,0.9006546141336393,0.9899773734308281,-0.1501886643490269
16.221117088734776,1.067116775661519,-1.2919559241625787,0.5860802610655091,1.111919911717247,-0.8657110678200164
151.83112490647468,0.4178748659314757,0.9756321878617467,-1.9278533631970256,1.632915843892976,1.6060140704641515
16.147234800818804,-0.33038790749519675,-0.5354433813003201,-0.7069947113952364,-1.0281098227782612,-1.5968570912874478
17.710146068979718,-1.2737526976835345,-1.9930371584812892,-0.24705633524917747,0.5139965671706452,-1.7036215656598794
-3.7445631071928167,0.13748965767040167,-1.5823941545325715,1.6310543709856526,-1.7414303439358036,-1.120176180398885
69.12341082028863,0.9306211156203563,-0.29524644733158434,-1.2736020972796092,0.40234502057628907,1.9571772092710042
-0.05396295851550903,-0.8725741688316027,-0.9506230230065023,0.4001092121074228,0.3629870361561873,-1.7975239427004195
50.234026598315225,1.5350605892065121,-1.07611900637631,-0.532938464853804,1.857557579041357,0.2873038300005284
24.13036602449389,1.6780848140847842,0.6223342726651535,1.5564895437613027,1.0420797840056935,-1.445134796099444
2.7199420073039295,1.2042456784531836,-1.2313148037625217,0.9781220724140303,-1.6092804913431884,0.8510637562942929
17.45137437830755,0.3293452679496367,0.0207065866458076,-0.4325847646279266,-0.167436835379696,0.3034455383678556
-10.982269427786836,0.07825282058784788,-1.8165570418898662,1.056157248440769,-1.4862558442370228,0.4025805362119903
23.287655813996437,-0.9891875728709989,-1.6541188487249667,-1.1519598449582706,-1.3664804446922068,-1.7057905601716445
13.15776465748258,0.4970152657323301,0.15965446585667742,-0.30976403515903606,-0.7618330371914004,1.0389205536162591
84.19157839330347,-1.6894959840930395,-0.33347222185901115,-1.5305991349965167,-1.0298056446682837,0.4441360427564822
46.893662889994474,1.81795368779235,-0.5717252162856732,1.6161919153346953,1.5523708824220912,1.0437146765595946
147.42208162787742,-0.8168865878928004,-0.09639470204100187,-1.974642663285449,1.980762793515923,0.5377361285628655
52.62913811521518,-1.9327847123174933,-1.5754137004952917,-1.0981344394235917,0.040791196086752635,0.5095118195537864
28.069651939678792,1.1503484579910452,1.87561530870672,-0.11496607455622598,1.2507484265106572,0.6493729508808901
113.60327151917171,-1.2803909677935468,0.29769216980116875,-1.8727668361121523,0.8554377969429248,0.3519179883006327
85.18294605707595,1.851161694460433,0.33704458736313425,-1.5566608846183727,-1.428874398830235,1.124586388200191
57.378799469722445,-0.7239927425651649,-1.8401540382770651,-1.3590873897589901,-0.6064391195592447,0.5924776468532809
-13.391327422832209,1.401333986403798,1.1464229090513198,0.16497166988672074,-0.5265633390023541,-0.18506199136765522
5.563894122886299,1.8534444307800082,1.9697169163290438,-0.7854216382351531,-1.7607086129007117,-0.1952014680982268
18.084369547581137,-0.9094538002803625,0.6294495123868975,-0.8795817385118401,-0.916838798732662,-0.21402134375307202
10.458892144806585,-0.0258600444818331,-1.347542663648428,1.225620941059419,-1.0816785556959205,1.9305162595530785
24.129216526317297,0.8228908734722342,-0.7165726462308672,1.0731231974462094,1.7679792087849222,1.8971844644274736
32.21300243854738,-0.37995270013593707,-0.010549062874213977,1.4587620198118514,1.509088602200427,-0.2776584110042881
60.33996735411561,-1.6613450552184186,-1.412136568310204,1.8247654355437715,1.5351969497900857,0.2069883822673786
44.884587687190425,-1.9089436578970247,-1.8111088859303646,-0.995779187885776,0.7587195555087596,0.4920927805500215
5.249121870106649,0.4289920799807687,-1.7902149192562455,0.6766237334476655,0.9888167378282002,0.27948699977147307
37.04967292567229,1.939639502123221,1.4441160435958635,1.2937085844849245,1.3628098309522239,0.9942689055577856
57.64525190790596,-1.8530214829459992,1.2454785796160008,-1.1803248068214023,1.8421346323295964,-1.802481138927846
14.247483151495395,-1.8810886646162657,-0.2457394174916976,-0.31493476999439984,-1.497896264611974,1.2028570944511388
76.00699084327519,-1.28949773279111,-1.999980360349999,-1.5049609113906963,-1.2157587138149424,-0.38532283140623536
67.66329797993038,1.2865144427498714,-0.0479611154978552,-1.3335226811482732,0.7572423575027774,-1.0437809075456435
15.69962334260406,-1.53939643304951,-0.003863274641407788,1.3110691357795607,0.9212248249881019,-1.3712221813452752
99.77189015486775,-0.42779241013654534,-1.1872647561286427,-1.376375890435042,1.1178770435506187,1.6360943901385223
20.50957450512164,-0.7193955235651908,-0.4253558799831647,0.06439549758654506,1.3281624998338906,-0.9533162678346083
59.600193875155085,-0.9763955384335916,-1.685410356991123,-1.099752277924753,1.6784341663228335,0.12065911762209103
14.963735459041214,0.8312965564348485,-1.791484764050061,0.04826222150228077,0.5307890939096942,-0.8839598153182222
24.897430005030586,1.6723178291913832,-0.5280068607864576,-0.26595574493479823,1.0173181209152058,1.316815371638394
1.2683850953518512,1.0936580615857574,1.3002363711868363,-0.20511097410743417,0.4754156436103574,-0.7456056964143025
5.886684085577158,0.7973370752642288,-1.2163164037363612,0.9501217647699947,0.9333404166155024,-1.3104033738054754
27.113753254299162,0.04063853617187574,1.6627948183896826,-1.0354518690112924,-1.3242023318861933,-1.780689722415266
113.40613143443979,-1.658450897081813,-1.5134241277706004,-1.9224485083801426,-1.9369519353110447,1.083078049697244
78.19915792193541,-0.05401548425906322,1.155313488836598,-1.4918124570338152,0.5283092820920019,-0.8964603666818718
17.02447161382461,0.3863326794364572,1.5532109144568054,-0.20184140927333738,-0.9620534306285764,1.4566717169255838
12.300504463795583,0.05777292648092924,1.8826310649440763,0.33299244706690967,1.30462218577855,-0.9308799731966682
97.50816348402991,1.9419582394290038,1.3890793614159338,-1.8994209470611003,-1.9508122967475745,-1.2527185118847597
-9.836030068209448,1.8706049083421892,1.9137968719946508,0.04796164987935203,-0.7612013590562219,0.6750742351491428
-7.717357135859154,0.738893924329802,0.11847896419161463,-0.023731006576285463,-1.0949141582923314,-0.99396304661117
6.824616845050135,-0.20191862365855684,-0.524213590558011,1.3383348133452326,-0.18350919328523618,-1.732155579868481
6.094637454747717,-1.9216423875654813,-0.8132952126282773,1.6289919586362642,-1.552136878631066,1.1858347512550762
87.43948381652686,0.34074917472331956,-0.9998821177824677,-1.4805946797417366,1.2398531233131012,1.0719245110343687
69.55077232308092,1.8946681743909957,-0.18778521968859163,-1.623605544166709,-1.4964490421390453,0.6624857394649415
28.695420953031146,0.21016397422472677,1.0740565543438962,-0.12733254814775474,1.85413736776477,-0.8457459344479541
28.46867598244922,1.2232586755829655,0.828377480449288,1.3003931480611186,1.538168359637834,0.13854893736338436
-9.413164577590884,1.7234479661785085,1.7484814756928722,-0.3086871788776424,-1.6151691255079035,-1.1839189254498481
61.89735384400263,1.9824418340712247,-1.8594214586679447,-1.3210555581570627,-0.875912699742539,-0.8011582739698202
40.05714439974234,1.9668563445461413,1.2301383814153746,-0.33874368824428336,1.8242174983152615,-0.3873612805229447
17.526327058518216,0.31371449461431355,-0.2559909864857173,-0.36981661093742346,-0.2761540495489916,1.5305042325908311
90.93196739138783,-0.05097150585526444,-1.70281884921343,-1.4675512999816087,0.6748288060749714,0.8130856998941658
26.47415504949692,-1.4613979438282731,1.9989489140990466,0.5453559938525654,1.9270165338599305,1.92227810094451
