y,x1,x2,x3,x4,x5,x6,x7,x8,x9,x10
31.47361529672976,-1.073891835494528,-1.2419093757666202,-0.8722292945672452,-0.5106586378627758,1.5171147736103259,-0.7880976629521417,-0.21338950050898342,0.36724642317407286,0.8339848583641718,-1.4349191771930285
48.172945549478264,0.8848796750933139,-1.9145373227187852,-0.777263793751128,1.1382793851580932,-0.8069987822872227,0.8109333231670455,0.8514006298045573,1.7856980230897093,1.047711215224699,0.5639870994844243
-22.979842763336123,1.142438535556646,1.553658512866185,0.9079926383209251,-1.447767178715087,-1.0671758940401244,1.722544372676086,-1.7785428949914643,-1.203498841693997,-1.3616651703604457,-0.8453917177078041
18.1036914501093,0.3399971431451432,0.2680788536365606,0.7573240972198763,0.43133899389047725,1.9283040660153823,1.5119344811140962,0.3571221503155235,0.6893606730520041,1.930767611166659,-1.6439699957417262
41.244089709047216,0.9457736792140667,-0.4898721534617465,-1.1000745603259219,-0.17766602475499438,0.3499229633392069,1.0693459322147914,-0.8862673566097783,1.6675715692997324,1.1187332645223451,0.5747915251495725
25.218412800479904,0.6690805944424469,1.6114422431571769,-0.7231343336988232,0.10026580411367503,-0.654755018283955,-0.47709310162370944,-1.6339741188067407,-1.0375035581366592,-0.690897910756147,-0.21540856779260453
7.336332008856306,0.3139224738470858,0.5351062673477567,0.6964613451495825,-0.3000579243975694,0.9058459497319338,-1.868129332776494,-0.09887726530747631,0.6158173568993388,1.715352130836524,-0.4279242149407141
84.63319114989413,0.0063053556027869995,1.3264137421713644,-1.5759818029678092,0.0847701408235424,-0.5342472756929162,1.8514539558840464,1.572351765416026,-0.5494935488782757,-1.2563537529581978,1.8360229487735156
40.88081124007559,-1.8975947920476832,1.0091203471118368,1.9193256953425548,-0.6747190943094159,0.9393157778676033,-1.8386170275264466,-1.4692533440451006,-1.7346510998609732,-1.9712620772904113,0.3918203323654592
29.031206814293988,1.876108463845731,-1.2003889724179806,-0.5547710617097157,0.4256096342456086,1.928189953237804,0.21708335676189705,0.9410130178183076,1.7818479219484993,-0.0016908304284308784,-0.7743793117069835
0.03935071663156142,1.1946298611378037,0.8200558306442987,1.227651916229488,-1.2703652999886343,0.30299842310112224,0.2270796032792628,-0.3235425259486093,0.1830081120453375,1.384515357455065,1.8064193594195257
104.5359866164863,-1.9443744566432022,-0.3195873868021697,-1.9008598301077786,-1.235393653217363,-1.5348295951519924,-1.9665630540403214,-0.0764257983354324,0.26799000502296355,-0.8002795167941614,-0.7399566169645908
24.319675503784527,1.7594239504218265,1.3562213036217763,0.5559005350729005,1.1725835179509319,0.6327985217571914,-1.5674095964017396,0.585767697886781,-1.950164782436782,-0.29913765268036485,0.21712695082688915
35.65641481370131,0.93127829996744,0.9644805754500276,-0.235689986417853,1.8455630455651644,0.6464165914381694,-0.5553266522069658,1.5144140405560984,0.0003149820218109056,-0.47338855611508146,0.347998769459382
63.33477058207434,1.0565727329259267,-1.5474842382759042,-1.1090917405112828,-0.03621938444561312,0.5599580881341693,0.8643257154676727,0.08059708779751817,-0.1153594326231091,-0.012777359967627078,-1.5536502820570819
-9.2102167730188,0.6814427634906388,-0.8131522757431413,-0.009814036180332497,0.473949310588869,-1.8584181567103926,0.6066733958459518,-1.697739031174823,-0.9321080154780663,0.3787868273840429,0.025977443496325137
15.449042316041105,1.4546073456831787,-1.3153980095740665,1.512910443131601,-1.0237406945809844,0.495828406604808,-1.4638096416405566,-1.1018536765452276,1.389106767828567,0.43162679075389,-0.6153195604681687
82.29122111616634,1.3715383858963355,1.4593381838563273,-1.6528972378686473,-0.472696392603726,-1.1458946786848574,1.8479482048975897,-1.638311469331255,1.6775179154981368,0.6951751989355084,-1.4603631888593749
11.646992474057024,1.1800922776581237,-0.920220167064588,0.39241075364982914,0.6146744146340679,0.5202786887015391,1.8853503099138837,1.1436504746867904,0.5083063858377583,0.7270914171773715,-0.07922229175341355
1.9938451186081307,-0.9292127964768473,-0.6800126562421771,0.014501460185351256,-0.5450676364060332,-1.2847259804942626,1.6582870734836872,0.2594134730334976,1.4341514193682263,-0.48178129546723314,0.19806796696082074
4.190164649102999,1.1329139982502037,-0.7030173322010667,0.3827453673695427,0.48031881800157805,1.015901868293751,0.8078013947738047,0.18218539950047186,-0.9282520388456299,1.2767539141163846,-0.012630960951019787
11.44256919101516,1.2370321327245573,1.9612855210571936,0.7558787693910052,-0.6342876980049255,1.3487459852244044,0.7486990942940839,-1.2779191097608362,-1.9022175058761879,0.16949042001846149,-1.869567351491034
107.86384909646907,0.6107630539694968,-0.03409125974593907,-1.9704839452072345,-1.913732001943321,1.1178033361767126,0.14723611678014858,1.9267871574300828,-1.75664925060798,0.796320194375236,1.4653438810041313
31.25480878348612,1.456569256896746,-1.5368416846428952,-0.2522101444006166,1.9715222529546508,1.4069207322018045,1.815158773467656,0.8670274785852357,-1.8352230484243757,0.5716405840693373,0.778917288405256
50.666961977813955,1.6071546460559842,1.7506628514098739,-0.5664596153195225,1.3050143890983925,1.8685583896768607,1.8568993811116887,0.3544430113555901,-1.370406723646008,0.5487856758576841,1.032579635888073
12.746565822646968,0.9063701685963621,-0.1376161994080234,0.7914918758761726,0.5241193707613996,1.9250107051102137,0.9476727596504739,0.8062226520394029,1.1217816378078052,-1.3410535846503429,1.8611452524816188
79.69707038886864,0.06621366707725418,-0.5639234406233364,-1.5834842259778186,-1.3094782064423804,1.4288173340970611,-0.7439404996797427,1.151109235115869,1.2796263480673038,0.12270760672454939,0.32726015012265464
111.05500846601966,1.4726363184764897,-0.5682094178993902,-1.7769201625155286,0.27457205317471267,1.9056605464390866,0.30596242552154784,1.578656792843804,-1.677592646957582,-0.22581726199629815,1.2956383026786384
8.006220408371242,-0.10061430226928758,0.9816514075497587,0.2904033280585212,0.309996683905426,1.4161960395781876,1.8937199391069108,-1.720624904490529,0.7648029357731807,1.178565091552394,-0.3271796167668186
2.933020591753398,-0.20726612164826275,-0.5983464777186471,-0.04535546432427484,-0.9584204855605889,0.5541380266062856,-1.0014989974254433,-1.5700490233099829,-0.401866571405209,-0.3437084989296002,-0.3810271172891344
116.34257801012276,-1.4701261103857517,-0.054849087244541295,-1.9108295016464476,-0.8693359831777303,1.2575483092702466,-0.5520513494802364,-0.3756374387897776,0.8145459649901281,1.614213820047261,1.3017266028224599
30.089163732780165,0.4087604845500663,1.7243526578631667,-0.15730719543720273,0.5549058015484922,1.5798646736381157,-0.37875163431893544,0.29572474379411995,1.995746117933733,-0.9179392379282478,1.7012637233282684
-12.406391413163224,-1.431411955764231,0.5990299139402939,0.03299620422625482,-1.7368571979416192,0.9860456873478065,0.6909225211860508,-0.07016900915744895,-1.9852448337253503,1.7941616608598827,-1.5393130865695084
-11.005115291279957,1.3945435381217317,-0.20653942283546378,0.23483626310634698,-0.8005188746513077,0.691453863522399,1.1668124631247405,-1.1590300417123651,0.2578767056155873,1.0464326029762678,1.9951125143565562
29.817683293895495,-0.7948758040520887,0.7089258610675344,-0.7350765654856,0.01763786808904877,1.7869295473966305,0.0917226921992782,0.45060694263850287,1.124777030118902,-1.0366326242120136,0.8827693588938064
34.22200002239077,1.1109839435889302,0.7670681112514108,-0.46626466907041975,0.47544952963445697,1.263190277169766,-1.1493489155903154,0.537004530339297,-1.2791129155303511,0.10429817857385704,1.9138158054527228
99.56664687503928,0.16473940176502078,0.5533865352296736,-1.3566877085634932,1.9002299262806925,1.7587074217494418,0.06839838376520202,1.3268348667129097,-0.7139497053503145,-0.7874064252593556,1.06502837786041
16.49021495954461,0.08333489268868144,-1.2682211260801965,1.4046800843517557,1.166023734189792,-1.6558711246378612,-0.8248242829200523,1.660644470478167,1.4764228533962482,-1.7192373376363501,-0.13150790937160872
8.448150056248261,0.9799828413350626,1.4994295282874437,0.5845202394385169,1.4095894781433245,0.8326511540400534,-0.8618800802948829,0.741860743759013,-0.2251706976071346,-0.9825019196397928,-1.0634889045718223
4.67260595071845,-0.5661528526455499,1.3223809992710618,0.015330671425228815,-0.17499381516650026,1.7650026181917386,-1.627919724281992,0.07267564826045314,1.8902870392909032,0.3674965572648472,0.2609309107825948
-12.008494558083964,-1.7421213517436733,-1.1822321383348235,0.2933887992922837,-1.3897105658817832,-0.1652738022320177,0.7976311554129811,0.7290396955248091,-0.440839795713603,1.6494277549070002,0.7424746591418163
4.5690094147765805,-0.44782954248855367,1.163304019257673,1.402398105675866,0.04159631296893407,-0.43101525976443567,-1.001922048513861,1.9825616614103088,-1.659079981217067,-1.0165175099030326,-1.5337456885626448
17.5100475418585,0.1245720604867202,1.8738179256165015,0.7858968559991815,0.6612515017966087,0.5138675974036113,-0.835800087679269,-0.9828533184903487,-0.3250344512620349,1.7884860653510835,0.3951104332380355
18.09165764224447,0.5348986676005545,-0.6213154133860286,-0.4052311874408683,0.36612522097321865,1.3372312909191977,-0.8702398601808521,0.45891446193903374,-0.17082914644772096,0.5749997698128575,0.2372640198886451
13.176888193414374,1.1928278953834557,1.1204656072313295,1.6354135059106385,0.5016957016588734,-1.7826859041804886,0.9472431007958755,-1.592857267402469,-1.6525616345260237,1.8085807984699502,-0.7092753340527613
29.4103698170784,1.3885147034159124,-0.20605458956622558,-0.2561120177518288,1.5993789389769817,1.9617058442068496,-1.1331016618086083,1.63797385950182,1.0175964809760916,0.1091089048205629,1.1852684857959486
-4.76731241364555,-1.0520821680578556,0.5137448790206047,-0.31552995733017664,-0.789466858487621,-0.05105345807446193,1.101096468897138,-1.5402687075804389,-0.03229794113653872,1.0718377561340606,1.704880037079172
-7.5566063179295835,-0.7120698528248792,1.939236009910569,0.24997525417049626,-0.9666409112655723,-1.6896507100828595,-0.5911117643346895,1.4903997556626023,-1.7755328022855035,-1.2899639983889193,0.3076715838064543
2.5746657817839864,-0.804417922298486,1.558564198465413,0.04853095955450604,-1.341239553974329,0.9513964246079962,0.8531352414864015,1.8303905517798387,1.595841330682807,0.7888668275055846,0.1514896269511543
70.6663826344809,0.9603700127454209,0.6801775957576717,-1.1022347163767803,1.6851116099171528,-1.278301693172915,-1.8122106577707249,0.5023026667816257,-1.114330541262043,-0.44354183080850573,1.6960087553575867
39.59783502938282,-0.9976671344815338,0.7579704930115971,1.5696951490069537,1.908925300942303,0.9111165392345604,1.6057505882151801,1.488514055213642,-0.764918743289213,-1.132319370077369,0.06669177486269096
6.984026036406471,-1.4260983429866578,-1.0116035701629813,0.698432877751288,1.9192109642436699,-0.6314970900204675,1.5387690222792045,0.5506871576301418,0.1386486668722431,-1.3794096857277331,-1.195731884349558
-23.2975875569188,1.2388713370808637,-1.8566994187261918,0.1974662837911758,-1.9314039742389313,0.45599928130795897,-0.6417958411595444,0.9662061807295399,-0.3757350763656513,-0.6960511831922127,0.15148410189100625
37.27427223815393,-0.7447660456348122,0.7319268222510038,-1.2561019202847703,-0.6123973614791063,-1.6759806013851049,1.4948092485898425,-1.3309761549918018,-0.8218145117762643,0.4631465751249513,0.3278014764433883
-5.481404295716349,-1.536412703025412,-0.7239311378165589,-0.3641503912894133,-1.0859662910455277,-1.2205704252990457,1.107277504569435,-0.16026518566015824,1.7011987712791083,-0.13364071305003833,1.7264908401063614
16.37743121295029,0.238117480193774,0.4113155794701062,1.3363160922164807,-0.29991320531002197,0.4718944059778667,1.4854542861182982,1.8026624814569314,0.571000102071173,0.9315747541093677,-1.7647762543606658
27.168390336445185,-1.5866073093394553,-0.42264118424480523,-0.4940559662573869,0.054787908917901085,-0.348159153344493,-0.6291783592079625,1.0411339067355496,-0.22781238958536987,1.6005442737617943,-1.2477778477718129
33.415836695154475,-0.1793205895966592,-0.7421956965926602,1.8438111933723067,-1.3165403337256416,1.2808520223593969,1.0971969499943475,1.586155634169089,-0.5746843849014796,-0.13730984926559486,-0.9889312539259119
5.337791079197071,1.2292456039661404,1.3743974248686062,-0.57099396555064,-1.2444169111252879,0.6243033629746599,0.2983345687401848,-0.8844960252969112,1.6116668150306173,1.9867412940682172,-1.3901513723406267
29.398637369134253,1.8660081855955486,-0.32665415136140474,-1.01002474742026,-1.4647993408113291,1.5713672600554331,-0.9882915169904982,0.7064594431642259,1.9001979999693446,-0.2027678104748163,1.5737139283069537
21.50623031900006,0.7862990454495189,-0.17926594055441747,-0.3983931783832064,0.9393123541538664,0.051173547067213665,1.183592163261637,1.4351578823849795,-1.5099598704185362,-1.7812018155678038,-0.1753030132351241
-4.470491915901441,0.8261175972755348,1.858563319693049,1.4071642860113522,-0.9109745671218317,-0.3762871944353279,-1.1049321980998528,-0.3837812827242022,1.6084394522281844,1.8391677830376736,0.9167268461421005
88.3990302079659,-1.0860563241623264,0.5653335871885803,-1.8658901557860914,-1.03147307435268,-0.7738579750367811,-0.6619705693037057,-1.587229239010755,-0.9909496481080042,0.2809251820991201,-0.47579569729786986
36.91483439075098,1.1675872993393854,-1.792810000309247,-0.6938318876874532,0.9832101087428575,0.29324398649122774,-1.2137399427492257,0.7637010874217811,0.23549263502474282,-0.33269956609732754,-0.46316256422800306
106.33903232308009,-1.603060160479814,-1.4696449572327404,-1.6831641588661799,-0.5699880212162167,1.5443432983788212,1.6961999094059337,-0.9690024766521166,1.5630649511581058,0.5944625703759083,-0.06311841228486781
-1.5570628063172993,-1.5592539497167577,-0.060665306594843926,0.21484530149939918,-1.3353375334753115,1.4483760242487964,-0.14372557826686094,-1.0145482320140933,-1.6545847351864018,1.7375837471983222,1.0151326763146749
77.86893352557763,-0.2610804228312529,1.4927418733665427,-1.459233304060358,0.41024929575017133,1.2800845428989067,1.3703662608380762,-1.122541422602751,1.4575952329634458,-1.735014693752345,1.8158293701826325
-9.593485024743101,-1.6251165630873197,0.23589891886439807,0.2009064614543039,-0.46423999587231046,0.5191833935465096,0.24476018085095808,0.2165805269894241,-0.3174595032680152,1.3717683527595992,-1.5641102940316878
29.372904726949166,-0.43023836416093264,1.899156067070635,1.5797185781361955,0.3694828168312956,1.5594938796498101,-0.47144146445383406,-0.5217022142328118,1.463269803130272,-1.7632506780824913,0.5655906765283909
32.824372803767744,-1.8375726796724399,1.685811887759007,-0.9068100339426182,-1.9562439537888552,1.9560205239642792,0.3632255089468108,0.7250918823171828,1.7234192386769926,0.1786190663182703,-0.1478077217397944
-2.1903100618529012,1.749408925647121,1.317797929315693,1.0330913638294166,-1.2457679208598593,-0.7208977059326798,-1.9875651594422883,0.45214543112932937,-0.44517537082164926,1.5299950863945844,1.6026399401652394
92.71998297494613,-0.26442910273167586,0.04545986753100362,-1.606677357963222,1.293871596526854,-1.7205928946108635,-1.4236512429002102,-0.6134496060830124,-1.1245895799849484,-1.3184772779644374,0.1492327638006672
34.1424506746454,-0.4709440015990647,1.9912501492779877,1.3524990715871565,1.660547723018181,0.9889092197999143,1.1553561965882024,-1.1595743107202967,0.3878185627945734,0.4950925489663187,-0.9002622543664001
62.61803721441227,-1.542196407680732,1.4742296848056098,-1.291230910786739,0.2844881136877868,0.635484883969363,-0.7982443673079964,1.0930192884805998,-1.6390536984981892,-1.1906768162787462,1.2869330584326666
90.02779551447031,0.6407725808934157,-0.6187833891761421,-1.7666769714614299,-0.8340807624806938,1.017624057313589,1.4796998776483945,1.2322610317868707,-1.2014794535387372,-1.3677689688618262,-1.4110935725164495
84.71422531327788,-1.331351095498067,1.108889885500071,-1.3408479369464583,1.4200824690874474,-1.4466734532824481,0.9451983432742557,-0.5064558259395593,1.0648444573831704,-0.7473120333349619,-0.19215157456112086
27.243700999664135,-1.892731524758703,0.8129206082261513,-0.5224498112368421,-0.8087676336161964,0.8993790753782238,1.2041150564640772,0.6176365300506568,-0.22359970279111652,1.6175547163804223,1.4650027511586083
-9.93778597170074,0.25957971034631777,-0.09061755230641921,-0.3448756590947606,-1.6312916385307563,-1.432571826969499,0.7011401301274893,0.10842271264901004,-0.6512926413027524,0.5270668417944302,1.753135639497636
24.201650246215856,0.5672434973828988,0.7194567886491003,0.69798365618567,0.5595855255004274,1.6471334664237638,1.036608393568713,0.47034762791324836,-0.6227153127886833,-0.019587947916918758,-0.575653653017639
118.72042889668069,0.017807428426021232,1.1925230312033146,-1.9973175058442125,-1.5700476530744618,1.8044728712474223,-0.38393328724886944,-1.0128504820425928,-1.278111902225949,-1.8466921179733355,0.004824573426175149
24.630877257442613,0.5251457344951267,0.641309764402326,0.807163049660522,1.681261781744631,-0.5565251013555477,-0.05682815599107238,-0.8459748022212565,1.112533326929575,-0.6777519832703591,0.7004418755689019
-1.5094118641439067,-0.7739938943684117,-1.312603366170927,0.513673832513529,-1.0484747383196003,1.8944752002035985,-0.8630866018573893,0.8171088757588638,0.4159230663441065,0.5770816016537661,0.42262667520319264
31.16572691536575,0.3976390002040784,-1.021015753361512,-0.4615460859167362,1.8041215291700743,0.8400350327508384,1.9926412980613315,-0.1687168402674568,-0.5320232133282357,1.9082980570921664,-1.3291936346900943
131.74039721916944,-1.3357417836689427,1.36651884723552,-1.7771994163601654,1.3645479360076012,1.83313286352075,-0.8910766898416376,0.07196861347753458,-1.2307901089877333,-0.030782115954576472,1.2278166206639032
-18.942643525986327,1.1541017120988069,1.9832496078791575,0.7047615712679267,-1.913591233125767,-1.705010719052372,1.9076131406206405,1.5679337939291673,-0.03446360829935413,-1.6097357221335908,1.3107560115673134
19.954552949475595,1.8317238168597707,1.462860909932271,1.0522376032028524,-0.10131474364647763,1.2835295021253836,0.4443756154602929,0.8215685211695645,-0.8583738826992908,1.3006237172234996,-1.878217022152222
127.071299246996,-1.8757213604027911,-1.6744105102955191,-1.816136201935684,1.6000882141768962,1.6118284750795384,-0.5589061714069921,-0.7548819511936693,0.08187844831111502,0.8237820298553151,-0.7266604267470678
10.396524926537595,1.3927926329599543,-0.9784264925100161,1.0205636441187793,-1.139133984098578,1.4566960837947995,-1.8304979110389654,0.014427141563380541,0.9286640236718791,-0.4124837459936628,1.0529249815781379
15.642695676220102,0.19712727761315785,-0.3100094101772428,0.7467904922521691,1.8539976023622429,-0.44145903374120676,-0.1299462372616338,0.826592268052635,-0.31928989756307136,1.2571993914272839,-1.7974119648043674
17.589484575441464,-1.5578310494105256,-0.055849285957971784,1.611561599301718,-0.9445557308749213,-0.07514766615366275,1.7241871722097737,-1.2988943673413749,-0.42782386930764593,0.09766514482060629,0.3657532948640547
57.691644366537226,-1.1312736039176259,-0.5759350686559013,1.8261950940067164,1.643850520886271,-0.5621448227335417,0.7022039257607675,-1.6806226038660093,-1.0556122546118658,1.3745535042155366,1.2174441842087322
5.607661537394279,1.4756141956856537,-1.0113311912373968,1.2748732275427659,-1.1011189872632468,-1.0773639087596956,-0.5325012940676337,-0.5901376367021864,0.5668784986864885,0.5142867094702881,-1.3980911158304825
84.64749742107587,-0.656431650424393,-1.0128036281382977,-1.751555873402792,-1.625002271948599,-1.8362836050915954,0.9567823910557323,1.5416423508717698,-1.465762814407615,-1.5904983971185183,1.117147609601993
29.581999444310654,-0.8528044407867768,0.5871050852734112,1.9022261654974106,-0.9083975047033133,1.8682373792357931,0.5478886422247808,-1.9916402859336624,0.43110778460298116,0.04028521730530876,-0.8736831393886098
-15.163030930239524,1.093145070480574,-0.7029341852453639,0.1392511511745793,-0.44129654879727465,-1.3404665021311994,1.3602493869593717,-1.5920925814309212,-1.9865279362025898,-1.1243882364729032,0.5564265218072695
105.592867828148,-1.3220320118046116,-1.0336668444281365,-1.827522702018625,0.08146340184834644,1.1129677921329106,0.3703764458396579,0.5060093666752978,0.20594861016190702,0.8558373695712067,0.4422422788320719
15.143699106464165,0.715305405038329,-0.6669665863563057,-0.5518540402696837,-0.4297036007220214,1.4573789820459404,1.3275993942848565,1.4410425985366437,1.0062427983283033,1.5533295966969303,-0.9713296371273978
1.0662649997990803,-1.6923015490817161,-1.0972055200204167,0.670375189165445,-0.18404573656921208,1.334926808267622,0.20359543545264147,0.25538504187968947,0.6514023733938972,1.1635096170509365,1.4923487935770856
21.239122679969554,1.427182771894361,0.18325737007638576,0.7904235593246822,0.6732180570651636,1.0994535935832261,-0.6819890596445197,1.981875634855356,-0.9365408948054657,0.031321289450796375,-0.7320522625651695
5.115304964235446,-0.3048591867366244,-1.1862272910311513,0.047316498495696635,-0.06519760171879296,-1.4802302829059348,0.7334459584189612,0.3771470763372884,-0.7264087994748878,1.7953261736820014,-0.6227231463655065
15.077350413928565,1.6546560474931824,0.806598509749445,1.3719799358172748,1.1207073009279664,-0.5311896600578803,0.6762221387834155,-1.7247054987536359,1.7387047102111275,0.4337809806243902,-0.2668823390996904
129.3397034069903,-0.09786873963527354,-1.5177658245331487,-1.769131604640143,1.6235373160288695,1.1252249605141476,-1.0050472473846104,-0.03801856874359455,0.24120715536509074,-0.5840827124694936,0.727954792777763
11.487290455559608,-1.839340972390061,0.12843986222350834,-0.4286890346892194,-0.008415139112754932,0.21623422179648744,-1.3153218344719626,-1.670283363765623,1.655086576703158,-1.6825188663524115,0.6904986383289353
18.60725471167986,-0.8876282012139471,-1.8243531328171536,1.127489582166303,1.2336925416286055,1.540151933013222,1.4827541514379758,1.4985426875802945,-0.22602632515182686,0.917391609951836,-1.0697683231551673
7.269489997176358,-0.4619014365763956,-1.2539249742712109,-0.3004536189969027,-1.6878235712017418,0.32821503948222874,0.27428511807900424,-0.024804990067254895,-0.4472487947995947,-1.107203138611717,0.24761191235879254
26.601980079448158,1.9598069665428137,-0.757921574844465,0.4434221071232174,1.7389810971867625,-0.16826120343823447,0.7288879453459551,0.01749651338790459,0.4542245536112377,1.4167257608393675,-1.7988980504397292
34.264340728578595,0.3171846619185068,0.43869065419895215,-0.5105870185017327,1.579535280378673,-1.2380469670387906,-1.0462250708654937,-0.8939804969993737,1.2350529761180638,-1.2460621820951516,-1.6408462076427082
35.47421272549118,-1.38047575078381,-0.5004626595988451,-0.4130690981950145,1.4239982229266763,-0.7389937489003193,0.5532260060422658,1.4016059462287687,-1.6405542189025257,1.2921120868703686,-0.6873762946898756
8.134089892915377,-1.8499680818383637,0.9740122745200543,0.5152752935832736,0.14432660956706655,0.1712971034516504,1.5617977080717496,1.4348068670466465,-1.122911360191305,-0.8140865746481598,-1.3978133927700003
-0.6765443393163331,-1.8900091679359514,-0.35246439940409235,-0.31547808982471626,-1.7564164241366491,-1.016131467983724,0.9040950431419152,0.6743294246405247,1.7886272159118284,-1.1441737607131288,-1.3679728064662426
5.46617585881118,-1.2090231114541945,1.117559405295797,0.96834873631561,-0.5355382669751143,-0.49838682755735997,1.2533264743136057,1.4183129394706437,0.3482898633558347,-0.7602990112886001,0.988729580707373
56.996758388934026,-1.2577930978754437,-0.3243458015136924,-0.5438763804623084,1.5871395380885254,1.9493892415193979,-1.9512522936718626,-1.1839822178977855,1.4052186622785938,-1.762482630570719,0.7594354182510061
64.07276044530822,-1.069700012866237,0.771662579910708,-1.3232355540041993,0.04581940491626879,0.468760597152603,1.510275543153985,1.8189083350455095,0.18753323869279992,1.4434438989219358,1.8437917304579985
21.662265562134188,1.5009759943147243,-0.6627493655235361,0.5913457044879573,1.9711300306102029,0.38967090285246586,1.2905290636111477,1.0369643208387802,1.1744207048335311,-1.305550834609789,-1.045167919031147
39.33072939412875,-1.560421436626819,0.20638871847580464,1.6073075552711806,1.6014117661839018,1.454336040461997,1.6194916448785213,1.9568324826417705,1.1254016548575017,-0.7732208031942411,0.40851877011966176
-2.889631510880955,-0.5895631534295007,-1.162388969447544,0.8800638721225975,-1.1180613785274547,-0.5901709348583903,0.04790688134656973,-0.3710867376974032,-1.8059741554320876,-0.36740270756320514,1.0980123161734778
39.906750314157016,0.6676689750133824,-1.5861578538939818,1.6802360223802264,0.09222922835969616,1.8562991213248599,-1.4495856999869918,-1.2440427378857746,-0.1875271002965193,-0.4922011959494532,-0.46887091257156843
81.45439688163052,1.9144014717047924,-1.191819740695367,-1.7007152309284321,-0.2849001666503339,-0.9644098815068447,0.6729877266588167,-1.2472984610600455,-0.6767953319303639,1.9604426729726687,-0.9435350838334995
120.31820254524004,1.4116668560106995,-1.0385865669632603,-1.802915594044849,-0.4689968664575983,1.79925931862498,-0.1311970864374179,-0.4617578205595323,0.5615345252750314,0.8187195713630393,-0.5804703905826991
31.738140262671063,-1.5515061334524374,-0.38971987970355526,-0.5970404717629285,0.18140200222098457,-0.7220433965983268,0.8089808508660452,-1.438560846944965,-1.7347793845587902,1.3187395154706465,0.6455383801061818
18.5135444651189,-1.52166420594442,0.5015043415175784,-0.8964276510741573,-1.6417983668353169,0.5409976246431256,-0.8613376944288058,1.2328625450386945,-0.5575595101100062,-1.028071676624891,-0.22707746463806888
4.314279061190806,0.3202973492947909,1.8810940868337118,1.415467789457852,-1.5290962540351667,-1.3284583715011054,-1.392307296047596,1.6812043896222928,-1.8600974527032568,-0.30880771248265493,-1.678533610723116
110.8774094638903,1.902985652596576,1.0829832118189744,-1.988778061536756,-1.0643299886333355,-0.8522482553618782,0.0352294346011468,-0.6421909450421048,1.3989148219881717,1.6637127797387046,-0.596328168945039
7.690478990795231,-0.29811218501499415,-0.4910344754993021,1.1307024622329105,-0.19341479621777813,-0.5538925734342186,1.9272750218422185,1.3047462010522444,1.235029386847541,-1.7526126869889533,-1.0451961992205225
22.62625047131133,-1.8474879116515557,1.5812266882763217,1.8317462848324815,-1.8258695241744296,1.5722777040966935,-0.327215617591214,1.3194638470791755,-0.8819059502769497,1.4539441033538538,-0.47833865294811284
41.20740230666892,-0.5399817056079854,-1.279261313775447,-1.178882471972031,-1.342797630255267,-1.9989193065053659,1.306553619074581,1.1569715790860715,1.88380140927976,0.11724059100856943,0.3693624260155297
32.58949255630803,1.2748958444748966,1.9340265550983018,-0.015352435997295633,1.645841908429483,0.17547430477242987,1.6930727715344513,1.3704966471251443,0.7227976202589428,1.4548938021067208,0.7387151298787473
48.424304987341664,-1.3962193020986828,1.091751318162213,1.3973468416664678,1.7719511573066375,0.9258699715363572,-1.9041032798706818,-0.3217031447669676,-1.3432343661218655,1.7098053799386426,-0.3779278880534913
53.55111847843134,0.2256729722634896,1.75867761397723,-1.0957257462239074,-1.1648189900201658,0.9585231066501603,-1.3940050721022632,1.5494989800152292,0.36699083770468066,0.40025376595582873,1.2821184234200622
5.513250885797515,0.4061207040208661,1.798719157116082,-0.0593888177093187,-0.5438350583746048,-0.5594979315710922,0.9115326303414837,-1.4531975940311597,1.6317694186046454,-1.428898603271855,-1.5143181736096034
139.22653062360672,-1.4604186975449287,0.5333613554887844,-1.9506647557974701,1.8064047333874629,1.4894822844639544,0.3111681013695571,-1.306443626575375,0.5998241276202636,-0.08710162126132248,1.1686353676735393
24.25222960148502,1.1420227169347426,-0.0700124159160409,-0.8322097976332885,-1.7075727069940259,1.6635701464066766,-0.6578096057048035,-0.2645163204833234,0.08578905647511048,-1.7283331422786068,1.451177510791215
7.024871979606056,0.3350220296136657,1.3164479397731443,0.7014089684293485,-0.5134474757340373,0.3038196851336239,-0.0021927666703391857,-0.7610763100080451,-1.664462303612677,-1.8167829269992857,-1.048981463748805
-19.389373937059673,0.016738027815218715,1.149583257755792,0.7998796229293141,-1.9306720370003836,-0.49706777055196527,-1.3404177077993098,-1.0354208758978416,-0.39034901342877193,0.5539888791016785,1.180768747527626
39.6357044697708,0.09340687919498958,-0.09892507656281113,-0.8706583428056516,1.1515631022185318,-1.832752226859256,0.8740162215797138,0.8155542998071112,1.1601452566224286,-1.5558951974063513,-0.26004098452836377
6.864154453769393,-1.2872959056349664,0.06581272531085469,-0.19154044961797956,0.9465676065780344,-1.9071653993246596,0.8204883458882284,1.7853649351294152,1.966296427631086,1.8419113817315038,-0.28249388430329203
4.2776622188310265,-0.5457668260609507,-0.1743198301318416,1.3305038904643465,-1.3831801852558772,0.27403673982927845,0.6262436263753934,-1.2124671268441207,-0.8313894272687588,0.6500051247308409,-1.3633802056181432
32.18680902094154,1.8924215628921863,-0.5755771968783621,1.2043921898094383,1.400265495272238,1.0987943837661462,1.5199079289856186,-0.05045370968586971,-1.5508079039061058,-1.3963397036176133,1.9213584759075881
33.61970058532202,1.2950188452731313,-1.836582642976201,1.7044997632755559,0.40123893010649336,1.97403363482269,-0.20159105201589655,0.6116454149232866,1.1842803290980375,0.46463148009578203,1.1087300837772234
-12.029515261370358,1.5065485586237979,-1.6345436345656776,0.0791872893952359,-1.144871024986399,1.1616568533845135,1.8928356211467978,0.39159424971641554,-1.555426843132821,0.9047762752995747,-0.8010663974348406
93.02209351391717,-1.921180428908381,-0.6647138735170341,-1.851834293964389,-1.4444729728394532,0.8979524373063299,0.5319619160144016,1.1793431743348588,0.9679091401650513,-1.7435253826406312,1.995215073683446
38.69244758105109,-1.1656504204854028,-0.6689260983668972,-0.4581465665115432,0.518913182647184,1.7523484063670485,-1.5815228612355847,0.5392285567758082,0.8685392373909129,-1.8712276225995037,-1.768075763257293
28.006903395217133,0.8572037120571316,1.4086282928394676,1.77231798132981,0.026759477642551044,0.2859613459181598,1.273499092792524,0.7661612747744937,1.0206263954908956,0.16954202123713857,1.114430344027248
6.1400219889563825,-1.5519225651344493,-0.4681945539721881,0.2796112768294212,-0.6474762519179702,0.8144153119471826,1.943197169602508,-0.15937473141364622,1.7351373804986934,-1.4595451603134828,-1.9277192169166222
16.101013134733122,-0.302635290310719,0.7532749292521519,1.2597970541746242,1.900003439698799,-1.5759526582482724,-1.1777108105401166,1.1981902262224033,1.76077742816573,-0.623539116816858,1.2757361035289034
19.11208589023657,-0.9967215895281831,1.9246559000905545,1.5044213329029508,0.32008126793681635,-1.3606325855757317,-1.0250662145221363,-1.8993459913827664,1.0998648148954788,1.5441466624670337,-0.3380816113013241
11.2221334058763,-1.3786542583580603,1.9384691567419767,0.5679142599213147,1.6859657271052804,0.5675497158638709,-1.8312667204412798,0.2209245737752461,0.4248685122176181,0.6714673917082203,-1.9408290310991028
-5.649587147792762,-1.5740556410266144,-1.0419846533251937,-0.10474549416726964,-1.0977113482421768,1.4119113335837303,1.898393280270577,-1.3754640670494647,-1.1986673865478794,0.3330897054277262,-0.4866068899757847
60.882375514436994,1.0188023176606489,-1.2039692392712844,1.986938166463906,1.7997241025374109,-1.5734692772809966,0.2765463785452704,-1.3311054636824915,-0.8261983854353421,-1.2789500593822383,0.6318175514328574
63.73341803486101,-1.9971078525295827,-1.1823648154615953,-0.9903455424456347,0.16358953678738342,1.7218416897864186,1.9558842109271781,0.5485656329180633,1.4642329271158503,-1.3286495641954663,1.4095227229348155
-3.181917424878525,1.5048013136593728,1.4291582655522674,0.3976447951092039,-0.6657136250679732,-0.2581967103892526,0.6490654126200548,-0.42755081164289077,-1.3072863241676327,-1.6676295383100332,-1.4802923109344461
11.200204266962807,1.7495898002916346,0.8281600952043227,-0.16205334156967943,0.3193822213131714,1.8223422086653778,0.9453045438531862,-1.7985928765832861,1.0781851785961263,-1.6787564829638089,-1.9436029338641556
41.489654682511066,0.6101766372542863,1.1300440050296294,1.9947774276672186,-1.7834846923363017,1.271630349802634,-1.7409449753535973,1.4434006713914993,1.3223043868002424,0.6930099309843447,0.07776234158823181
53.59238170916647,0.2909175804558033,1.4974875956827232,-0.8666755933185808,1.1099790898248538,-0.9319545647371243,-0.06027462396922667,-1.7134885244660145,1.8160694762581993,-0.31292196266088457,1.25594854964754
40.97316287459236,1.4684882077005663,0.5056932070766393,-0.9942146475578575,-0.16900705445931807,-1.8447491853771805,-0.07279811124952129,-1.6445736176059347,0.07391319060760093,-0.09829701012741232,-0.3128130126200954
69.27433311694762,1.436428951446083,0.958333031887296,-1.5369879463772897,-1.1418231508081176,1.3927623153502906,-1.6527311095211084,0.7957697212294135,1.7297198869485384,1.3417691098830562,-1.5981204965978328
100.5080016496866,1.5145319005793465,0.44181631240393227,-1.5745801599163465,1.0574778328234267,-0.9530994897486202,-1.4616706174861793,1.3231938782127708,1.3732935003920232,-1.678338562841148,1.244777466054395
12.567054562422534,-0.01905298570756475,-1.0842736953475671,-0.18008190781882583,-0.3994402194770714,1.332534717374295,-0.3005535025019772,0.829913048960317,0.8733663868882617,-0.7126656041841746,-0.14457329991029422
18.200592744040392,-1.3430217819127281,0.47142647085875433,1.9701714106895514,-1.0073768865337218,-1.1631487641243492,-0.2959869274324669,-1.0233515258021768,0.4409305380904436,-1.77182581156206,1.959894963215456
65.02558113235806,-1.2687369017242522,-1.9759723713552293,-1.1899612541251008,-0.4689049864837438,0.5195321190597215,1.0158047247833966,-0.2675536190105601,-0.8512978866673659,-0.3810785556474299,1.2691903238846325
22.454756548609865,1.9957254374732805,-0.20007790856084595,1.4338035460814873,1.6097275586294204,-0.3157096343703816,0.7203275315506854,-1.8499359354580505,0.774945164402776,-1.195128762582403,0.10184102649096616
33.904502927384264,-1.3825335256390443,-0.33115880196193936,0.07955171671809369,1.9547932264380603,0.18172588659826117,1.6057330638696437,1.426333846081691,0.28283354680508843,-1.429791481026256,1.6833041875660797
-26.617610886578724,1.6460970808853976,0.8039737177072723,0.860389829367076,-1.1584192013616184,-1.826138823215247,-0.5527708276741969,-0.7900536760453876,0.8752880413266415,1.2641070596111388,0.10730576628667299
19.684067559187113,1.5582376472094897,-0.07907584119542266,-0.453382869790282,0.3017526405470581,0.45256877039617116,-0.5334155915233851,1.8351062140111396,0.25373894117493867,-0.6017065460823421,1.2782042669493756
-4.475900488313808,-0.11712758303585646,0.5616821582263114,0.05703472018154221,-1.6169915171902014,1.9643545147997186,-1.9972987089007193,1.8339914506871922,0.44432584387605845,1.3815871511506321,1.5285943630193093
111.15446979210515,1.155369078955082,-1.6970006900880188,-1.8435867610197563,-0.4818205394105979,0.9784009285545854,-0.07959260866530649,1.2098093270849604,1.1084190479245954,0.28560799916969204,0.6972894163491086
87.47863898054986,-1.7798442103287657,-1.8483588783926956,-1.6689913678324668,0.8960502535976826,-1.5349626872734157,-1.927433185226759,0.3031314692138345,-1.1093961257415366,1.9867704029574935,1.6918042560077375
3.930774866993316,1.7575076752217766,1.6543945589514264,0.21418260290679658,-0.6462086759624901,1.179425922942785,-1.738786552944466,1.7614998310547194,0.15295499568747228,-0.486581421978312,1.6437311369234453
56.92526585491381,0.9255790532555128,-1.2463431568294339,-1.1610147477014516,-0.6393884552939229,0.699934080632465,1.6364903485220799,0.08696393699532745,-0.27730703601190676,-0.086755588119666,1.1438437524761298
6.074453813614065,0.4179493730610342,1.1359364918460764,0.6021116340711941,-0.2580086365319967,-0.30451685773517756,-0.9603429239629566,1.4940147312055876,0.20747851733423772,-0.3123928047354112,-1.1742512507510017
-4.463739626217981,-0.5616276481142815,-1.0436505257664672,0.3791103001153888,-0.5349297451964308,-1.8085530812483381,1.4811421906833573,-0.3852475322927904,-1.4996529424027778,-1.2176843405958633,-1.437094422404372
5.100217286563376,0.05298902872445721,0.002114975557659271,0.23496187300355453,-0.39034165413116373,1.5190417708198254,-1.455918649331823,-1.96796845390182,-0.016486954542832333,-0.3505843072871211,0.8538323444810327
-3.2689307945618666,-1.8735322383827113,0.39264679207192765,-0.5440418383460814,-1.9902055484626011,0.4430995131945319,-0.21805743876145245,0.1278435287993771,0.4417517425568569,1.9155120857269012,1.3300317037205165
47.62273255867443,1.8597510673104396,-0.8532267408214618,-0.734995762708226,1.3251101857920702,-1.1526497049819997,-0.7116788704513928,-1.5984924144497987,-0.2961514891374728,0.42841505192208906,1.533951358955751
1.3435297273952367,-1.4498983748462728,1.5299426783138452,0.342804462651197,0.2641010234207486,0.9080741248614084,0.7781602876213229,-1.473273960662433,1.8197167368449119,1.1850576952396397,-0.4894540250584205
111.82369336180555,-0.9389195479278323,0.33853490749442594,-1.8088381109923874,1.1143783141753891,0.4944512967348831,-1.8671320398304294,-1.695823344201365,-0.4515639254420232,-1.2238414141424316,-0.24039622627323665
26.598546201619154,0.8391878002813535,0.844401259751578,0.8836255578445527,0.9574417390716556,1.2305083774276944,1.2585701917540084,-1.612445551761891,-1.1777136801266406,0.9208155687613928,-0.23738109048654854
10.28055378248278,-1.789651015745425,0.7096689514866319,0.9923984757928195,0.5429576746901001,-1.500100052485596,-0.09353059764981175,-0.8690325007105737,-1.6601187310647414,0.727130278183088,1.1299049214893033
-5.261918168832805,1.4119516999338289,0.8646805363630552,0.6362262803094874,-0.4213327669883471,0.995189479890696,1.9075087215679036,-0.36155535648813464,-0.2795932993101995,0.1451979592939474,1.1932687985448647
67.12685068765263,-1.2323699174397942,-0.8452078868564183,-1.1965561253999955,1.7870983707795594,-1.401345610441374,-1.2132869713511933,1.1098117287158735,-1.2815110904211249,0.6310892926917204,0.35512947538542283
15.113142663358396,0.9942602952333899,-0.9230610700325483,1.0770536613932418,1.8702937015256458,-1.5389411265148567,-0.8540845914900879,-0.593416831747398,1.702099093727906,1.145960035016154,1.8037150245774165
-12.271827925607003,-1.8018863208639604,-0.9547981065948656,0.5523868829907275,0.06250977699053495,-1.0510904528908607,0.0017426325551195276,1.1742454997467946,1.670631168687362,-1.1859905891112525,-1.8302803737228897
35.60883797551894,0.40423613369930855,1.088754385662655,-0.21077751556541813,1.4753932293185166,0.18545399691324738,-0.3251425757272077,1.0672916986234413,-0.6262607976996302,-0.5341015419886563,1.2130568660384284
26.90396476980139,0.8977397311766384,-1.2117126767964415,1.7557754601433673,-1.115286873058447,0.7587680354529684,1.330455943472697,-1.5780291865342795,1.8556287590276748,-0.9777186294172533,-0.8103391526656871
17.58550868021662,0.41682735588330955,-0.8659151429948326,0.08521140313543185,1.8111465601738965,1.0187635831925568,-1.7019263220289926,-0.36288807733979267,-1.8033524329681816,-1.9363211929023767,1.3730975624901522
20.23569398300532,-0.0553655458692921,0.1915241177095921,-0.6368653258790093,-0.5614269387641349,0.06675514991304832,0.5074017885932074,-1.0013441816398658,0.9066167791424435,0.4848335036210303,-0.3699121942744976
54.31056865279158,0.6917200335631102,1.5192614910848397,-1.3279220878891982,-1.527829502598545,0.8710514066537511,-1.5178974988504264,-1.658456667865413,-1.1922327385142006,-1.1337522012931456,-1.8532854753660803
38.48793778350826,0.9302112351819662,0.8866637821609884,-0.38657909356102715,1.8728952173245181,-0.23844362194258606,1.9656177193721094,-0.7860798636069344,-1.9447262879014122,1.3304170551179584,-1.2067217316873204
23.620257142299376,-0.18462668596086207,1.3242416993171306,-0.5441219160591495,0.6211853062566219,0.5104427501772868,-1.4200577053258008,-1.999795598509945,1.7163079320243941,-1.7340229138320944,0.06410506101940516
58.636487788933195,0.9624494403925414,-0.020815194683798666,-1.2592312207754168,0.43013660640834495,-1.386762043438,-0.7327382817739565,-0.6229388616535965,-1.1154526040579946,-0.40106536155968486,0.7228267313242926
8.452161683483626,-1.6873786168599212,-0.427258870881718,-0.6986712652401357,-1.816095759797451,-1.9618522984052373,0.46538515402783576,1.3755179904501995,-0.17294008215382028,-0.7492537144807332,0.6491088673749688
-5.3193901003585395,-1.815678815104667,1.6446373360186346,0.7175838590807531,-0.7905587495765323,0.41496884539525425,-0.3657290219593161,1.4290742995575147,0.27447268650823675,-1.602312330690257,0.9641994503710158
12.411957171886757,-0.3745064549954531,1.550353508979304,1.7064395505238026,-0.8078282683626701,0.2122603716464435,0.1404352346158042,1.6025747835186301,-1.4894838367872123,-1.0785333463874989,1.9976615746265205
31.716266101842677,-1.1737337640761782,-1.7012472376336096,-0.7007095083898816,-0.1220982133615478,0.8406710609763812,0.7078742951776005,0.032341504545172484,0.9759188284398257,-0.4602888285666693,-0.5275497481520199
102.861136362659,-1.7036676410481881,0.9887624020082537,-1.9634831505902413,-1.8818831696233755,-1.6122633213151145,0.7280353714091721,0.31258605535140527,-1.879010797885682,1.3770967173581177,-0.1590603026032329
-7.041032622595937,-0.17788149808686038,0.49883153655689716,-0.20208873246937387,-1.3710711369761102,-0.08744609140462112,1.3451430403352007,-0.5578329842208611,-0.3516528358198334,-0.9287035349510702,0.001635282332885346
-18.42047100423765,1.9510995621748122,0.6594027812398271,0.3041267061149351,-1.5088700694674695,0.7471529439110909,-1.7761448571626657,-1.1230702899148293,-0.8948618162154136,1.399264612752166,1.1644893890992436
87.54268524966639,-1.4813209568914059,-1.31571368009838,-1.780406058580672,-1.8207213166524228,0.6680814004179556,1.4608070051516404,-0.8267649482194952,0.8676988513262738,-0.6568770197353362,1.972511972624965
51.29465618995379,0.8865916926772233,1.0117733011491294,-1.1684094775544684,-0.49184764140902004,-0.5274899397934378,0.8567947054809952,1.4523184079485438,-0.7374053566338343,1.9308025631645154,-1.9576204617674424
28.23256724294479,-1.8077249656182621,-0.41817440010352636,1.4870029964072295,1.1206218111814583,-1.8789884990402403,-1.4604987867490742,1.8429240128230897,-0.6035633528542128,1.9393454851885248,0.6772149292140854
2.7289554437291983,0.019932756494327908,-1.339314441710557,-0.25796894207396326,-0.22524548428227442,-1.1342448334388053,0.30373819131512203,0.07641466666792773,-0.7134288422250954,0.9373101539942015,-1.652443923048081
7.911458362413754,-0.8385485831423498,0.4918745174414201,1.795516878641585,-0.9070399721222562,-1.3922409176495698,1.1437962230504244,-1.6355943519485554,-1.1419005677055902,0.3315655238180626,0.7678915803624733
-7.254608572716801,0.34006639196846544,1.9188377479432428,0.5911259256829888,-1.8008693343744597,0.342867681602101,0.32459837211141673,-1.0821364596274186,-0.7497847158071398,-0.9759301304832135,-1.4354742655314419
49.14112330575057,1.4823300827529495,-1.3811426193412082,1.976438382708814,-0.13325734394681987,1.6714177939240629,-1.4943243227749745,1.0200578251283803,1.4747208503766567,-0.6727448894516517,-1.212094094790071
16.463107865120946,-0.9777176411835975,0.7807021897318842,-0.4500044163418835,0.6562281034939748,-0.27599124943755404,0.9784074988947773,0.7628449536964368,-1.4558485980557632,-0.28964177538071123,-1.9798697995728793
34.32396667816232,0.5717471267538068,1.792601350480341,-0.24066448332266877,1.4634870016371013,1.899867529033369,-1.342133855517364,0.9912776196227173,1.0965630537230227,-0.34447295122930965,-1.9521587516650394
31.069570538890517,-0.7234189344372055,1.5925328199251463,1.4948476853222425,0.9788654813293878,-0.6222458928629635,0.662047336951435,-1.287084933671153,0.378353624178418,0.5979618404158402,-1.0535471489606185
55.048917895853975,0.3175331898347271,-1.068303371883062,-1.2744665560316424,0.7901486132377751,-1.4151873958249168,1.4279145589211906,0.5103067729745541,1.1344347117244244,-0.4031989016581461,-0.6079005555175923
63.415084359600066,0.7914037243701335,-1.916708436356998,1.8855734077882857,1.6338519850889024,-0.26112684449621026,-0.08757849383052507,-0.7907680018311418,1.5144307164553878,1.05497755929976,1.3061830711888507
-1.273773642420628,-0.34487732910079894,-0.8067708499901523,0.979357640754094,-1.6381875417651655,0.5685434844304735,0.28117631222598716,-1.5523442722888854,1.6189673744671724,0.32167329518444276,-1.1528828019086532
22.3479823350049,1.9271726751864695,-0.60398390356205,1.665973780622565,-1.6529807264707919,1.3522261884957132,-0.3873983543768298,0.4274735852631837,-0.9469496539582707,0.4955094068696262,-1.1308415284549471
79.57402841594111,-1.008825853773307,0.7232134141840185,-1.4390376745964173,0.773470290836578,0.8302946782745466,-1.6398645321015861,-0.7110490697035847,1.5811383441354554,-0.7460106040635179,0.35318806685184656
9.61479988268567,-1.0426502895760144,-1.1016047009437036,1.0772248727699623,0.8832634386496836,-0.27625132326125135,-0.33477669096887386,-1.3614640444766573,1.0962728223694476,-0.14997888930423775,1.0666499211529845
58.22078527164749,-0.5821045946065588,-1.5278454724487025,-0.6670653375728168,1.858021680391706,1.7987243832612858,-1.5027710842133795,0.5841504591551625,0.4833339268460102,-0.6747156918133519,-1.8752470355458764
86.8560904597061,-1.489010795936804,-1.279812108290895,-1.8358547546878765,-1.1516268407139245,-1.5662463788773242,1.8405004469515007,-0.6280214080199418,1.1524198484293477,-1.104303406136252,-1.9421535750451895
99.1653346171214,-1.0418796787425513,0.6032546388260465,-1.548852706692366,1.8770837366850355,1.1268954038684051,0.7739896557081472,-1.725155165876353,1.865450484651141,-0.2409917072529999,1.630353522814803
62.71931348842764,0.0354545730257243,1.7638107648820789,1.8779676285539497,1.6968603941019196,1.164565469511167,1.7175131479219536,1.4426440468275388,1.0214090651980254,0.4558192247821409,1.5223291773959824
35.71678696430525,1.1438922899061477,-1.4890807330957117,1.407120562002791,0.8692118968047575,0.5078826249243504,1.3521434911594268,-0.14050282766930167,0.9268939667661362,0.9890164261819088,-0.6176276406160133
11.041646553043964,-0.9425682181353756,-1.8047081400275502,-0.07913724288893942,1.919290644613377,-1.3577434799516475,0.13143822234043556,1.0804863517348604,1.641959456041993,1.5728117210896553,1.9304026177816476
32.09503005944049,0.19707423267624247,1.3161346167420311,-0.977806848317953,-1.2799980063167533,-1.2119017922037458,0.2567965660585858,-1.657028092073141,0.12597028651820974,-1.3333339051728683,-1.4376032591106171
5.310557938992732,1.5871585736491034,-0.19648024487649973,1.3714300047129702,-0.9308602635906329,1.5469214350054212,-1.8419030803324272,-1.588878195747324,-1.8802660446660395,0.20950435445814986,0.3629018856627493
81.36568198911641,1.7600074198586872,-0.4646534046924349,-1.42575565507491,1.53031846732162,-0.5383062083823038,1.86459226029638,-1.8275835684384862,0.2762427118140147,-1.8898208672512937,1.3228147014583866
23.10077030738991,0.30523163042249246,0.5112936205151337,-0.9295570297609146,-1.8109059452447438,-0.8743242651838381,1.1527360650732623,0.7340291765286291,1.2099060517942246,1.8424542986671342,1.0135704333802846
32.78584050039831,-0.14617823414078757,-0.5495584329258487,-0.5365910374143068,1.7957612677756205,-1.8318473480743762,-1.298190888823679,0.2345113953546325,-1.0036554642164481,-0.5692566646787376,-0.8003665114714895
9.783341687533675,-0.17375828716006536,0.32819764089524295,1.24368973100115,-0.6186001977737137,1.3379689521511406,1.7573728150992936,-0.429880221227398,0.4079141715901269,1.469302530126528,0.030574615614885836
8.045432632598036,0.3406562521607972,-1.4567086597188101,-0.3563884112991049,0.8194477925615744,-0.9635532627703869,1.7990820368320115,-0.050527191621673406,-1.3438328135808169,-1.0861307635729096,1.0790618884026357
45.999571821465395,-0.8855127919411623,1.9060202095708654,1.505525426579545,0.7526270635546082,1.9884618900643307,1.589980869133535,-1.73808502158409,1.3740510875540415,0.3990290258060081,0.7212973665815623
-13.731945940885895,-1.431336905959692,-1.513277202097456,0.11274264853558869,-1.9876929530781058,-0.36729831825422954,0.17596222499189684,0.3697255346477175,1.1524384649478367,-1.8971813151042927,1.7922979366707934
-9.951047733185423,-0.8913315147572476,0.4941848799536408,1.246847511022815,-1.5165202343553554,0.7768464868316629,1.0177773416398113,0.773506057463222,-1.5237139200579297,0.44172193673535,0.018633022547569045
75.37224411160614,0.20107767784571884,1.590500857040145,-1.551868992748373,-1.9440421107431676,0.43383749567524443,-0.7195866978181562,0.21363002710011836,-1.0334262791422049,-0.9342778282815689,-1.4513851801499515
45.111007848620645,-0.7546986291923652,-1.4028513711139214,-1.0287941367021713,-0.3293891262021913,0.699055177324801,-1.1740111721453008,1.7066945759509635,0.8898129641034851,-0.7421564960897507,-0.43815597517328264
4.960101714130154,1.0106860531958297,1.3343666603427757,-0.7156037253801948,-0.6648732081244764,-1.8109264462695314,1.9172622311126903,1.6856598908811073,-0.4816655151676841,0.42795468901874,-0.21158098043095963
20.06807185789184,1.4556172444366946,1.3557579113946252,0.7217967328018413,1.389678625879423,1.2040157799874183,0.3924799449234051,-0.8056150658843988,-1.423073147402774,-1.070621053480274,0.024602783698471686
82.61895733204959,1.2291019957661296,1.8679327533037893,-1.5458432583166744,-0.010121717961824483,-1.8005462244901582,1.8287826143488761,-0.23656480111712552,1.926758542466266,-0.3390590129829625,-1.5723333046606913
21.89966149131493,-0.48974295735730067,-1.3623429010613197,0.6952898161408618,0.6178373010661651,1.2613255845594682,1.949823163477245,-0.9931962401842069,0.12228936813268909,-1.1174571633129937,-1.1196235322962256
20.32831881751983,1.6320917301241358,0.7849507836532541,-0.5248067354943604,0.6975291994692006,0.01515941009128019,-0.9759281947305198,0.6598397513052929,-0.8136542862590845,0.607051158015731,-0.297770777903962
56.664630252541116,0.0069359705236435865,0.20320012726876246,-1.1797144625549838,0.8811509733639582,-1.7239940292756133,-0.9709474356160159,-1.511398301046512,1.4858011117162961,0.4774168281507345,0.2523668138844015
20.42569779197001,-0.5511979164364575,-0.23616235047863876,-0.6448930831888329,-1.4723266948402078,0.9913836432162131,0.6403284253987325,-0.9788555392335816,1.676374797514042,-1.66998721160605,0.490381795519399
6.864371409780401,-0.038056252065052476,0.153758038031786,-0.20872772278648366,-0.2969631234749599,-0.005615708059026225,-1.1556733835438098,-1.4611625549646345,-0.9430856420820608,-0.37573908826234437,0.9424862122242765
4.590145349490362,1.2266344967641545,0.6159686524895145,-0.15552104533392708,-1.9607871691669883,1.7315133498312498,-0.5804156682894561,1.8447116325005735,0.1927981575192157,1.5902816733944873,-0.33773371899872995
76.39862165103966,-0.7298059211578196,-1.5888666059178984,-1.4080629785808583,0.6772290370340137,0.32355618122684815,0.5474644927918781,1.1282561419044694,-0.20672021974118904,-1.2625452191065079,0.2737479216547345
30.57821112544393,-0.13798249682073127,0.023687431500786893,1.766814874967407,0.18140396203695675,-0.6459094866764463,-1.9947356409157044,0.986669911100245,-0.43484808012522436,1.1145926340426877,1.3735309662375927
102.95142927590288,-0.6743240787914999,-1.4822882212170505,-1.676755076722538,0.5449022754991879,0.544556966838484,0.638924321565586,1.63588390636151,-0.33792209136166873,-0.6640603761467765,1.823648379166166
46.90347608275033,1.1523292188697716,1.1312606219338281,1.86331579721026,1.7423299761163396,0.092685289306778,-0.8067092359298189,-1.4504098114971709,-0.7012782075415709,1.4186888271922418,-0.23325693739996778
59.49805455801169,0.3333007166862063,-0.035859081994603415,-1.3101321901349565,0.431730405336368,-1.9950859895303408,0.7362319543835119,-0.2948436019798524,1.1854252385577277,-1.1285879652263056,-0.0912718306635103
43.95730728255907,0.17682878853879913,-1.6802403937130816,-0.8775113511209649,1.8136450064106868,-0.8186662203666635,-0.4939884147566893,0.7762828235787786,0.47738064468833974,1.4230933890909614,1.9030703250831507
58.581901007503006,1.1434841837737397,1.9027405013657477,1.740480047047221,1.6497239765364275,1.2127374346889508,0.8413426449118653,1.2917800991715245,0.7949517723400845,-0.2424674440045398,-1.0433354016919445
8.197601791930024,0.6817667212196179,-1.2098357896473866,-0.5297872635742502,-1.7120632757230596,1.867730000509936,0.4458960615131753,1.0679276032014373,-0.7087594023827606,-0.8620703985657929,-0.4997514361446016
16.268308259420397,1.4826530860896896,0.5037827184523902,1.1973111643805274,-0.08381357562971337,0.04855214544863884,0.5993133440066223,1.1927475124262932,1.2630837248427764,-0.4609701983023182,-1.1029766963239038
22.827826407285034,1.1672588343957306,-0.22486500681021715,-0.7864361940743718,-0.5232674544447526,0.46096909288224586,1.8278478864226986,-1.8750528555750186,-0.7870973218599846,1.1752189380290208,1.4590264319718362
38.043801009115825,0.6831770037471983,1.0389441443408942,-0.9584997322594728,-0.5688577155667196,-1.3435565405466852,0.3746907455306969,1.6428788395353435,0.5327586411210183,-0.5887351659098004,-1.948285489590682
17.99323630969173,-1.4343851521170659,-0.30281816509443615,0.4873613005244324,1.5782053223522565,-1.516025809047214,0.799922218469157,-1.7788524977317723,-0.5181769287921294,-1.9850665512770957,1.2528678488571474
-11.12447476649853,-0.7533987496899384,-0.18912185495024803,1.1989771003836216,-1.9222017529773932,-1.2004228901543925,-0.7898077541238164,-1.1151209991285889,1.4166060226902233,-1.151171732669499,1.3776177283114044
114.8735321552898,-0.648236947327367,-0.4551891756470745,-1.6381268845169337,1.40032037464221,0.2880843619279765,0.8056454551259056,0.9677780906631877,0.5361173252790081,-1.5498822700555044,-0.8085915694130605
-12.324705130042753,1.2569233482936073,-0.36715277369511945,1.4486027892558937,-1.6517307710811906,-0.7754928576197391,-0.7998495360473838,1.2284636429908722,-1.9453231891603546,-1.5871907345636385,-1.9776375859879551
11.76732021156285,0.7384158969749275,-1.0699179552190148,1.6577411310544385,-1.341150770712535,0.8999010086877868,0.8273920149878573,-1.3170377686708128,-1.3558683080255989,-0.08965427447808771,1.2666707139894933
70.16204030630186,-1.817004964932004,0.6464888075742006,-1.1007868181935856,1.5038948285845959,-0.2687020878519202,0.25963513693885787,1.7828729501508631,-0.56778947680887,0.5246316667033049,-1.679395173863187
57.24318080269507,-1.024446061339026,-0.9035163423404491,1.8944304173288522,1.9196364609669918,-0.6315826968710567,-0.4180734513701445,-0.7186401072388664,0.8438310226780712,0.6265750560729724,0.17219219563725874
-12.589874006917011,-0.3837442834885083,1.9782221629789816,0.04221018676310129,-0.4292594344630789,-1.1246746869938575,0.18743924572470716,-0.3052719684327654,-0.6276982362565398,0.9324136635471638,1.632884504150924
37.610344414073374,-0.5979109965530247,1.8992658565940652,-0.5272705566006541,0.8772628514724108,0.7199869422806322,-0.7510782623252594,0.6345926078511526,-1.5237294370154517,0.8035196077384836,1.5185362395712976
14.744507676230826,-0.6962107109213895,1.206116635743212,-0.353549550743959,1.0183533306265442,-1.0368960476123479,0.43971643241236125,1.3416601432545,-1.6817856387070322,-0.628423150188044,1.3070749740027998
18.37270346513005,-0.3921895796712844,-1.4853695509577856,-0.5964067009973495,-0.8897706132503642,-1.2874740649587095,-0.26479524191331416,-1.9959661603936483,1.2605566176042222,-0.05204541210716718,-0.09503273699186687
35.36238927704102,-0.31166425972007117,0.22166205726533494,1.5731478846240057,1.2742362967550664,0.34808849280564935,1.9980865323334278,-1.9973269849075797,1.4533604458220597,1.190374373729509,1.3271425061265005
35.018948143452725,0.34594812875153114,1.4639288650942683,-0.9212447151296033,-1.7806753350990916,0.48580389066088836,0.24059593076064667,-1.5271385107666093,0.7354473254450187,1.0615795235440855,0.5506703014223406
-6.835482638141139,1.4494896043835994,-0.7014705393533767,0.8381864546824778,-0.031430433495850174,-1.8670629479851413,-1.97749320489865,-0.3635346288374848,1.477805776358732,-0.6905419308802112,0.7450318959179456
16.28237380355644,-0.054819833334429635,-0.38599963677746096,1.4753827938427269,-1.136056118661842,1.5902435862100983,0.5004582439497631,-1.753126017210008,-1.0956190467616098,0.8414352464466983,-0.4641956075610385
11.188678547943095,-1.8680635839410087,0.3915651453855178,1.446368655714641,0.7342497142180964,-1.3191142546251875,-0.18759495245335023,-0.18131973062685303,-0.6840128775951837,0.3771572157358838,1.0229152330691922
9.431080767589323,1.0455075960762423,0.0593208733554933,-0.33918348480801885,0.0745875437720227,-1.4670994533387751,-1.1537805469745535,0.539861299456009,-0.8234034320668653,1.976419240556809,0.23681339907184995
35.79718511232974,-0.7833785454844353,1.7287590260426864,0.10566646726789442,1.924992682546426,0.8934157820194977,0.42221294347335947,1.9183685215361566,0.6872088394871789,0.20782384169554335,-0.023510451590337045
-25.65737722474466,1.2625950584604175,1.1293017047420175,-0.21843851963297878,-1.6387250218012115,-1.9726602677329677,0.6884629896716974,-0.9574826608726492,0.06444304961595204,-0.23153876825748965,-0.3783688593954553
2.155461290155066,-1.8960758376219178,-1.00533393646129,-0.30702180609990926,-0.9630014567438558,0.3328921851912616,0.1876942265508612,-1.1783932586094155,-0.1083615978705641,-0.969335608261312,1.1472820772561474
5.94513923997893,1.8513211192676344,-0.9352854251740101,-0.09495165409381601,-0.93041596525152,0.1400741723340988,0.6486973864518211,1.7269093510799896,-1.9213750140439187,-0.7578732069246961,-1.1570628566731522
32.670258273104416,-0.4755765575552844,-0.15168332039952936,-0.979119906308406,-1.6970983972127565,0.7276851185889961,-0.9925040500713078,-1.506185273464471,-1.9370346822800242,1.6701530982019905,0.599939382136577
0.06578485767754971,-1.4974099302408117,1.7318617095634,0.9486802084752095,0.54014465745913,0.04229889176516055,-1.2173912246434764,1.1170613031381378,0.9842741453906383,-1.7824747989079937,1.8008245818913196
9.508626559618808,-1.4745943338792444,1.3757079839599067,-0.14121120856972658,-0.196748614883282,0.8301427762415772,-1.0031432403531269,-1.9720272460028445,-1.9463345469600215,-1.5438962170558383,-1.7567559403323587
5.921812174306769,-1.6359811518853742,-1.3607763775194401,1.056548320713956,-1.3412497132713956,1.3232360924450979,-1.3858241069993857,-0.30673744729866215,-0.500293786585527,0.7867022434303617,-1.3950711772609226
34.13504856043418,-0.2809224804899926,1.2172276353950071,1.6785273813254653,0.605181906966227,1.8194115711367984,0.7589207529813655,-1.480351033027267,1.3961970051624313,1.4960246364932916,-0.8328466852406287
-25.306504487720847,1.7094604391184296,-0.24462730219105078,0.7894086914592946,-1.144893995126818,-1.17225055404966,-0.21417573302843929,0.512436306278103,-1.4132709225190823,-1.5470930984486202,0.7519716325801018
62.9709965271243,1.06001134630145,0.8833522163344525,1.9346365798395562,1.9933659489765803,-0.02244361805121242,-1.3200598060052866,1.6150163608993804,0.10150313489109353,-1.6094611818387334,-0.5712545004200833
121.45503851881575,1.121414447204097,0.3581756946695105,-1.8834511885027152,-0.9765144474757386,1.6153616073067933,-1.929341562573891,0.9838090721678916,-1.3431858879591845,1.2008451125703412,1.3754101136002932
20.635723945487445,-1.5284693008217118,-1.5538599913740514,0.12242564358614194,0.6260173468163801,0.45703582970128,-0.9683670304646554,1.9261141519191738,1.2265381449394224,1.099999179297356,0.3127121855624795
54.19537578072224,1.6457770123659512,-0.35863997432385064,1.9326625392813277,1.6527759584499102,1.2435990449418268,0.15931260430906713,-0.6090991248023792,-0.16822372274205133,1.674075234561081,-1.373266691171787
17.79545070402315,-1.0826020439772628,-1.8850173507284818,0.05574595948149774,1.6240668325581122,-0.7336668417421555,-0.36697605776169073,1.393170919002256,-0.19679717758146742,-1.2111831026469955,-0.09414668243010693
26.183634854265378,0.8249052014860698,-1.7365678571444128,-0.1739968447263016,0.9938876216425014,-0.523340236690303,-0.986906417586741,0.1330302117811062,-0.0642622316759085,1.3846600436452734,1.469953407123267
10.657238770896493,-1.6635091530815878,-1.7824509039915535,0.7340472352586933,1.2083099755728663,-0.7229826125749175,-0.7928309428833615,-0.2584548913989537,-1.2827427175648323,-1.572259416311319,-0.8082591614494654
41.16597357895748,0.8894955958173822,1.240593300029238,-0.9328815706827567,0.06527548975236108,0.528969940358667,-1.9969944013461056,-0.20636725769990338,-0.5537456823882363,1.8984284282087067,0.5091595366371733
11.260276720907035,0.2250174874554447,0.370528844691576,0.31161145146808966,0.18700831245550154,1.218183923516603,-1.67199688109365,-1.959566620735464,1.8610224116703744,-0.07778660966473172,1.1179361602094584
11.610939950776334,-0.7529831087998518,1.4006751797958663,-0.05513295983354416,0.5489865045234561,-0.35038219245525415,0.6271492078634422,0.5248776693061061,0.6680226790116803,-0.8445536609507243,-1.5855945762327184
19.103551276483923,0.604441772666676,1.6897421204541079,-0.4361159117961009,-0.17889973343224508,0.8073076976703062,1.9398567895592036,-0.2799613320030758,0.006129660521164038,1.3300311564989165,-1.0623243287287116
11.357171283630027,0.6610154985066523,-0.7682913780716043,1.4043863623449733,-0.46224892708560894,1.9236647937548703,0.23000485079282695,1.2534915007427991,1.2339719294695044,1.0717557781764455,0.6921303031521746
60.22012231743219,0.274902087975343,1.0755513023690964,-0.8491401695842637,1.5591159988244234,0.043177409603987194,-0.19263654127229657,1.8706641673172015,0.20264743099798066,-1.0295060590200498,-1.1307586367247735
66.64871617966463,0.5332400004222029,1.748708949564235,-1.1481348561711768,0.12148784510436705,1.8003167498265626,0.48992204826210806,-0.4331044795152721,-0.4033385118941264,-1.3696515316480822,1.4438898959993525
-2.6698464627057157,1.1838779700288704,-1.010536501115931,-0.13242884906355146,-1.4949189174301671,-0.3009461321457896,-1.0679835282249517,1.9504817362457327,1.3812165528683238,1.126685528828454,0.6006240022748321
66.09024693716893,0.9436850656055311,0.8492464983207921,-1.0623211449426515,1.9569191330570352,-1.6275126894540142,1.8908776148877324,-1.6378421106374135,-0.6167204278683664,1.8935969249480107,1.3144570998745868
20.028010232910038,-1.166112086326435,-0.7632008763801057,0.8576623295783539,1.6366809763552572,-0.4570565529000086,0.28404501638334567,0.5120997446808246,0.3230268746908749,-1.4210404019398948,-1.1912935343542048
8.41814190862928,-0.2762355221153623,1.5819300696852103,0.5816625803241382,1.562082253810415,0.49372582303244483,0.4767369578587757,-0.7837698975835314,-1.974550765715085,-1.7529175291073376,-1.8167826805547165
-4.765082516347608,-0.18625598383875808,-0.3848072607639721,-0.34798608795773367,-1.9145221740046088,-0.4468306845042953,-0.05549469908255,1.3989653430443179,1.750989763845352,-1.95983504412946,-1.9461900705197652
64.74100449633931,-0.29022305614989685,1.9820193752064745,-1.4673573159219213,0.08511343787805048,-0.759599883241314,0.1873166573480165,1.9925928745847594,-0.3551834470608579,0.40347267338311843,1.8371393042633426
1.6965624845401774,-0.004661518879320425,0.016216860211529127,0.7276563526147006,0.38912074706262967,-0.6457636781148239,1.5579292898260113,0.3835972574523381,1.4192044873144525,-1.1917726273481626,-0.2427981785699318
55.359141109001015,0.7397609956960496,-1.5866897245805949,-0.9747790066315121,0.3470189541807649,0.6394916844687364,-1.4997743405141706,1.0292980493743689,0.047217317328886566,-0.1639561280977606,1.3705668563878444
71.26321943375368,1.0989230609555785,-1.3881127291262407,-1.2146618497082255,-0.48491901455273734,1.4685995539396046,0.42448438545631983,0.4597545432600385,-1.3090614449387563,0.7805832856608137,-1.9892278577111049
8.603029993269772,1.539214667522622,1.0626972926668068,1.482030366708329,0.3959808838585368,-1.1079481660472035,1.3661596456946952,-1.7255202877928784,1.7467397768665855,0.4885649338184481,-0.05563739159809167
125.8613768658294,1.778600053435345,-1.881467479654812,-1.982728252984081,-0.7469456043579519,0.23884167474831175,-0.006042959310186724,-1.5260388358318968,0.9808610034247018,-0.6124993123378566,-1.6294890269167612
11.544728028100899,0.8440469493995475,0.36472540935705844,0.494576686544566,0.22303405665209874,0.2162459860391417,-0.6987496609157664,-1.9130738202655486,-0.3228834508992344,-1.3253351178986752,1.4853618328297111
23.440223968495477,0.039659354036265526,-0.8361835420688664,1.662369705878974,-1.1444949985855595,1.7806108519420283,1.4334742820497546,0.4656640742542648,-1.8686329879550563,-1.4968485511868663,-1.9610846655009637
55.78683986551907,-1.8292042657837544,1.376864952240623,-1.577591832411879,-1.628766508940653,-0.8540518054109221,1.27439774042616,-1.2590263110667292,1.4277481858422023,1.1807617616765302,-1.6372427075783462
95.29931929133218,1.9421472524769876,1.3026616538696763,-1.7163981666433519,-0.6941093995168033,-1.1927477965293098,0.7766966208814838,0.14145367475057968,1.7071291622700389,1.1103666645524761,-0.6332204557660539
27.028599911569508,1.9325402321540865,-1.2932477063143022,1.8931182456978912,-1.0440746858357595,1.7307500639560747,1.1765125865832098,-0.5489417606915121,0.16256103461840743,1.4385652787881176,0.8327770787223647
86.10994424607809,-1.3506981553473185,-0.6497126635562691,-1.5170188156986848,-0.6317202757063374,1.4615212516308924,1.1473857742903872,1.7867794880126842,-0.8085178333489988,-1.5471365134939528,-1.0216108712740701
21.663329646105776,-0.1320605608171701,0.25586883415073336,-0.5559021396083796,0.20780721516325906,-0.33075436612687614,-0.5996653201802853,-0.6331491081731002,0.47582785163730845,-1.2798762067519567,-0.28974833226328034
74.01754153878251,1.305507047657049,1.5957803407133833,-1.718561691269176,-1.7339212164591116,-1.9341640152554627,-0.6869254014452215,0.11726166774643598,-1.4165021822368415,0.563312696238846,0.43684206129287384
16.139448724659182,0.36229330237635926,0.19226176366686332,-0.06320607992305627,0.9433199605530218,-0.3617261788332602,1.2124687161397163,-0.05176525412583377,-1.0106362316171253,-1.3601489664374888,-0.6346827665548855
-13.567460002561525,-1.1580338109486727,-1.8468451979412568,0.21354408915491296,-0.9552773367416552,-1.975378335036925,0.807207320309522,-0.20977475505090615,-0.2585239181883159,-0.7112870454983509,-0.3220576746537058
16.698511895740584,-1.8473620935390906,1.334841252156287,1.5020124666377193,0.9522535595967074,-0.5923625873169427,-1.3726081118170717,-0.7390704607509329,1.3275894187198611,-0.7604483019543897,-0.5259853335370495
-16.519339535522175,-1.8257522375093833,-0.7753617103503361,0.640732561100259,-0.7891959436273739,0.12543780839010088,-0.7779130711992641,-1.4450225133490426,0.2884670336137778,1.662694602164271,0.29492846870770206
24.122819890575464,-0.22395599451113535,1.8256521384269955,1.2976823293004442,1.3050643430326692,1.5878337764486932,-0.644751523254083,-0.1137121455915282,0.6977547739469068,-1.4269140460681875,1.6847728271134126
0.8926176342300778,0.3023758672066106,-1.779456067173507,0.07634202228858866,0.9730717147424772,-0.49984738211562707,-0.7376276760711211,1.5791650227064218,0.6948225183448402,-1.9375794427268267,-1.4744469541756735
30.473267229654827,0.6456518649757728,-1.4541675717240126,-0.12416329390680536,1.702521517513666,1.5129269209211977,0.6810954548318278,0.5343174975762599,-1.4010912127042174,0.6995241458141725,0.8322707307550488
-2.891965855396598,0.6697976263060248,1.1772268700261264,1.0029748156036513,-0.6362800764470196,-1.5509965688918124,-1.4721249795905762,-0.11557217912902207,0.7205657788210398,0.8585657368804855,-0.5343407558183251
16.82867981249339,0.9455020173552167,-1.1196393444226747,-0.33228907496539684,0.8741052797807218,-1.519544712006851,1.6508492808277184,0.6592661335674732,-0.7317144123587713,1.0073172587929857,0.5618970683125508
-27.39984273937901,-1.572756044080489,0.4318160890541245,0.7391112167832268,-1.2932426432920026,-1.4306394844115755,0.8561050561853789,1.828858603633428,-0.9645687160877778,-1.5283731487594108,1.3290495785683238
34.25236949889926,1.282673931305835,-0.6717584869409032,-0.39334578214094407,1.6680613542792733,1.1642675871843746,-1.11491067892675,1.317358404691178,-1.2863079568477644,-0.8155071730990584,0.5052764874312614
140.3927505657631,-0.6657515865310963,-0.38786124422817636,-1.9828607903811402,1.7493242756127754,-1.528744438494929,0.8793125843825664,1.56918415410391,-0.31507814329437256,-1.8403192233746175,-1.9963507871677897
13.531999046621547,1.3401116312299068,-0.7663048920416178,0.8694656037617801,0.3538111743128951,1.2837280707479257,-0.6165146242672424,0.027354185542785903,1.7272573370168818,-1.4455315241760456,0.9503377724376536
66.69258229521392,0.13787865869978866,-0.03256262600644444,-1.6190579724836573,-1.4203946379930046,-1.754112401539932,-0.7748224743078493,0.5897506714698886,1.3237658752485442,0.5228690551367796,0.8923993610585761
2.0792357898718494,-0.09359074448706872,0.06855241887720664,1.335263202725712,-1.2864234869122564,0.23834504314131433,1.1216822539081308,1.993859231256009,-1.021857959934235,1.4481576948052064,0.9282966540418447
7.61754253334319,-1.3273525797771266,-0.29305031448637164,-0.12580275447004707,-0.6259668211193921,-0.6706575038122278,-0.9371218316020129,1.249706876170685,-1.280111624456107,1.6940552287722852,-0.05720572586932482
-0.2611892580288293,-0.7532608105244094,0.7399421432576139,-0.15925883872086022,0.4421810891859943,-0.7074843975906875,0.9091998784853899,-0.9446580796069539,0.0814292980422664,0.3677814121911549,0.24536423316775435
21.633213010598844,-0.2825914292242082,-0.32972176960075794,0.093167831597738,1.828962382459713,-0.5704522620115098,-1.5098766288071173,-1.1677851834445963,-1.8309860443704826,-1.587619359258869,-1.4946697953073005
14.607310695744697,-0.28672505360152867,-1.6058038443252958,0.8460979116753315,0.8147855789837477,-1.171805766111194,-0.2444455141513373,0.34119323384240996,-1.276951302410898,-1.0900081763383875,1.5752040754020156
42.44579589807984,0.49115522587658367,-0.8403697411576192,-1.161161229635101,0.29058314330772284,-1.2044939889955946,-1.3841814857084387,1.7751257543660914,1.7105242586946505,0.07891640458760252,1.1076097288787543
129.11647889476694,-1.646715440078709,-0.6672307589399451,-1.919843375097284,1.4612629382559392,0.08869706234028518,-1.307389988151443,0.2990999272513948,1.9545757458224342,1.7376400260396725,-1.876948951843969
67.95686503512657,1.464061519210039,-0.4911852624559514,-1.5337581789554777,-1.5800644221940825,1.7513358471705138,-1.6554934357096833,1.7917811738651417,1.908167682522227,0.5897269317846274,0.10709534055755832
12.064646466910915,-1.4444264716660808,-0.28384968241094377,-0.6888216887439724,-1.599725460826654,-1.9613951785013066,1.7782643801065134,-0.36143430862421644,-1.168771382911586,-1.7118502929681139,1.7057529292579483
-10.835234896757045,-1.0413386515162424,0.7209950795907578,-0.3274197046872409,-1.7837185667460287,0.07255128094569985,-0.39999195504333285,-0.10126235664876759,-0.7126664298471934,1.792459722507318,0.9609499274047533
12.69445320461097,-0.16008944781516732,-0.45329182259211764,0.9036605329908878,0.7727934330433799,-0.11047760769403947,-0.11864781982294526,0.45090023085569975,-0.2042433950018152,0.6671943754080893,-0.4606359458902136
2.0686731812287706,-0.08810748889685716,-0.3333106576401801,-0.0699911989078954,-0.30290917245328686,-0.4642645709017468,-0.8817081174358119,0.29804473076825344,-1.168228840151735,-1.709916740455701,1.479992521328516
55.04557221603183,0.7221387473805385,1.1499015237295631,-0.988121752706967,0.5247534012657558,0.08560095728093309,-1.240842584936681,-0.23817099557145482,-1.6376484879270778,-0.5173668055425691,1.3887400218763672
85.37128726995797,-0.6517719742496784,-0.5058032435036397,-1.7227214783912488,-1.67827689537007,-1.0515742988395083,-0.8266944116297577,1.5625326616670088,0.8658485163336311,0.34997846880555716,-0.0864119596988071
50.206793848173554,0.06969500163662001,-0.3599750787243883,-0.8454108559104268,0.8265896870683922,1.3051302164551104,0.05902117112866234,-1.026545636749241,-0.5294843128267988,0.00021622950287758513,1.657765042323759
25.11758354248186,-1.2320653504781558,0.013392733359407938,0.02001959397338071,1.2557212725275044,1.6941800734315522,0.9939621603748687,1.4041704776030555,-0.1411551288389017,0.7921776485277259,-1.5083794042582115
53.26190109341696,-0.6460237392046255,0.4514334301847871,-1.3715828025358499,-0.910068180765863,0.04781993353270586,-0.21183998772311874,-0.4114250502167254,-0.4669020372946715,-1.7301047960074083,-1.5123743086688566
23.10457825829485,1.4135189123730263,-1.819546716973608,1.5982009027562203,0.8254800785195369,0.09487949293890363,-1.6910159945811496,-0.9318559943219968,1.8895654380631584,-1.3854203788352666,0.268753854879316
1.4650255104639207,-0.637437868358298,1.0746473770736076,0.7197458918397484,0.5317109988937414,0.7079725838139934,1.748566242603077,-1.5821616006645582,-1.0354358271792008,0.5714404627712377,-0.34917971620868826
30.50735287959945,-1.7368163906054606,0.021837683600073987,-0.8583571409845105,0.41974345522404866,-1.880807387763725,-0.1922869547751933,-1.635872265256677,1.5304179711029198,-1.0779924444678715,1.7028917355689415
-12.255524712825377,0.8863779830011564,-1.8204679354616888,0.9924532983111307,-1.766860763242439,-1.76135387745745,-1.6996861938242747,-1.3225996834217262,-0.6015730430917787,-1.0271939796223584,1.579313627802955
-16.87013039987914,-1.1746713034541587,-0.9489906507847352,0.8223307265103226,-1.2586857062144081,-0.5667507222169155,-0.18495528779928083,-1.6172384011449261,-0.8211102518479017,1.2116840396004047,-0.9558839508488486
13.843347533907185,-0.6894846210685084,-1.4876681322316192,0.9230587849935898,0.8196315615305276,0.5749460951118346,0.1370060400515447,1.9468280555486221,-1.9489387034418462,-1.471639983713394,1.1763712247012177
6.286627712632146,0.9713916922260206,-0.40845386309825926,0.06458308073794328,0.2624935220349789,1.869728108297232,-0.3974113443180025,0.625012235377961,-1.6020702296585352,1.9784596861457642,0.6524348641455435
-13.919677086020187,1.9462801728030432,-0.4993651722284782,0.6936036521493714,-0.6436655766199846,-1.4702338619883744,0.8643344027799653,0.5465868812344006,0.2374488912664492,-1.805530557696117,-0.6775990122685038
9.7179365378604,-0.9093106169943428,-0.10702799835125587,1.2777209567821912,-1.23369285299853,1.38956581744976,0.8278183406032502,-1.303997662924405,-0.4146517818892166,-1.8116256445219978,-1.3070800988210216
-2.0738347918969415,-1.2565123075852744,-1.4591249871698557,1.12286483661495,0.39824955366524817,-1.7635175496016489,-0.8283418261304236,1.1740081108031775,-1.6373796733422274,0.8134070256630568,0.9716340789875333
129.41487552003284,1.7939235292611175,0.41279667317710667,-1.9637570747303692,-0.20308163621627218,0.5530683714970732,-1.3372449463713258,-1.6870204207909993,1.345542146061586,-1.5047986138538052,1.1651552206666214
28.397576803358675,0.4056576586788556,1.8639369860730315,-0.5144656377310599,0.21050383590453903,-0.2448164242815163,-0.7272872230086334,-1.5764463579039916,0.039897438281215614,-0.3432525710858818,-1.497651703669189
35.18646213436459,1.2434817754953822,-1.2664611759827462,-0.5195330089905501,0.3679180433551439,0.198664600688101,1.833612791264244,-1.8952873905062848,-0.4990540004070536,1.9589826660295593,1.6578747637709275
31.285717632989954,-0.766012221405187,-1.0672121479841001,1.6934683288067895,0.5526867408169442,-1.6305925775900456,-0.519502611290735,-1.465148860087265,-0.1105980923436567,-1.7596363918052216,0.6763385638451211
2.501100697868469,-0.1127271530003573,-0.6207011973448995,0.5300410664790451,-0.6596452193899043,1.379798933721676,-0.7855576874964094,0.9551555808789471,-0.5247592681852504,1.107441620085981,-1.5324315546945262
26.681331872167036,0.8705219515211229,-1.6924793527902469,-0.3178319202203155,-0.2868946109023569,1.24166994861484,0.8136658648281005,1.5717474173838397,1.25923390408383,1.7198807742569677,-0.6428622234930783
15.382237442690387,-0.6809029718113093,-0.5795534765987989,1.3508235974596063,-0.06223140325715182,-1.5860882175534488,-0.35488483445001595,1.0053096779214563,-1.7918964834504973,0.6358249719487388,-0.6499197856774166
72.11500190131844,1.2999799045143714,-0.38892315586238535,-1.782116013440671,-1.3446955282000048,-1.7201312093983945,-0.20826399920238892,-1.5032303906084512,0.19140999246129464,-0.8327293052108491,-0.14856305064638065
-22.631820245002597,1.5994136718609564,-1.8003499540323529,0.8342630029763956,-1.3261506775661487,-1.5818458232339934,1.580164114625073,-1.5706844251113754,0.24494191318287317,1.5126076314323083,-1.1663529979934952
24.291270328211482,0.5658551271475485,0.4765365507494188,0.9449197916691965,1.502992893134396,-0.4383158429533065,-0.9091804394209562,-1.4366545575670235,1.353703192081153,0.81561359839095,0.3305168335617359
10.11468613310825,-1.2926382909430885,-0.11258118411705542,0.9212066389051632,0.08141762221978688,0.26759254816941747,0.5237800395134831,-0.10650695609817573,1.5792060096808433,-1.0352907979464314,-1.0494465078023802
20.371722551528137,1.794633830032831,-0.5880760867560513,-0.3652978881841529,0.8079290306018208,-0.8826929774098833,1.8906344891348454,1.054239224156666,-0.1741618384868806,0.6759517942042974,-1.1339291872495987
43.441959039667154,1.474622520234441,1.1201051209238169,1.6450576704906168,1.970998516566329,1.2788119700129634,1.7833181131443179,0.8445132750469266,-0.9719995560909678,1.0499551431340381,-1.9141147573943753
-2.1964916240235617,-0.38096212830507303,0.3876830350797418,0.43185856330716854,-0.32418078291457997,1.0855295650459826,-1.8628494051279905,0.6830363121969931,1.3698252467971908,-1.537488484989181,1.6524684866010202
10.159453028953784,0.6549301360106461,1.3401127847206924,1.5792293755604243,-1.7120143054760795,0.047193710831418656,-1.93983644714105,1.3953423612554645,-1.8379692874159979,-0.3265726616253928,-0.2672050434405886
116.00224623127241,-0.8923813166505239,-0.5230475716124228,-1.7599221753939456,0.519448765319412,-0.25654485555192563,0.09156775353433044,-1.3762967646460464,-0.985565134122834,0.2873166294070768,1.8493415517497982
43.785490464777084,-0.9958530395765481,1.3232696201361178,-0.8549173161253911,-0.2187775472914173,0.1703016257741936,0.23960901744377994,1.5334658893310582,-0.6553317088267323,-0.8926214766006848,0.34897101872984226
-18.947303639849146,0.9594034749238665,-0.6900437931054544,1.1929637484630997,-1.0633022873257847,-1.8372193871459221,1.1576093861744128,-1.6988601212693908,1.89312616081948,-0.24792000955696825,-0.9823689164822147
14.436549081798692,-0.5287013417870998,-0.9223799613171053,1.222155452755684,-0.77487533066367,0.3525283397769683,-0.3099567800975347,-1.3648876676346897,1.315252674684134,-1.1029446977736717,0.8222592463148666
68.54266511991969,-0.43761468435745154,-0.0994519466838737,-1.3623378363611778,0.5578628717762242,-1.5530048544877513,1.7611844045466643,0.8340373244130062,1.3608360861286966,0.21567795689360203,0.5251314572677082
0.7142945501197087,1.4977992041831212,-0.2514021891404776,-0.6194046039513075,-1.6121017193647136,0.20625975005613562,-1.5803429925700287,-0.5460919094127896,-0.8320003924789607,-1.1080967596025344,0.8217202844313825
51.73435918082382,-1.6452439895688826,1.8433901989295696,-0.8648240815137669,0.8780031637641774,0.9339959268410856,1.860943996253725,1.7749999450806926,-0.5830260995527823,1.977133615457627,0.3282874077321307
47.716362445376156,-1.605664036783323,-1.9193679565058086,1.9409308290461427,0.5898853129331574,0.5670666444358958,1.6881472273753597,-0.5946268874487024,0.11637003996005157,1.030787187133488,0.7414479179444813
24.36096559813463,1.3520187732513147,-1.215146141205281,1.8234848175921141,-0.971437244564453,-1.993200446805246,-1.0495621805281683,1.3758044982627315,-1.995606659533936,-0.5938424174789341,-1.7397165582012408
102.34643261225735,-0.540132172166456,-1.6390922066291957,-1.862265620856661,-1.7564993704485863,0.9560591310642024,0.21347489036340184,0.4263918021656128,-0.07844562878093164,-0.2659576910688828,1.6394640106439242
-7.227630853688187,0.08840937892594525,1.4248375947496683,1.1482966938850634,-1.9867849531206572,0.07590101888255152,1.9605419679108853,0.6440829730012885,0.06136819723380427,-1.8699941947396592,1.269075608207912
-11.140199404726593,0.9014647728294687,0.5280836206060204,0.7258992359824559,-1.8474204477322194,-0.7316617095635443,-0.4652985364888593,1.5374216086331387,-0.7670799934010604,1.05018193996644,0.5612064146871436
-5.185976005596297,-1.456444879385507,-0.3287243863464999,0.47864352108403274,-1.9156267534438496,0.7966810583033417,-1.2716849338604086,0.0641402367980004,-1.411367465741968,0.25737858672009306,-1.8016831375888365
47.204253859527874,-1.2132143764430925,-0.573233699079529,-0.8753065007684744,0.8124866993517217,-1.3846471007741674,0.3467959489430257,1.9116141298977247,0.4859312255524628,-0.5018232780470471,-1.962554668365775
58.81901414225542,-1.0516119141088538,-0.8030700264484105,-0.895934135297944,0.6503157254203749,1.7301079452108756,0.5570784675191471,0.041298597561771455,1.327561036257578,1.7252670323116615,1.798939348143696
100.17951888411244,1.875246638142865,-0.6184516212927038,-1.5462162957214947,0.6376602245882439,1.0504519856879093,1.2225046196698837,0.06347190753568555,-0.5028119728314975,-1.0408798037559337,0.053030032903052415
66.618717224027,1.3458835139385683,1.2056888595241606,-1.7170018908822273,-1.9190031418042257,-0.645438339047447,0.739426961294726,-0.36034514846418375,0.5817798805284298,0.29816507243503176,-0.026129627482669004
-9.440587634220995,1.2156656247791227,1.2092635151138178,0.9351252152909457,0.459436165489417,-1.5731662468014247,1.7658204634001975,-1.6751939989299642,-1.845316720188496,-0.3102670550219524,-0.8417885134461671
81.06088279930044,1.9135454622442154,0.1685875926478828,-1.2770115756867284,1.7792745159259593,-1.6748059477849462,0.24995017886343351,0.24147747771914396,-1.729638022763416,0.7659652713741143,1.943893021992932
70.41696596145201,0.9692182315740752,-1.364962054956104,-1.4286075190288487,-1.7122493824265548,0.9312820631685366,-0.8299002668128463,-0.2602915388036995,-1.9089706615630613,0.5960758266278972,1.4022374963065958
9.647794598949584,-1.3167502856546518,1.1799602070052035,-0.28162711728249734,-1.574942188023098,0.6640865882825073,-0.6747312370026024,-1.5178833090489148,-0.8351310805581869,0.10381011636341864,-1.8319266015151396
9.574876267758,0.5661266761570078,1.3091799500867443,1.0655712499545658,-0.1701917233337369,-0.47705560876065967,-0.713049491583809,0.15341358195121657,0.6434838066596682,-1.0880831331165144,-1.8552546896002813
-11.288843158731375,1.2700087244075164,1.96785313819039,0.362307357624454,-1.7771799466705427,-0.7792393284687678,1.717497393159122,-0.024571498817903326,-0.31310924175760624,-0.09490342085547487,-0.10825928128313933
28.19813821772463,-1.6666309034087647,1.0755900519661434,1.7854483906640608,-0.2298354746503395,-1.7230187771401084,0.041590432953887646,1.8061736283074525,-1.258903057668285,0.9823253076496425,1.7201959706332346
14.011474635943163,-1.437245162856866,0.5247876293750533,1.7392150594443092,-1.183389734572867,0.42167119357771776,-1.1193966374226,-1.5108598565502667,0.8179756982048274,1.790272683364217,-1.6764962156547987
12.517326788290536,0.8298695412355515,-0.4929445887507642,-0.00813336659100683,1.8463660462513727,-0.30309870435616526,-1.0842583768366332,0.2979700312726563,-1.7731265529711697,-1.3939895008336878,-0.17836396663159038
93.97114446449662,-1.4226840591574632,-0.47754824347046787,-1.6109973222187999,-1.002425247497012,1.2831686588790183,-0.8905346780603032,-1.470172571650985,-1.512344327096855,0.2662330965625159,-1.1651302230796383
6.541249816994162,-0.7753837413119222,1.5921906424827754,0.32884437537509914,0.8580405441540293,-1.8689811970333459,-0.5081791019990312,-0.32393499691523564,0.9910838522658816,0.40224808694123215,-0.8081953247713862
43.85804719353536,1.6152086481822616,-1.5389075394458822,-1.4013991796937386,-1.6221297358264,-0.4474365656713264,1.5556772746529348,0.048932920399262336,-1.743073528828969,-0.19561736828318876,0.7081755789249282
46.1711664833058,1.6794426370929774,-0.953993984143116,1.8129955382123875,-0.2896533980891176,1.0198715912657632,-1.5911086133080308,-0.06165138498284106,0.2291397462383955,0.306716640597569,0.7327222735914058
126.7636170345691,-1.6645197693008118,-1.5361854452478352,-1.7845491837978833,1.6402896533998916,-0.7725226842839432,1.0589824415669726,-1.4769954247886092,-1.5233574823038065,1.3838301476588208,0.25536090806585277
61.82523891543906,1.1321703545115422,-1.6813387039067917,-0.9984199961303002,0.8618561308812351,1.063574180633886,1.9106439170997875,-1.9165200797526416,-1.71652719363763,-1.0549194781092202,1.8268718906406822
10.020296380098465,0.15869786602364577,-0.37740981235064686,0.632767266094596,1.2185902703985922,-0.12952065106561772,1.863224171028969,-1.688341963918425,1.7941539430395892,0.7743308711793406,0.988721835072516
20.971663865611205,0.2481563254050574,0.5951096664921152,-0.3198207292552224,1.0544373217297736,-1.4979360687232615,1.1486545205290901,-1.204044055242918,0.23463260644786565,-0.9462229389337407,1.3875334859338055
83.48179775718776,-1.9683424808902532,0.27851463571918655,-1.7477791892063128,-1.4329189141362626,1.3292550119413469,0.19515669586683604,-1.7226141097348173,1.8375099136029465,-0.45191655268337394,0.5927502801718947
134.23464228664608,-1.3983402939592593,-0.22308277847541635,-1.922198881932215,-0.10332712028673408,1.9243914391606172,-1.5812333502687972,-0.6460079406944925,-0.11959582190235851,1.7537581868092387,-1.3472826938631628
16.038387463378644,0.8707343946685739,0.8620944444613565,1.0144579780491774,-0.46190932586414224,1.6615288831587702,-1.2566368780435182,1.348152426542832,1.747762617866679,0.7987188056878436,1.4520757113637308
42.209577601395736,-0.715464921063655,-1.0336022619074878,1.389141290618218,1.8472035014050183,0.12516000932301408,-1.187641613160908,1.3788155700668603,-1.7980919526565606,-1.894033212190871,0.5297612386624713
27.95862360080421,-1.6448499715764058,-0.0012017132458428392,1.4313917076251719,0.9480567704594933,0.21322962410128277,-1.7997886242618581,-0.8464610465657532,0.8077445544452866,1.5008943702910633,-1.6523362507143458
89.07484381184139,1.4907460285448955,-1.2131223051331594,-1.249210776452352,1.746547968524239,0.9507487771225387,-1.22516075412931,0.1741488673186775,1.8826432249206975,1.9570636281322762,0.29569598191063085
33.15118825557983,1.0966515886552357,1.673167618989162,1.712266298164856,-0.07503703221324365,1.89351508669824,-1.6246917848795213,0.5059248290515819,0.9204256775666164,-1.0869094222714977,-1.9612892928340608
61.907089537365756,0.10409214133107803,-1.509052264356591,-1.4778489884553707,-0.9860945884568593,-0.34654721396440413,-1.0434595490351453,-0.09052037194446605,-1.6092891592998932,-0.9863044227186801,-0.8734708216811446
42.16321775803017,1.486491880106246,-1.366687966914394,1.4870387365165767,1.945184300709201,0.8433317349406848,1.011628217525855,-0.2791561866090366,-1.9480313036917103,1.0916424309286135,-0.26461270158649786
23.149032539013085,0.949935694151343,-0.14571104909944133,-0.36080388718129885,0.8327356801132124,0.842945266142415,-0.17309166886969285,-1.8333873686754463,1.7420568331453423,1.1530909481244573,1.5942608651201695
81.23736513221257,-0.7581108827675025,-0.8245014748845891,-1.6029969064670557,-0.7422651392090103,-1.8059868953788238,1.45265763156091,-1.0443199767653963,-1.1608791245787549,0.232391649801305,-0.46946427483996533
29.84985680382114,0.24808938880688247,-1.24918458339334,1.5814453650239422,1.1406541374409005,0.6644080282611178,1.168605589424054,-1.5789188826032303,1.3472742742417059,-1.9985809797939171,0.7101632146898185
16.635204137278873,1.2529304294917654,-0.9777851116390748,0.4113593309563255,1.412179278161147,-0.8281045438705434,-1.7251159834145748,0.21908352664668307,-1.4160576164437777,-1.042303657053718,-0.15414588031713183
-1.6794975812372428,1.4991119126403851,0.981209862642181,0.5785266484197629,0.8996138308663517,-0.16811990373990326,-0.3396282027696951,-1.2501235881381878,1.358128495174594,1.0024193555100283,-0.778981122862068
81.85049143237687,-1.5834601354470657,-1.2061731480168785,-1.7842231248169163,-1.6358174744111542,-0.6705458239593174,1.632331694616965,-1.8048444223560836,-1.8489811068246507,0.6663700467079154,-1.3565315394929756
4.348067517624473,-1.086806845765906,0.2444265667694503,0.45973453846113754,1.4708213654598672,-0.5965300714494748,0.5541815016728804,-0.196609743502294,0.8356195118341945,-1.2253228650341357,-0.8336597062104074
3.051341293439867,1.2848740625255806,0.24432803734386033,-0.4501799585272357,-1.5295954937872955,-1.609825396377953,1.4629011641431546,-1.404983936358906,1.5959661083196202,-1.5576386137563114,-1.0040126527983175
77.51959872785146,0.4964250022911081,-1.6856428836402353,-1.3938122820809546,0.9112369821143642,0.31644938205805984,1.5402873012445553,-1.4667239053314174,-1.7240170571578979,1.8023278821322397,-0.22452532528102642
-6.412741247874749,-1.4453178798854824,0.15343711669769888,1.1242110443832134,-1.6297745558213506,1.701818309728064,-0.6629951111788763,-0.767470003554108,1.3205886466432348,1.5528363556893479,1.3046675988922845
107.77680175147982,-0.41600782516573487,-0.9516445474535353,-1.8041926565762085,-1.4847630011779813,1.3936932952046144,1.2894674223020117,0.7992727536364312,-1.48690499285261,1.596605247267607,-1.8367835121263623
64.52553181427633,1.930011715638535,0.18557393188359228,-1.3102622706678715,-0.020352616556497338,-1.9670874242085206,0.7696642594609715,0.8268773579750524,1.231708457983454,0.6687148989657641,-1.6251466168096886
9.975839723912467,1.4363000401171768,1.4739794116464435,0.746295082022582,1.3169273892425024,-1.6004723349401684,-1.440434558733962,1.5322893991931714,1.378130666746046,0.431006989963187,-0.4539055757405239
5.421782095938086,1.9627685415423994,-1.8042927357710519,0.3565517873466786,0.44044766181093076,-1.8619488364782941,-1.4231237057442843,0.8204968710182445,-1.7453936954208475,-0.5552013886779981,-1.9474467133565678
26.995259305636637,0.7452703813421198,-0.35488680104155534,1.7747837506393251,-0.7862043682410076,1.9482555168630467,-0.5535429888290233,1.0043668202425478,1.2861702216928426,0.918581000453865,0.8677430059327507
-9.378749208705818,1.1566727011916162,-0.7432782956572836,1.387149712327933,-1.1754993643798377,-1.819794656325867,-1.8043898872148612,-1.937907170739516,1.6563798901949434,-0.18437616893075992,-1.406112942161585
19.272190761095636,0.5909571805886511,-0.18559348816783805,1.3559533198359395,0.7458350029189926,0.10771456497460807,-1.0234374721915684,0.8919450161090485,1.5511175166227917,-1.5955535910639185,-1.9205601336881135
95.87976555470019,0.9074742790932571,-1.337989595831509,-1.6185701244304043,-0.35793232375174133,0.6919452879957473,1.2370180003429887,-0.15396973755168064,-0.4715974390373421,1.544412681480185,0.30145945205021807
-25.50650742385159,-1.1213263061848804,-1.4017470641090997,0.40714993566526125,-1.4444627985222578,-0.29754752464215617,1.01583051533231,0.8070756230610527,0.17194251906626867,-1.6635747721821588,-0.21944543781177206
40.044821450246694,0.5606839631117451,0.20764217370621862,1.8434505791177642,-0.6649789427117838,1.4041859647062358,-0.24599637159614396,0.6242568985977628,0.04490158163008884,-1.0243725823344878,-1.9255284963790134
19.424892158734927,-1.722902944538371,-0.27015390711866694,-0.37671941653904906,-1.3124244891387669,1.4470501844315375,0.4545087226058686,1.9072276258732956,-1.8207199660558895,-1.909492154119381,-1.4492656432921742
1.2065830154515984,-1.1924688881570265,1.4686017069888226,0.9135473758723132,-0.3003814283687203,-1.2506025053039118,0.7198972393882279,-0.18201462676220803,0.7088499071619321,-0.3186211829089314,-0.9460201376733659
49.18769011259335,1.569864254770995,-0.5566772528240591,-1.3009143237173753,-1.327485354910162,0.291042052255599,0.12779068546879024,1.6241416302616938,0.10902309020612666,-1.3906763040409538,-0.31286907149785614
17.344529697512243,-0.0438313619436701,-0.9851096844416132,-0.6621970945059705,-0.3925116454160249,-1.4193476224750263,-0.25559874027099116,0.8278225626086138,1.8789947040752408,-1.3509065195911414,-1.3142557851364378
-1.7886857679531767,0.5234861917009899,-0.6221801394381394,1.4369875809182302,-0.18080851745199356,-1.8003198832429859,-1.8422635855821832,1.0136419608672256,-0.4816481779006949,1.481257770334067,-1.207114258774741
46.05458596485049,1.9666068146925713,-0.2137873913499675,-1.239451949906356,-1.249950471347442,1.5458911715595658,-1.766921499858198,-0.939613915828021,-0.05402342216457612,0.7056292670919722,1.1326352128941353
8.078459869902156,-0.36961054807743876,-0.1584791869751916,1.596470532826591,-0.8504998735812666,-1.8582663296833903,0.05860418081519114,0.8991367091646567,-1.7531546789004628,1.1083907472358856,-1.190313756285243
63.26006801184252,-1.302298166596426,-1.5164732115299895,1.9973115744555918,1.4902778958321905,0.8612327990028308,1.0716112648591984,1.161569260939133,-1.754379025452819,-1.215657337512901,-0.6766196557565971
-1.1629006456822815,-0.7721850677415891,1.4478933916010188,0.397285097996368,-1.3798169961998772,1.7600577745472363,0.5929204832408912,0.09673802590613745,1.2470341494790746,0.9944219333587521,1.6706187138743034
3.7459758675325467,1.2861646717653419,-0.5967856980554274,1.3133240706063285,0.035993501429763874,-0.6347132274871239,-1.0912281201182719,-1.4305918201622214,-0.7832474745947606,-0.7330539615448868,-0.5732712656037706
5.8177974247178526,-1.1676940769807422,0.4972339292806862,0.3086753019434827,1.3224341883028727,0.30846894963296334,-0.08844645300798781,-0.08483652087224547,0.8010071247636357,0.1989746565561843,-1.7280367994481747
73.64036165161133,-1.5689808782143349,-0.9899172299301191,-1.6094356083825585,-0.18822507210509354,-0.72217972030281,-0.0028967196595406364,-1.857673128272844,-0.9208208905496438,0.13788262235292903,1.072766302778601
40.13962463748924,0.9929364208958269,-0.41381395264797494,1.9045672277853,1.2748818885986375,-0.4909336084546121,0.830460844990303,-1.5142533834335756,0.8532765274414746,-1.621884314194002,0.49685248537898064
107.63113188251354,1.684594300465677,0.0073743989025203405,-1.6492604484171554,1.1648285001818528,0.6412520925930307,1.2933276070421114,-1.6487554034382876,-1.9173731100911264,1.2859659646576533,-0.9974120584498221
33.66916215022362,0.3428627637911781,-0.9527007256761952,1.5283143230276766,1.8975762564818748,0.4196184894372905,-0.6295892481319574,-1.5050644236877306,0.3923727669381054,1.3299485062979115,0.8970536003604321
23.619176958058073,0.7475625913234532,0.19364241859928955,-0.4932507779314843,0.5339032126676804,-1.1686823917094253,-1.453461791955918,-1.1598365179274182,-0.807066313213828,1.1845647952049037,0.745870981537951
29.55144414700846,0.41553967525584046,-1.8395780694586321,-0.7385172530720854,0.6652479189865339,-0.20717797000960747,1.9712069545906052,0.6712903571114364,0.3505485110565516,-1.0019820123242167,-1.5298247159461855
13.083550827610887,0.3209111885028988,-0.6002419362107099,1.361568957609082,0.7969780594411895,-0.8086838566914163,-0.22223551119637097,1.246924245565478,0.10259419737119391,1.8569952180217988,-0.7368004853219516
51.944980200160046,-1.2042739652154055,1.731738218645293,1.9016495427649098,1.402652553998172,0.25590363256865967,-1.7508086501908782,-0.038668803402854834,-0.35123195620879866,0.2495657569817995,-1.697539859895763
5.8183703873826875,0.9919154434033111,-0.5787823287860112,1.7421539327382245,-1.5935365101869476,0.12500915790919676,1.53168844844748,1.5265813407924784,1.8098716358689386,1.86287386185532,-1.0335271795125034
59.517692510818065,1.6192896475081966,1.7235174685877301,-1.2754006660510715,-0.9710114514272976,0.015900923439857717,1.9537158912177022,1.8119273364968111,-1.440726933705621,0.9476326493052079,-1.7361369283766002
40.11416515981235,-1.077536077564797,1.2380641183664411,-0.9117376532816794,-0.699528485699795,-0.2844480869609556,-1.730760720121614,-0.5761469749919623,-0.2775953983720001,1.9759969573266392,-1.7286009384808896
24.057986636937372,-1.7600963456316272,0.9730465469047651,0.8198672695922498,0.6856508944029329,1.4610071271300087,0.4407939806107595,1.6147382728236783,-1.0861001644224637,1.2931493916104024,1.2000876120837018
24.810903762481672,-1.3181021569234606,-0.08127780806920448,-0.6308706719886157,-0.6781512979644111,0.5425130138795096,-1.7336174656004006,1.9342475711531457,-0.32009839139407203,1.9807352209631102,1.0539643792341615
69.97129868942567,-0.6494359481693133,-1.8493138071725332,-1.6580848720781964,-1.9074422745106556,0.36052603141305095,-1.5374401766514665,-1.190067034176928,-0.19150231769485027,1.6607946865255712,1.2180081178732043
35.04162823548271,-0.35587565649065,1.056682582576058,-0.9587419586126149,-0.07521928997433758,0.49731981549660276,0.5911627858659667,-0.007656561518549765,0.9221783986316652,0.6212980534864272,1.603045040312776
117.97681473974639,-1.036233306794652,-1.1140045869757795,-1.8474138748825273,0.3153112117362289,1.8556849528901518,1.2875521481941665,1.499401339846747,0.5621643545033348,0.6832585479833351,0.5683840467554435
-10.881670205092915,-0.273630125679023,1.8370299760445454,-0.2959706701620193,-1.7204214092037358,0.7301613588834734,0.8040740578547712,0.4675178074957893,-1.641608605004763,0.009829279279699232,0.7230665730316601
25.922814532647635,0.9704197941947501,-1.2646914075794728,1.0998373913504795,0.6926310305398538,1.0503177780551183,-1.3825425828687194,-0.9136756238908412,0.8703485688933847,-0.21406852837833545,1.5130374899310253
29.159455347552313,1.0958531739421011,1.1099162019516036,-0.9355637646016839,-0.8601809890094962,0.5657546695201598,0.8647205797953044,0.627972612329017,-1.855321750381267,1.1676979659225197,0.5200662023553688
31.899358167964863,-0.8619228690831031,-0.18018163160517764,1.8925770034468186,-0.7855347483755093,-0.7436815957982308,0.6090526989476106,-1.707637572782775,-0.6854014036648102,1.499402328127586,-0.6030000337877879
90.7050548811667,-1.7115324927753397,1.568665334875003,-1.614831320157741,0.7141828378206099,0.4948288072733167,-0.6729107704517907,1.3952618969569177,-1.416660203773418,1.1504582267798549,-0.019480817187444988
44.804946970281726,1.666170776875851,1.3665139739351773,-1.0828662207589144,-1.3927364865715792,0.19628278962739065,-1.5825328554964213,0.0386587516809076,-0.6397742868202028,1.784819590086073,-0.11288186091020114
97.19607483913333,-0.5905232639703173,-0.13041354278292827,-1.6942737595989414,-0.7991456592909567,1.2989817546429157,-0.4007177549494463,1.6845039526546088,-0.7069747856345696,-1.9563406497859424,-0.981137097310774
18.0660774810018,-0.7437786940843867,-0.8746592157344835,0.7901142186893528,1.193362268318988,-0.8906073208410268,1.6425597553347115,1.0763337050298483,-0.48102420094527254,-0.37924555486474754,-1.851001714535196
28.353792839543555,-0.4894350108040002,-0.0091123811572702,1.515607104786819,0.44957061135514653,0.6177646033137671,-0.6633214595177148,-0.5263224100758679,-0.826556941836178,-1.2576159718722169,-0.3978507824480415
41.90024967011175,0.2383358644780489,0.595728487055668,-0.9020321229179564,-0.6066014191457634,0.867658118179643,-0.5183433944048366,1.4450093965639117,0.8719176139763918,1.6706395671728966,-1.915232229690727
34.49580674754318,0.1540687944533241,-0.5048794583540772,-0.6296351439734216,0.8272798448020486,0.6241943774288639,0.06669206164626207,-0.706257674910808,0.2418103727987253,-1.79590192750983,0.7411926658311709
54.573019621886054,-1.0167496695913854,1.710473182334574,-0.9354488396944829,0.011416505669600951,1.1880137988274617,0.42420920014084373,1.1189152632069206,-0.09600831404517196,-1.3819305569556386,-0.1405882559910645
4.456069758329755,-0.5783788923864028,-0.9056738830848126,-0.044126212538768694,-1.8213263640949653,1.3551719132719464,-1.1250661093489263,-0.4072504173835232,1.0943687809621299,-0.22480980607057788,0.45102792926790825
88.91657793881403,-1.7336127070598568,1.7800010584074695,-1.4217114502960713,0.8329225725501757,0.8127814822092079,-1.0489460046176178,-1.7850782387916446,-1.8594698621473191,-0.19900279791672526,0.29928393815716436
2.15063519511461,0.6816929145346537,-1.1134435582342515,-0.6779235697155563,-1.062944548600039,-1.6204533230093792,-1.2752628285975312,0.9860755442712845,0.5231424870483434,1.7683998814107382,0.13803064361219208
10.652469662330688,1.4084244055933999,-0.7435386561294521,-0.4511802884848408,-0.9602257498848368,0.13637714621732622,0.007901699073892932,1.1617371192534236,-0.3547224430500888,1.0572185876941353,-0.6194113030928028
84.77368907060136,0.8222463391022892,-0.8772607495863927,-1.7143480541539349,-1.3103279638579144,1.497753231727394,-1.9695211175361056,-0.2681580039655884,0.2835706227634107,1.6447859433640724,0.8085438286277764
-17.640119133420068,-1.0476118649382613,0.792064956567438,0.5112516218693246,-1.36137773928094,0.21351577850768333,0.0928688205589201,0.3320140906601159,-0.5419945701053499,1.3626180185989951,1.9964163344672907
8.546150203919105,-0.010529941492626094,0.34291383790290864,0.8113081201894894,-0.06490505105642219,1.4740763926778175,-0.6495788746791624,0.8489827084996238,1.752718245091593,0.6423785354161811,-1.0510962359731737
87.23013795774196,0.13891731068372737,-1.5033895542836353,-1.7673669869424797,-1.7528447458425025,1.6079858318859248,-0.6100798760865538,-0.6052027606102719,0.42544176652348753,-0.6215918752629053,-0.5303081329103332
7.199911990730376,-0.95219740258822,-1.0154707280127164,1.2580930241558597,-0.5140671180780645,-0.03812365967172715,-1.2175390121002145,1.8376592646102425,-1.0472829718822,0.20598984110018703,-0.5960867208602028
12.865652926438306,0.06951571846969973,1.2506408521071886,0.6961039886967963,0.1915113468663434,1.496792068123491,-1.3618442329649714,-0.765793729994741,0.6936137319531142,0.9065722136614869,1.2513877859764908
102.73922696380467,1.0307583210129359,0.3612788820500463,-1.4507577030429912,1.2872009910011228,0.9101966187822468,-1.9960565318836334,0.37031668366809,1.4658024355342563,-0.7950156915842466,-1.3675055963075797
-5.3556229546954,-1.0665964432347192,-1.792060663728753,-0.3956763960324645,-0.9853880093053351,-1.7597971487528827,0.4093724710559532,-1.0399055747506147,0.23927174615944047,1.9730805598484409,0.5417540858296932
22.467183542088847,0.8207454387569872,0.8849108257579812,1.0126211264316494,0.593323556710776,0.7401181868822806,-1.361054028800322,-1.1542909452161463,1.3342419055665524,-1.720432435764074,1.12017881260279
17.742623087190054,0.4225232183251557,-1.304391202400677,-0.6839802836956204,0.3656084994181228,-0.815681675085731,-1.2024275724326259,0.6708805470630157,1.4403381741736259,-0.3252495461688216,0.20500629457856645
28.6753630412662,1.7149225910052266,1.8057083534795413,-0.7044585134056973,1.0776810349189558,-1.625188759077981,0.5698217730611805,-1.181776246000696,-1.8788883015273075,-0.09877092066099591,-0.21241168663577303
12.760837410998596,0.3938566797725471,0.44470683495370356,0.7828205604394949,1.2924790357723497,-1.3985451316771393,-1.6935557266076318,0.36718499466559207,0.25774495676398734,1.7086959642115915,1.1692247125165998
76.0357112298806,-0.21303884852346933,-1.7882382831746018,-1.2647471292121448,0.5606337365569609,-0.23322963084956205,0.46438285631935594,1.3646202875545885,-0.9472196323397828,0.5103337680187283,1.0011784717109777
33.36043541546468,0.8922031453182329,0.6284150411620564,0.08906684693812617,1.390576784606258,1.2516925784557529,0.14609632461972133,-1.9435011716651194,-0.8068763274076272,-1.0220415969439922,-1.8345128399485717
125.92537498691837,1.6661487403617126,0.6158517139992075,-1.942617103441278,0.3026343311736652,0.8781040089765138,0.7503721735680178,1.4666337308075792,-1.038866479062733,1.3490842400688732,1.771382921358736
8.674490452917489,0.03741579686293495,1.9043404089601252,0.36472125175459835,0.5299180921821756,0.1578978273444651,0.8458465417296397,-1.4185041345317293,-1.9437760531861414,-0.5948751859948547,0.20887454215395085
51.584442233924705,0.4896170885562565,-1.3695363957624545,-1.446976661835647,-1.7757736172137535,0.4252906178641971,1.9527549187752733,-1.089073349776696,0.05278496124261167,-1.569851593345101,0.1108255538488554
8.218897500535697,-0.696497182204098,-0.6033000082456002,0.8122964493186746,0.6318936103559363,-1.947597405398926,0.9363712401098248,1.1394650875062462,0.24699990314214082,-1.2784738799754884,-0.04383232546047999
72.31731077013768,1.1706480532008903,0.42212176065423934,1.9631564910996087,0.9885919897733393,1.9233075632726968,0.7731519600052841,-0.08854490021516925,-0.9942213239905686,1.5741394050250221,-1.9013049457945157
12.269800603239855,-1.0840343387465121,1.981318797989191,1.4587486104482221,-0.043736608307852975,-0.23962028635489574,-0.4742224913025934,-0.03874585225391769,0.5903601908612344,-1.333139149674658,-0.1825851756389354
28.79795298021555,0.5119906054188905,-1.8518999095873996,-0.6258825763643427,1.1710854871028906,-1.3287155230855023,-0.7640376424899973,-0.38425346658819315,-0.9229858817174565,0.20213070315898207,-1.1037391698107832
55.029469262214334,-1.330812698357033,0.3452926342135152,-1.4489028318248942,-0.5642974188886924,-1.0745512923800273,0.7314128968212752,0.6780902353445004,-0.15751538013796873,-0.5467147534213299,-1.367255075052543
3.424441964616303,-1.653950914107293,-1.6765357159415855,-0.5972749118130145,-1.8527529112070487,-1.7345188293654878,1.9887312750942416,0.12340657256158538,-1.2280214736646493,1.623719228901245,1.9203402368618856
74.86096646054374,-0.7511867159342853,0.9462634582823615,-1.6513860505646147,-1.3053142490926262,0.6461189084756707,0.5686488623826738,-0.13275882702509634,-1.6065274343990996,1.3736602952529227,-0.2098318861920414
18.515704568459554,-1.8454478053480745,-1.5382617239718734,-0.49247192703027665,-0.007988928374338844,-1.1910914404861237,1.1824588219080354,-0.022928718642743817,-1.369310360928878,1.4637045666040795,0.46586620313270544
51.086296171493345,-1.9814953652420288,-1.9274151178754422,-1.457309719770819,-1.412422045895886,-1.2060577552579699,-0.45241589773189883,1.2715625150643515,-0.06690180383460476,0.13599846451397557,-1.883351122152408
4.947492702300268,-0.2871114911387376,1.1284632429036656,-0.19394609458415335,-0.2557101124321983,1.276645723541503,-1.5500311558050743,1.9599838022270388,-0.26487917689644513,-0.28722482215731215,1.4745987534689844
86.148038739232,0.2513562727652987,-1.2081907170079886,-1.7975662270195216,-1.1546883242648676,0.05528147484502144,-0.1465256382739284,-1.208824415696037,-0.433140150431933,-0.4154614238224732,-0.33257161178865147
34.891924799008365,-1.4541706348867454,-0.34168981571546864,1.8413884302787014,-1.7096595715784955,1.2005087832245405,1.033114886411295,1.5432424690929212,-0.8963134203563969,-1.5999743302239287,-1.085901133699985
19.37828124154209,-1.0344725403769641,0.8190742772977249,1.7854825482563097,0.04172529214008369,-1.8946470348345859,-1.736790836122251,-0.4457481078842318,-1.4642253796129578,0.9585571169360745,-1.109548113225828
65.56897734327016,1.3278747485941285,-1.288524198207912,-1.5001114543797547,-1.6825338654025237,-1.0993761939294338,-0.23434250039851356,-1.975790639393018,1.6020102344595935,1.806791735431628,0.05502380188418998
-7.189851357415988,-0.9573857424414043,0.4764106202145637,-0.040257827152970105,0.09589828152229751,-0.816264038996716,0.7185139205126752,0.21570080141403158,-1.934206753621547,1.2607569766331088,-0.5438138745571361
39.014504867954265,1.2297260346071623,0.22416277715210153,-0.6640563091150509,0.14178049543243887,0.5757346342266505,0.9683781509024514,-0.22811119018536452,0.021820478569996915,-0.26279879305537435,1.3039636640858019
-5.21625440405917,0.009469504237867632,-0.8047087128375416,0.34148157776845256,-0.4667584072973532,-0.16237191812497365,-1.5101115611595999,1.4465768745198986,1.5524113787943223,-0.6249405485545241,1.0539328635867449
-12.698356348094977,-0.32704633481049816,1.0399600229623034,1.4256147621987307,-1.3469884789599118,-1.5197833746060727,-1.1783481874056707,0.7355867165076986,-0.7494893142381516,-1.9979204533864934,-1.5508804365131224
-11.404220232202816,-0.7166176327842964,1.2831182534007963,0.8468176935176981,-0.8826814458605443,-0.4962205741394321,-1.481504014595735,0.1995194502360662,-0.09149958894419674,0.8088692087008296,-0.31256794526881926
13.282646000710734,-0.4216594173225734,1.1325711549156705,0.39658393032421113,1.4400972416392275,1.72858705333641,-1.330954587990815,1.599407987812695,0.23058684937523477,1.7545352874957847,-1.484192423980673
4.346553862050676,1.7875441675820287,-1.7348494699623997,-0.007575753563362486,-0.11777149359145511,-0.5504020244300492,0.8087186698030386,0.5096236002473602,-1.9385340312350539,0.26656140868869116,1.8615390445267508
95.68554958698722,-1.3839300920546718,-1.2763246948500444,-1.7117750083722774,-0.5206681660417489,1.950417945445858,-0.7180633264342262,-0.04408476887127799,1.8005575753252159,0.7234632233868261,1.0164738315380841
23.47264942250273,-0.8168782657187701,1.5942241952549665,0.22997226954848893,1.4108160793107252,-0.045200943964195606,-1.0080495531170572,-0.23353309089683627,0.7333131140161409,1.3534800553008814,0.010846783526908155
17.400498959222734,-1.8654070899896036,-1.8038115212287402,-0.22202256797526854,0.8291780233967416,1.558877263596556,0.6565423242717037,1.8221094699650209,1.1309791269751628,-1.0874703498260367,-1.2126960585955247
4.489198227326538,0.7123107864409444,-1.6933554407590008,-0.12452119580103505,-1.1297745662067809,0.3904438179692491,0.8360585477600506,-1.6536954951282454,0.8088830602295949,-1.8229806178889292,-0.8217971504496102
75.41939884448979,-1.4518946517460192,-0.8012594119108187,-1.452066113850766,-0.1460420022856641,1.1155826129078719,0.889325726986137,-0.18896228125445358,-1.5363808960463912,0.7944314992158543,0.3573308468559149
87.40651963756719,-1.3350363233977238,-0.6032361235781862,-1.7159975209445242,-1.8862278239857178,0.4629284665604829,-0.06495008869900554,1.4732277343079319,-1.7702065709199628,-1.6969500391866466,-1.5082690431121981
-22.73151040973143,-0.3677594318218218,1.2313384974126702,1.1728732602207876,-1.809208284469999,-0.7608331237481716,-0.358245454627359,-0.4514063103769028,0.15132745154201732,-0.1024742017241671,-1.5031342712947704
28.916920501644867,0.8160840913956768,-1.6213730463777871,-0.9204838089105474,-1.439564360682538,-1.1078509207515097,-1.6737750008756702,1.3517587615216158,1.757351677203793,-0.29673556946293767,-1.1063125495628028
23.4367290754737,0.10741669608776094,1.7741475823689146,-0.5180656623018263,-0.03541393112044089,-0.5148001077602293,-1.5062093646214625,0.7909555773655228,0.6607738002532897,-1.805879806689271,1.6133682681070542
13.630558473501292,-0.4725207709770509,-0.05071687222250976,0.41438429402184607,0.5978403321943939,1.3506779165980816,1.1974390843095053,-1.7071151431009501,1.9976278326543282,-1.9719875417243644,1.2414322131292037
44.15165031245519,1.9947549978467682,1.1612225030494172,1.371053190646136,1.2420716935819467,1.634980329307302,-1.7398593436071983,-0.11159951096994103,1.6345625155637777,0.3209384787171454,0.27110612988883886
60.765541258204244,0.7199269325042654,-1.459317707892291,-1.272922802700538,-1.1642603996128984,1.5920029655940384,0.024535340906274072,1.319685246016736,0.8441907015778396,-1.1248506139454295,-0.16169248613513387
77.86099688306,-0.8129689880148883,-0.7725886230872021,-1.2527484751938363,0.1159651045285055,1.211519448241098,0.3543428447882433,0.6367451325168374,1.4391315333267745,0.2101077441229271,-1.773240060317323
-9.46744149579172,1.7858834936479218,-1.5192086549595745,-0.2427845925229728,-1.7245199189369735,0.9168172212859642,-1.9168346749066552,-0.4173985234621522,-1.7889460078584283,0.1287916365280095,-0.5518235831419784
-15.280785009597592,0.4017238897958224,-1.3412161196145238,1.2672575149185068,-1.5403068764954364,-0.34511823246632467,-0.7663950046533579,1.142668103042375,-1.3872285851203654,1.4618883237407148,1.8134409956525852
-4.381529674682239,0.9708939108880177,-0.8931830787958623,-0.4287481472098533,-1.3140402994658866,-0.8880266474282426,0.2437646123949646,1.5883673834819683,1.5954057923903182,-1.444177315052725,1.3117377709094717
86.60671277429498,-1.9952816831366613,1.9990959485780517,-1.4920931326150781,1.2399455202197323,-1.1028999660785024,-0.3212746030929736,1.2238846462551063,0.9717127007055817,-1.3913524572641074,1.1324681296073917
44.15390687209347,-1.5237605872494515,-1.9337910903981426,-1.125735192401764,-1.8316474031386294,1.5882806608313147,1.409560624048114,-0.7163375535190513,-0.5304652970510939,-0.16227781181951828,0.7728183537960764
129.54911539304018,0.9821280534685224,-0.8467201811304315,-1.984130920653778,0.3475514751858353,1.5405783126580865,1.8084060720687138,1.571966065777748,-0.7028444302569761,-1.959407201564955,1.027034522466935
-0.16523740140223575,0.4325428720532005,1.8307547525495176,1.2862986397971357,-1.9223563604319658,0.12214346765756146,-1.5763213640342948,1.5057669808634602,-1.101319219916285,-1.402079992100906,-0.3160908654468342
-2.4552660626519063,-0.8098221938840613,-1.2445644733546808,0.3959678577728347,0.24401328462702576,-0.9728896356865917,-0.41178248758291813,1.2908204022443526,-0.49284138660405175,-1.1572334542384932,0.2337850076362855
-9.020855946618703,-0.8127917020966287,0.7633650574821607,1.4299703312678336,-1.0699106481170833,-1.265234643718693,-0.004091393215789996,0.9056274502381285,-1.94581320443737,0.03661083364397655,-1.1655109230915972
80.59024887069852,0.21335554657035916,0.036314674747726094,-1.6769865871939502,-1.6619873994908247,0.4362652511537859,1.4083959921456586,0.1538807354668501,-1.4613530227825717,-0.27419539449895725,-1.945241486714047
-4.439811836736335,1.0817093377673572,1.5257798123565394,1.2813392485114878,-1.347117574322291,1.1450355629196887,-0.5054622814050549,1.574792140844373,0.5293926972555032,-1.868321466333616,1.6605152321486694
51.681330872899856,1.0475209707877395,1.744896915064162,-1.3063286343799554,-0.18830677200078316,-1.3085431301254848,0.013333771473072353,-1.3268345863746944,-1.7363402096703098,-1.3898056264398337,-1.1820909250225289
-13.725104655599429,1.3900862828268705,1.1784128600588009,-0.38539970811391866,-1.0946848194311247,-1.8766653054404157,1.215625740497634,1.3686781538490536,0.4580580073803677,-0.7485474947011945,-0.47693947021673333
17.85518932615624,0.28006981452645174,-0.12711279265748177,1.088500526271131,1.012247500449741,0.3844296101171336,0.6053815085683203,-1.0520819462007727,-1.2813881277168737,-1.9246942188524345,-0.7497626923456293
74.56517925616359,-0.007096241484178645,-1.3408492874559164,-1.63942783018878,-1.583776399093265,-0.28779265746182414,0.6046194978315285,0.7618016722940406,1.007791987439222,0.6546070891700548,-0.6536732843351007
9.44999780411578,1.9486874820878488,-0.04726119595317124,1.4430889117517163,-0.2560395938413582,-0.5849635333326848,1.3669070964395158,1.212425249641122,0.17017188445579468,0.07764919497390466,-0.1809910555652552
33.3161442030905,-0.30207963534666815,-0.21627519749691482,0.8308709059607842,1.9557948213753567,1.906117879424269,-0.6058728862447702,-1.8551144005074844,1.6259387492897748,1.0995872391505044,1.0278804397973227
3.835346336524455,-0.555703957757959,1.4032881909493407,0.28950523727677835,0.20493389142328233,1.455723342375756,1.3608784112305852,-0.6140029411514378,-1.3063590630218793,-0.7524259185906388,-1.7331265038978012
28.8296215119355,1.7333754757597473,-0.4290804281657965,1.1019711850554157,1.8817826400055466,1.9945563617004591,-0.5883721377519198,-0.012523797987744612,0.4933029759849674,-0.9453789137868953,-1.591208125091399
44.87438099057644,-0.1664679585963711,-1.9340734322525637,1.9510385918317827,0.17669336332225383,-1.4957892228454597,0.4456227866984519,-0.074928085516198,0.9686854404775995,1.4276943901045707,-1.4165142051613184
-32.927406505402786,-1.1974019058678045,-1.2878798756457028,0.2150179645732968,-1.9302671807008775,-1.0672816175935367,0.5372079176681064,-0.20436593363447697,0.3472044683359057,1.5990755433856765,-0.2857526231880998
20.742788971918092,-1.9377608387537877,-0.42196825184568665,-0.1776131709080384,1.4466207428251474,-1.6652889444679624,-0.6944046840056552,-0.6373793742550307,1.1027649068896306,-1.9545966351830382,-0.7593419844048941
31.65306445782135,0.8147052972994429,-1.57754319478689,0.7406762414296875,1.4197818264141278,1.6975740801966848,0.7582245312743745,-1.0041137798933963,-0.27528270276412936,-1.2696277596562147,1.4827783621707677
35.4429921740442,-1.1749406858727642,1.2301988189538524,1.8645804754540483,-0.3560838129514141,-1.6182140513031005,-1.032885588808973,1.8884848548552626,1.9744864797178958,1.280838455368321,0.21021312278220616
45.84513174171442,-0.5797243568138764,1.6174730967639386,-1.1939269378060007,-0.8480846424958828,-0.22333960875525438,1.8606744510363167,-0.8903052202864314,0.5778675391501347,1.7989639030920994,0.5311350031375812
100.31695239108987,-1.1095539789375737,1.7206088039940384,-1.8701397387573446,-1.3153062227769596,-0.33960660064296855,0.6588850082838364,-0.7309712264526889,1.1312186692441961,-0.07076904503158943,1.7497861905126597
27.66383069313956,1.3675504663988591,-0.1607206586494483,-0.5836231454834033,1.9137188865608166,-1.7177795916627927,1.7252889305895258,0.184492338549604,-0.8589785528523204,1.1349394461313018,0.6145452224232462
-3.197953833647828,-1.8118748633353507,1.7936139000339888,0.24419928229702048,-1.859194516946209,1.4037200159162198,-1.4558926621565997,-1.4189923464523777,-1.8559160342369956,-0.043374683035131145,-0.63413328223315
26.3725025764897,0.4562220682629339,1.5327007448161614,1.2154013855464192,1.644452409892847,-1.6823932334519922,-1.1458122775451618,1.6064621146635925,1.0669889283980738,-1.7696444292746403,-1.5071734413335518
79.85864015803602,1.7890916672401218,0.6401188981531138,-1.689189570204137,-0.9487128343607041,-0.4198664961841372,-1.7768152354488533,0.36205868958534104,0.837978145578405,0.7640657097580856,0.7932545966348861
87.25978537896547,-0.2944697146537685,-0.9571166182198176,-1.3710247475214627,0.5322512168953524,0.8361428357175495,0.6881341349665298,-1.73605970867379,0.2777898891868644,-1.1372412497479112,-1.4801049729629856
56.02247002154391,-1.2465500563820422,0.3276784402515438,-1.0386197956300807,1.7114239341821085,0.2301214958496156,0.5858990238715722,-0.9126175197399689,0.5472051993510392,1.3219120926648458,-0.6347613464330153
28.358639070866424,0.11768329651416876,0.18676607335627615,-0.784637919834529,-0.8747222861023483,0.6820040773747791,0.10161509748629838,0.6149389431175698,-1.1358616235346832,-0.9466221446983032,1.178574729398996
82.23839903127408,-0.07093265892069756,-1.2752802654684197,-1.7144609469716152,-1.9680455403471018,0.207670522320341,0.9690492242655941,0.8540075798108848,1.51778289527994,1.5664742446164936,-1.0329552353110585
-0.9707178005761556,-1.0309214915503904,-1.0131822239231938,0.07862823899090143,-0.1357954819844167,-0.35400688294000426,-1.550110171561185,0.5316574032126566,0.898382885109509,-0.7404324272463407,0.4117181007906612
-4.799962766750344,-0.19131868413489528,0.4155641766175666,-0.24271074063619436,-1.6097047748736668,0.5473078942547915,0.027324854393380615,-1.8853799567960654,0.5176205612012743,1.0166486435462376,1.8492640286854867
29.218788585927342,-0.43555113340605,-0.4024233522516534,1.543844506320868,0.754178424556982,-1.0695196127800868,0.8473276206162477,-1.9221051734916235,-1.5230626007718744,-0.07940943306952164,-0.4409846342858299
29.06256417669739,0.9259168607455397,1.8363292762771999,1.634020176292137,1.4732333213478128,-0.6609920358001866,-0.8366146349300432,0.9056603711158275,1.6034989177076548,-0.5018952500615974,-1.9620460924492718
22.622038173953186,-1.2274163169984842,-1.5214985360719333,1.4596649370888626,0.6433614550518469,0.36247504550722054,-0.3373299009497943,-0.723433599438652,0.6059071017771869,-0.10546147673272044,0.09983610001417142
2.4788796891250873,0.09457526505792568,-1.771255048388817,0.6967029928308857,0.5960839731655518,0.15346269235103316,0.466533502013633,1.2281794016621932,0.4092732319414436,0.6772223690092862,-1.2412493980237551
2.3645289828364793,1.7563475445496501,1.031079621104825,0.03197989326978368,-0.011363071031455618,0.7387680252813662,0.3674583938388212,-1.4383775308222049,-0.8480161899841305,-0.9729870777265743,-0.9883547501337842
4.747135622142344,0.102184302993237,-0.030105499603711117,0.08928491670032557,-0.6036996827771506,1.5014076930957785,-1.247101506255886,-1.151227069834576,-1.6068913898076826,-0.7658088688027589,1.4093856544450962
43.03555011926563,0.773203342244603,-1.9130030332821026,-0.6468186750287206,0.1539057382014164,1.0428192332880357,-1.429418767888972,-1.3132772793178011,0.4237898334176289,-0.05271492524874599,-0.515927752074266
-19.63011863407245,1.6986531501737372,-1.23046336060552,0.373647263419711,-0.7496745003886032,-1.9317654379778766,-1.200898558322792,1.6166117346644793,1.0178653301760705,-0.47511755001753997,1.046296927972707
29.071725935127986,-0.830836073898126,1.6881607954472382,0.36753273406690257,1.1978120274010347,1.4414617199539546,1.9192485037800853,1.6888173238248125,0.054543366275235705,0.5645103372651148,0.18038555575373527
15.465339820471886,0.016045974467698176,0.6424114932787961,-0.140219742412111,0.9562383890040675,-0.5236905864738084,-0.8234477702765921,1.2383417569297355,-0.836257154960022,-1.7313372601933188,-0.562405697273467
57.85212208677167,0.6742578388104605,1.8099194626321107,-1.2891103583343924,-0.6323725146754908,1.3080591424506065,-0.10787233133576413,1.6482294229985697,-0.5334498151518243,0.10554420188033298,-1.6478842903327537
37.4166782666043,-1.6377313954350599,1.1472038688045512,1.5642122159142553,0.37333225750826493,1.4632951607033906,-0.6889680381030536,1.5462370422372813,-1.8022458577299267,-0.6103975818332819,-0.9251392010822999
-24.92206425714807,1.364054331897143,-0.7209587357615397,0.30178776334266955,-1.9040637864533663,-1.2293527407433196,0.6493078706404529,1.7102952354965866,1.2121437690153627,-0.9936132939258471,1.1483362326690152
100.03268342343297,-0.7089389130701154,-1.5347397829324092,-1.8346129507056141,-0.5925990914508095,-0.06380962294076697,1.747926516312699,-0.4150255574046575,1.4965262265306492,1.9289416116502474,-1.283288864245463
19.548922622684323,1.801895898381006,-1.060274692258035,0.8271773326161673,0.5317267271236474,1.8632142522743824,1.8227182729873626,0.9911847386426369,1.0350624519003264,1.323684037581685,-0.0638084295521244
73.28465374255966,0.5676700988658925,0.7899642505056117,-1.2101528905094967,-0.3362240374179857,1.657068485773625,1.7086291858366254,1.6321523640667213,-1.730251347695881,-0.6457285922481821,-0.13725891781395783
44.760200463826905,0.9692552594025017,-0.8234529905946797,-0.6720309973985441,1.4254829883390046,1.791472147778534,1.3928765576248257,1.91870965184618,-1.1493698907241483,-0.8998316822839865,0.787917638951062
90.86532232758417,0.10706729598070419,-0.028026300040545404,-1.6025914347578314,-0.3841645277313397,1.2766842308280006,0.8078882834124461,1.448294063419977,-0.6700398980712756,-1.55075385093647,-1.6143821833878143
28.518386948047162,0.5646014795670466,-1.5749958874561911,-0.421098949584803,1.143180373176008,0.7055607795171648,-1.0949863099171235,-0.20296618326112226,-1.7396401160925334,1.236326939940986,0.9176954165231401
67.15395337568036,1.0721696614137963,1.7671098666622131,-1.5174666296773016,-0.22077440351576927,-1.7583819416517148,-0.3940960723398579,-0.7527770742698143,1.152431597054254,-0.7475010838132516,1.0252586252869618
78.10773497618551,-0.26598923387912077,-1.300592253580358,-1.4962598073309907,-1.5286582512372076,0.9683530495724622,0.27694259823592304,1.9916856307594948,1.0581477187095096,0.05468044111258363,-0.21052743319029021
35.114519196087336,-0.06647888321554785,0.45691573468158575,-0.6596830246263394,1.2861601122718316,-0.7383114729839901,1.6880691325288395,0.076489368226615,1.9380419904248911,-1.695545722029062,1.0753782404861836
0.13237184887942988,-1.951664786197023,-0.9599224608712444,0.6448069696146663,-0.22946356966793546,1.175898800311319,-1.125971018668403,-0.5431632691638777,-0.4596683789584084,1.2554209087266925,1.1307422365085738
126.54684235756588,1.288153150915083,-1.3246697791035724,-1.740083185142363,0.9958080483642306,1.651704191319273,-0.34916029176546015,1.6601276074131088,0.515056036716794,-1.772033350430016,-1.4750590092064746
53.29768197652106,1.0521053675848258,-1.2035809088451268,-1.0298523593966569,-0.5382582216105205,0.8895383071716245,-1.2092810150226287,1.7757324168835216,-0.32129470373981484,1.195409832206428,0.037549598668514594
26.77572098180999,-1.3660803745673262,1.1265873963927961,0.9288019316556184,1.0628717650884267,0.5089160383732052,-0.09677264635244764,1.3529962731016605,-1.5989832792259144,-1.5694213987707806,0.09950054021069565
20.934012815911135,-1.3283204926454362,-1.436122524305862,1.4978625297572123,0.8461281641537157,-0.9161116820239732,-0.3090146127895257,0.3744365914866341,0.951915420992536,-0.7134323751813691,0.3234319229575684
-4.211098206351649,-0.3449819294817975,0.7712164733954712,1.196307492177513,-0.16151965267411938,-0.9748383874916708,0.13950113418407284,-0.7644097546840327,-1.5004280093855118,1.4125752229141226,1.392830892686439
27.11045028984376,1.5477757057894266,0.7221655983669022,-1.0121470225488776,-1.4853020712115401,-0.030571694654303982,-1.8271217754243527,1.6746250481526088,-1.3797601895902276,1.0323651172977253,0.14986842040829718
9.94251315039204,0.8263133673086172,0.5272864238771398,0.7080788266792584,0.5251035863535138,-1.194229341068933,0.8765243455747354,1.4207528120562003,-0.13671306920598525,-1.1970755553094654,-0.3131542234344855
74.69671949882532,-0.006374343583721576,1.7392966401793206,-1.1000758562032655,1.5034850103060955,1.761049698822323,0.4710803848229106,-0.36094912922829225,1.0267186235923926,1.2937774172562424,1.8372493613393228
94.5769229891875,0.5797144571606676,0.5563592436254363,-1.7405984073706215,-1.7173794545165904,0.5719001166121003,1.3930109279453786,1.5335944011746063,1.193096013144555,0.9177097670719978,0.6348051542355404
39.275141283195296,0.6908622826712234,1.974382101392643,1.6742558744341802,1.6682576703768461,0.8232854366923839,-0.5406200733659046,-0.6958377429894034,1.244597197659473,1.5758556822606637,-0.2786377886880018
16.20152025120841,-0.1523282556146146,0.9342595283794237,1.7196704450117624,-0.3303078159960111,-1.1847720820389371,1.485092280624667,0.4590749923342683,1.4897212134107334,-0.7751113233755769,-0.3845426778275134
3.788627769990554,1.7608969229982687,0.12867844432428654,0.11103640895420552,-1.3294293340038745,1.5049394937102418,-0.7451054688380698,1.4455710114335871,-0.5293134193442097,-1.509236503137123,-0.07916740415314427
-22.68889835830896,-1.0037823101862453,0.4846008613940387,0.13438661888175885,-1.7773663611903028,0.48044432080302757,1.7959277317076818,0.1404232405286252,-1.4658479224505854,-1.3938524778077968,-0.489552434975276
-16.126818746914342,1.2245355616403386,-0.6113093289613332,0.7042781017904738,-1.751312429927995,1.5308954763588316,0.1040884420417103,-1.8301691679650371,-0.14960485003099588,-0.671127619386271,1.5241984120804486
33.426394278799904,0.2004654415813012,1.3360178358377781,1.9647521965926056,-1.9994060638371067,0.6109435490179034,-0.5722040716741912,-0.9376286417403299,-0.8815699645933233,1.3625353957978747,-0.4813354426429064
8.71234617508135,-1.10224086257056,-0.533429834521908,0.9697835293165253,-1.5274428887425882,1.990458817029657,1.6277558410320734,0.028936784100926705,1.428755517574296,-1.1548034263241012,-0.03737185398038623
-19.33107309416137,-1.7436857321067323,-0.6288503247890063,0.2328426212549215,-1.477876115060282,-0.5987684494932988,1.005522094933549,0.5308767412015918,-0.9460761777141391,0.6561178594881611,0.327870484980171
-20.72521397762859,-0.49319556838494716,-0.39515191586763665,0.6075945205662601,-1.743662987286564,-1.8534535831322496,0.11019585753757388,-0.8380749695208465,-0.08986404506745638,0.1137463366703475,1.0401590711665194
47.07826525602984,-1.286042806650046,1.2336963602150952,-0.9279393463774817,0.01632420178462546,-0.699499275638408,-0.5281198611182232,1.651099463554833,-1.7725256728431167,-0.5890995461442876,0.8954198094922248
31.81360874756925,-0.24891839219481238,-0.8350378942125158,-0.34752243671302097,0.9451903109519848,0.38402047177873033,1.251282039636652,-0.08416341573524333,-1.5298247917580947,1.0859438341458132,-0.31792720904084293
108.86047601162059,-0.9077533328161671,0.8819865896439265,-1.7847887319832023,0.5794379746292493,0.904565846320688,-0.3680207599273313,0.7838511294102277,0.18596210301042415,-0.34506057482119346,1.3474752497177929
-14.448012909760896,0.2983709695210024,-1.1421905310615155,0.49066243141372823,-0.6015876579068147,0.06824279589227755,-1.5009813613786482,1.338810053361521,0.780548071486697,1.8537483074285817,-0.19347656749019082
95.65271698541231,1.5712910563000233,1.0721491856821075,-1.9047843246032539,-1.637697496887014,0.9467798556385048,-1.8224068538614144,1.7524988605243492,-1.813916550905113,-0.296221454129582,1.9715602399023995
13.571753668095152,-1.2263001301970244,0.7670333465401353,-0.5938557885560662,-0.28870236044970277,-1.1233484963548386,1.4114040761882145,0.9869950864495682,1.1277764108374795,-0.10671766955519102,1.6658066350363945
33.17363789731304,1.0391039631301227,1.12464136866451,-0.6153128246015394,1.7776909160733378,-0.8857388483688564,0.5782503624693218,-1.9570755145945533,1.5238918201333407,0.55131201274714,-1.0472503783410927
41.55660972373151,-1.7232080982587328,1.567498956319247,-1.1672181481225286,-1.1761602060157608,1.1590389911612724,1.4292987076574741,-1.7176907273258126,-1.5719936311528375,0.21108901540915737,-0.7468428455780773
30.261802877467247,-0.9482954155943362,-1.5076528386900647,1.5186639392164305,0.9716831015094614,1.9097113338181768,0.9414580796400491,0.18085148760338488,1.1952030432517637,0.06613363072976064,1.2094883976212567
38.63031426073027,1.272359381385522,0.3055268088084757,-0.804289619769615,-1.473015458080221,1.9883432540506334,0.8973207080798198,1.3609937778747194,0.16718696515856823,-0.5157251954316235,1.1558014855725038
-2.6063939579621636,1.2416955146144915,-1.527495924140144,0.7294271466400692,-0.5080619209205266,-0.35351262179857734,-1.5847017501399798,1.792270822212536,-1.4940923274818707,-0.2243849737312118,1.513441178008407
10.01159839394563,0.7587767034344819,1.0631936571081648,-0.2638155515714491,-1.4338829358120821,1.395310757765388,1.8379721593425873,-0.056313651427361666,-0.69913867049913,-0.44960255229021406,-1.377973641321724
-13.240403816191792,-1.8683437908403535,1.2409302178399622,0.9968492674619696,-0.5957536553787546,-0.7604765211048314,1.517406671402691,0.7192056637288773,-1.7502778182515555,-1.5034192359827587,-0.9624394975050561
9.222003706009414,-0.4288867219827508,1.6270091958601176,-0.8389172173420403,-1.2514846117039768,-1.197316715935739,-1.0714892057570733,0.8966717424616224,1.6030659565911969,1.1847572740142804,-1.1811063156864279
6.6467268892271,-1.768559389834241,1.323542352912129,0.05466106064575316,1.8566150401102597,-1.4222731303803182,1.792260093558724,1.9363071604828122,1.9560294769189746,-0.9070954177406878,-0.7944262351828852
39.58730201245268,-0.6814872923532174,0.4840163644098441,1.698627493212768,1.6596215987668557,0.5723930438461018,0.4994954353846963,0.12101677725898696,-1.2738603159341397,0.7467897964066608,-1.7288705915297378
108.66629692153649,1.2422849975780017,0.32219600230190304,-1.7013494509823635,-0.14060308170488556,0.7280921427847891,1.41762352109127,-0.08119222553135685,-0.10631031821072945,0.0061210857926559115,-0.6201937106206574
5.665403180863164,1.2585699258371448,0.30694940746416854,1.1679844536610609,-0.7847718465209104,-0.9559862638726222,-1.8939241617655371,-1.9638076502144792,-1.952544083528259,-0.5161217513942775,-0.6923479583999224
-16.619722350456865,-0.07432803542802935,-0.7072526047867638,1.0722074712915517,-1.9608429994830812,-1.0407434937046198,-0.7314127965728865,-1.5172604624133355,-1.0232160495660354,-1.4490305346922332,-0.41159038622681
6.05404852011599,1.4920697374338845,-1.4161515484886182,-0.4430128208085393,-1.4290322483674633,1.2069437085420338,0.6587555646721577,-1.5990825953004038,-1.7560188893581778,0.8953240110027982,0.30061570978671215
-13.413497372180293,0.5529024105504914,-1.9211375957313286,0.6290542240285677,-1.755652706425752,0.373644324043116,0.8922300115223227,0.33735007822853147,-0.5302810064471175,0.44288701253630824,1.864155027316222
85.95634136009127,-1.9280809784896444,-1.4664326618885717,-1.2478358957895348,1.6897793707799713,0.5598831789543111,1.8549956718679579,0.39908016590871576,-1.0736074725457385,-0.6444387616933578,0.461045710675855
133.28074213983288,-1.7551743573812257,-1.4913837456063943,-1.8396531896813637,1.5848129985689776,-0.2743496290500733,-0.22657257206372972,-0.4388182654558088,1.2977047592195103,-1.7771279570728113,-0.7598454603919054
27.188906426056427,-0.28548337997981177,-1.8985071161459905,0.030808094806410224,1.7426487426712924,-0.9107020615894776,0.5049832005781614,0.17605671982549698,-0.44344929201284655,-0.3444357496966548,-0.8949074871402654
39.23562076491288,-1.9657867491723762,-0.33711667336576534,1.3240636174851668,0.8515911975856589,1.6832391557193498,-1.4321377526499317,1.994214143988036,0.2661472000743714,1.7769851625285082,0.3189733166078428
87.07898821341843,0.4861218304516739,0.5229696898020189,-1.5017095041263437,0.7183903919423926,-1.48121520515113,-1.9524115887129456,0.5928692452975031,0.6506565295166311,0.11865097642351197,1.056803935699537
46.4801972080038,-1.4634392925546855,-0.056536694924731457,-1.4029545484765684,-1.9697570421022363,-1.7634147097222237,0.18212069567454447,-1.882780675260347,1.9338422452105841,-0.02210411403718826,0.09596798910629722
11.591937479571857,0.6965820968378327,-1.0698627435764108,0.5644744507531962,1.3721999971490146,0.9925308053151563,1.1387610514723607,1.7262051023766007,-0.8074504308287933,-0.8416563303228806,1.924729417678162
4.465880884684321,0.146353858104328,1.4759411014692612,1.3186604301806182,-0.6967726639240457,-1.649528137296668,0.3390513370431112,-1.901437132496445,-1.6531532247214056,-0.33251372390140777,-0.5760317583921699
32.601326650552764,1.139989233153456,-0.4427449993524677,-0.5875297265714754,1.235734465094589,1.3176924777921712,1.1935762455801542,1.2501137951469712,-0.34098641630767723,-1.044009773205162,-1.9153188295746664
6.4088682787542215,-0.07350688822799611,0.602976538569846,0.7699892125281522,0.5683074432445281,0.1311721778595616,1.8432161872384452,1.196345017201089,0.4240199171369814,0.14043488590724307,-1.3856998186227782
28.983736729235467,1.6052144000915738,0.2041975585625151,0.8636565634819142,1.1442423828886423,1.2649336150246113,1.4052786713949996,1.5160903911353554,1.1551897875456465,1.197585104410115,0.024188116999961373
-4.989892499248553,-0.022091474924573085,0.7668879390993641,0.027943471586619584,-0.19308898047123435,-1.3967525025306071,0.5314928057477593,0.8749185880323118,-1.2502077670074332,0.8699921168735938,1.7733146735198915
15.652779790945768,0.6204013554416994,1.9777641516682398,0.20640362257216838,1.2898058498840759,1.5146107920640204,1.8402213571590593,-1.7561451220391482,-0.757608723139656,1.3977138706722032,0.3469846111623145
-8.574541815221917,-0.20532684438150994,1.992773091268916,1.3254354172737695,-0.5385809191379369,-1.4439954795059875,0.7757619412202978,-0.780591176465562,0.7139844835087521,-1.508293934741284,-1.6787033410369485
55.390261673243266,1.5678556027440411,1.8298046432299415,-0.8863156035965707,1.2253779389791868,0.13900272715387407,1.5591716766007884,-0.10559795451475296,-1.586958858409215,-0.7865092638697457,1.8303385812836677
58.12119005706469,1.3298530240237865,0.08652506870253784,-1.4518458896277684,-1.5506635891068825,-1.2205797014420066,-1.795231112245546,-1.0569083786222309,0.4150592847014063,1.761161254304238,-0.8932993994568661
1.1732447495210345,-1.2179833714371577,0.6421319479624628,-0.6728623275199976,-1.7570515446313162,-0.4890478669285474,1.9872052443529977,-0.04883209760057117,0.18164091963922946,-0.1661074594748757,1.9805921210616617
101.08705227101782,-1.3323095552893367,-1.8681824151686177,-1.623609775830262,-0.09298170197965705,0.36569463140035374,-1.8561470482118203,-1.628998782698626,-1.727435178493673,1.277621042518955,1.3753590327830492
18.648921145274887,-0.8169814623730027,-1.067374697215568,0.41489872186414667,1.504720334946808,-0.09122616067599987,-1.8797098838119348,1.0505345980918763,1.2650977223874875,0.13460888641431357,1.9329366781064152
10.581583929599368,-0.5117200625485956,-1.4921367674875463,1.4387156703061095,-1.3483270014805706,-0.06449793614955279,-0.28489506210403404,-0.9105384115251329,1.1941371018770304,1.5898512842185482,-0.9655569018301433
71.89869164782826,-0.7834497243572818,-0.5848480246373602,-1.192817721437291,0.31447169928314045,0.30548818277154366,1.501397547359809,-1.0574838932884187,0.7002044382316157,-1.0054568880985433,-1.4522970444436876
36.55731570945725,-0.45946840527794075,0.7586874469479059,-0.9845697321006561,-0.7901934637250845,1.8540428325254834,-0.19808549905251294,-1.8755232535343729,0.3967662837583963,1.0443480783132473,1.8183206288690652
82.13910088397131,0.5812394080933134,-0.17876387331722032,-1.4659359765457922,-0.17785797279214854,1.9652385990097203,-1.9493093468147795,0.4766471023070915,1.7148938156900058,-0.5182014794363816,0.11367846676817495
40.4438715048572,-0.7380283172927471,1.0809156912628302,1.9897404137973673,-0.626455655777419,1.6513761215499434,-1.431258639224262,-0.7051247466616974,-1.4436862842020335,1.7736391324947034,-1.796412570540864
25.470875551254498,-1.5574680270484382,-1.741303697408128,1.1237929777303122,0.3133546989111684,1.338514545773196,1.7600697432135344,-0.2515776185185663,-0.4873697817971472,-1.938398843214427,-0.9727413840496775
12.900734635911023,-0.5189843668554825,1.5492297078595811,-0.7911746388287617,-0.8659859168610424,-1.2013969825159219,-0.6400206659832683,-1.5300673528755309,1.5991441934600008,-0.1913446242049548,-0.03284242642861246
-17.12996374446006,1.8053478250076176,0.7993267071507919,0.8230636091330843,-1.73090305975833,1.586422407124406,-0.5822881088131511,-1.9179659183730386,-1.345131576131481,0.7392544979593128,1.2944194315829796
43.54025610011757,-0.5113401860130415,-0.8551356424662719,1.7089221820496796,1.1966405500153066,-1.4924834837493188,-0.14170439258627,-0.5817035801101751,-1.8372484250769991,0.7666940992146372,1.9292917535321266
35.83602811725424,1.5049756307189615,-1.2020237663189821,-0.5824660085857363,0.6136288864045087,0.12374474990977724,1.5505960118957383,-1.2938152667355935,1.8137979539450293,0.7415665611501865,-1.7749050914576596
7.4515294026152485,-1.6121774390354404,-1.6283650349481484,0.2656192620869633,-0.055517101359626064,-0.4656428414757774,1.4185814757349013,-0.42685084222154934,-1.2294457443773141,0.3678824892736774,1.2306713834245189
29.02558897657466,-1.8225684927497836,-0.42831580667128133,1.016200593526332,1.6371637437916862,0.19316634998774207,0.6088942363134913,-0.26382915778042504,-1.5751090496891877,0.46877267932875055,-0.6958064733565088
60.530058834311994,-1.70018382565054,-0.048110465792553736,-1.12262973844213,0.7124539780874701,-0.3589109987067842,1.5865313420213512,1.4117453158272077,0.9405208729657004,0.07415051627587399,1.1524478020580502
17.4127767416261,-0.696630597708003,-1.647503223220098,-0.3960730011798419,1.084256549592146,-1.0026573714800704,-1.288027915987274,1.1358246657339865,1.3873993127592352,1.7394225565432064,1.5847943720714932
85.14427945788279,-1.2611803268600634,1.104871970082311,-1.2410432753350733,1.5274460733869777,-0.039941808846807536,0.9385399033595432,0.6044759125841317,0.6658806807519384,1.9880797795453709,0.3810905228938193
-31.710226212751564,-1.7986142881557106,-0.8777653300140966,0.46843227790378483,-1.9398158734886457,-0.5273123265290778,1.1893827088775817,-0.9851713924902814,-0.3995248973029555,-0.07764325021768492,-1.230911208477253
17.82320832834681,-1.5347591202844741,-1.7813411764300926,0.748849694910835,0.4463952545011063,0.9403663673555851,0.9286648253202654,1.6423989028796186,0.9613519251048341,1.8377684230542015,-1.187403234638711
-0.06988910437029361,-0.533872530215755,1.8611579228297939,1.0843759735523895,-0.5904717999105409,-0.1589381401279084,0.5456227636673163,-0.7739297639294898,0.24628147424842206,0.24949944653969824,0.042470236236801906
12.843780987927847,-0.34548851020702065,0.7335662382348427,0.5266524490807356,1.17172823729714,1.6518668255374838,0.0744094055483644,1.6135667346278755,-0.6504041041425181,-0.2164085413464134,-0.8531536251700005
38.398648522243356,-0.4272558641444406,1.0114825205687619,-0.6514000549151522,1.748014733882119,0.8355634670311565,-0.6071213590302103,-0.7947636194045473,1.1905381569455815,0.16639811086679446,0.19723720694680358
50.815999257942934,0.3353450543692058,-0.6685643809066066,-1.3696352132800547,-0.43954154090346176,-1.644791763924526,-1.806268722514321,-0.4545598071250221,0.19111764272952358,-0.13378417327290615,0.6031580514369903
-7.443422861013431,-0.49866386173911526,-0.48175480092577105,1.0227489217568082,-1.1989512869998782,-1.5540120282223469,1.6379243332056315,-1.250508643159367,1.3423934847141434,1.3897401429348482,0.34975267406988975
24.529342887367633,0.8950328746573666,0.6670234018820858,1.2540587404851777,-0.25672437044487273,1.2370605233508116,0.03203539959487678,0.7568480990243946,-0.6050619383685509,-0.4628571926712346,-0.2904588575513425
14.5808423386549,1.801915706564881,0.12382011718919683,-0.30108854909468397,-0.23649373046292377,-0.46767518379327777,1.279805930757024,-0.09875352875464172,-0.8644691468435077,-1.7512296652951442,-1.625660962500318
-23.61994099117324,0.9178528734113525,-0.27338054959067337,0.9605240797951473,-1.5265609837161,-1.1008870062176137,1.6333640674712608,-1.4380935906112038,-0.42728571147893124,1.760745071400152,-0.369205444224586
101.89081615022212,0.4074452810202418,-1.303640333542785,-1.9535667931988443,-0.13741767929773419,-1.4365379358354837,1.252357957645866,-1.3613331261408868,1.539229826548815,0.8385656996162121,1.5366038068427623
17.98519634664794,0.600770160228103,1.3883363811693954,0.04249946876172128,1.6837267014080037,-1.603624075828586,-1.6931822545665987,1.161033567567967,-1.4517271198433055,-1.5560552308884055,-0.29381673618644255
100.61090722477667,1.9281128161902554,-1.9375819994419663,-1.5758885784379628,-0.0071780029664116896,1.4237345135361812,-0.3942137121114788,-0.7589754248074017,1.315875750802741,1.5858072993913699,1.6827336959961485
15.001681868941441,-0.23550715926783372,-1.721262364876789,0.8028201455060509,0.38922336116178036,-0.05717810932274903,-1.3092671295024014,1.1936084159374865,-1.1862011075507004,-1.6448133492863333,1.104889708695909
26.128821070862646,1.0844258287802506,-1.8072854835622745,-0.7043160355386133,-1.012781036878053,1.1983226784370458,1.5772056727188852,-0.09539524912661346,-1.0897961449927545,-1.7462778524065437,1.5409792037048198
-4.603364498870366,-0.5899486056900725,1.3007047357967791,1.4553139035817941,-1.4507189424121663,-0.3346612664839803,-1.487834429085463,-1.292705102649344,-1.32351029311838,0.8518746622061859,1.2384482884124068
19.00828091817226,1.6110140747935526,-0.0770247529811594,1.4586771006485852,-0.48458064056311256,1.854639761784112,-1.24898569633989,-0.0013195358883355546,-1.8909517537887996,0.7673637611905217,1.303959478176587
2.73802173839547,-1.4952600557350562,0.7050046796213696,0.7676749198548469,-0.5444408741772344,1.0111958741538043,-1.9774104425406707,1.0351494773016743,-0.26712624234623794,0.9394208148415992,0.8368150208307616
28.72172434622277,-1.7501118688161994,0.9292372150089308,-0.2166399726553978,1.8467383568121947,-1.8481161701249862,-0.25368475273608704,-1.236414335453142,-0.7852931320939018,-0.15809876191043593,1.0294705732793727
20.631428319373985,-0.4554670514421799,-0.25656760947724466,0.9951720891971636,1.016415921339819,0.39481358269393985,-1.7655966334595234,0.5021862914596444,1.7834827004623954,0.4518095803392952,1.226775082786689
11.173557473543035,-1.8688855850911157,-0.7026582453378012,-0.6150168093064639,-0.11963550054644312,-0.8337309358937146,-1.2883505351388078,-1.9439874627896319,-1.5932758478567068,-1.4439351784032732,0.09521542013778195
4.8904018888710725,-1.1984760929971214,0.5315469510308626,-0.7008813818851287,-1.4341312544802816,-0.10464355339514508,-1.872358722365016,0.3215235351349657,-1.7037398374738961,1.4633492931380836,0.4440348044883158
4.374099205300358,1.4465685043561347,-1.5404800488748336,1.0092968284334995,0.39998704085067693,0.3524257973548659,1.220193385207545,-1.9902308837768357,1.6374683642441816,-1.680576920433793,-0.05440900323374098
26.568507034885748,-1.9812589987145741,-1.9282155478665959,1.9331022092981143,-1.744828468540692,1.658321864338335,-1.0990786376753006,0.41738964555142655,1.9907194843264544,1.7103792093779435,1.2505178507674297
8.578382515158072,-1.4951900579510933,-1.7999440554752937,0.07322295509073884,-0.8511945481726366,1.0398072413032926,-1.5651354685898582,-1.9733590657979287,-1.7366861627724384,0.17055580171525087,0.101170425891838
84.29296616956627,1.107404846681645,0.6200301777371653,-1.2038616927668988,1.478722373267015,0.6225804676629783,-0.20678199976075406,0.37140057039709085,0.837170322388503,1.7814270270740966,-0.25685812622791016
56.062381151428475,-1.5348373472813313,-0.20638813148370083,1.8116944480408264,1.862563062262304,-1.0725214221153396,1.4340066375546718,-0.10647516954950742,-0.38696970144472376,1.6404188511458688,1.0820722958405016
30.605981750207334,-1.3013415071148935,-0.9976388689051334,-1.219792629601311,-1.984455062375352,-0.1290235380974325,0.7813928690352148,-0.4142781009506087,-0.8589126416569308,-0.11944639555359382,0.9127538496860814
24.46272880876679,1.5106742043486387,0.29053046783130476,1.796439170458676,-1.3918330383714252,-1.0100702030200854,1.4828278022699628,-0.7057674679894324,-1.0080704437536179,1.5593235576911693,-1.461392781900075
11.369828860507702,-0.3421288699113014,-1.0058363831544583,1.2032439482375343,-0.05196384314340374,-1.3652687168946374,-1.31363408332628,1.476097697134898,0.009995030717382836,-0.7973845675756448,0.6393786680855844
21.05768721272475,-1.4432867778576042,0.821194269207703,1.8592423970842047,-1.773767749793251,-0.7302812074821659,-0.5003519561000438,0.8150830000545972,1.6179295197048211,-0.4571845888210908,-1.7562680211224047
8.499979827983315,-1.1728506867440829,-1.3346655551948383,-0.728909498295188,-0.43004606756077424,-1.522804817034078,-0.9501920556265615,1.1203154947299416,0.28279622525713366,-1.9656219607749423,-1.584932257985364
41.971141891274065,-0.1540463180869578,0.6630710995890747,-1.3263816274791433,-1.6917082549394844,-0.9342048300224244,-0.881284838356974,-0.854277027657723,-0.4971380357802455,0.617238588006285,0.6339122564243707
33.947064666555605,0.906919778902517,-1.6276469351160507,1.3940886468941769,0.8482396439882476,-0.09903070306006256,-0.30419616490797763,1.3469594524189894,0.3620030468626072,-1.521712533180167,-0.4520232974657352
-7.546092813955196,0.051973740728597395,1.391076187613093,1.1977845142970405,-0.9965547278771467,-1.9140968125045252,1.7978292608938298,-1.204920292029,1.233612171623251,0.8456875083570226,1.2113090972501306
1.5323869753024262,-0.45208814435230726,-1.1376983320145455,0.7941969072219197,-1.3928144467194836,0.7479281859730431,-1.0267237391039283,-1.0399423431320747,-0.41071183653649435,-0.23918690408747123,0.909087070112466
54.01594647680115,-1.8958715277365497,-1.0428934304164117,-1.0795865690482702,0.4247672536218592,0.11646440873941222,-1.5450787410913431,0.7163794208105303,-1.5475417659113044,-0.783734164450288,1.8550614585079677
-18.982061872006096,1.6903323724959898,1.1003974582733522,-0.04784984395606129,-1.883481056042295,-0.37866238090630944,0.8583813177052262,-0.6421443300010625,-1.6670996135600942,0.17449146434074425,-1.5221556179297386
7.724638277722388,-0.2578482160675253,1.3625610803944714,-0.11845066493019463,0.4926586925739631,0.8154878434158985,-0.7371218666734984,0.20011726205332536,-1.3274664869785768,0.644952082384739,-1.550002191991461
63.26878512069062,-0.8996585922929392,-1.6849740696503437,-1.4530557213744717,-0.5569879449885411,0.5075312559265215,1.9825047634117006,0.8799643979564933,0.8701163045413156,0.6111374397787901,-1.96141210606825
-25.945880671635134,-1.3672354730899845,-1.2752400094460419,0.06565013993718205,-1.8589087720865014,-0.7834346251725832,-0.7478248372372689,0.9553429388641859,-1.8057409212355808,1.3827945106436195,1.6775236551960866
-2.910325740275928,-0.8305453709838169,-1.8520038384193676,-0.3644488930688885,-1.1890503483642285,0.7925832904254726,-1.7978991328725527,1.2334438067450297,-1.411619053391643,1.3720237397599528,0.09417662047324438
16.79129170028069,1.2389781141265472,0.0019839544540021237,-0.22146236327839963,0.9167038371425926,-0.5726254951730216,0.6875636400524687,-1.9201158112565335,1.336390045362529,1.78727587086501,0.6909588188089275
30.10403955253858,-1.8143879284368616,-1.7401580477726268,1.2275521066095205,1.4773003679513126,1.8976059129714322,0.056674355306682855,-1.8913115141111732,1.2625750516552339,1.7707328451163447,-1.4705400589683917
-10.247877694325792,1.219166385882572,-1.3517903007208565,0.43604663368980523,-1.2463769630828492,-1.3607031474010949,0.46939484239494256,-0.5415495859789292,0.7618802626709913,-1.9214164816618782,1.5709012465282974
11.179045545045996,0.5610088314283863,-0.23182798247142689,0.46369309933228386,0.9369558404932241,1.1512522640482898,-1.4530299125067918,1.0995238635974824,-0.6752736723354378,-1.1397747351684369,1.289977711379338
-2.7361136283073124,-0.004903450315191904,-0.4035518277574339,-0.12089370963484436,-0.8665522126376914,-0.36858735903193196,-0.6425042552314246,0.19084690057965625,1.1246487303788864,1.5184164344107005,-1.4136754808061869
106.7793000876483,0.42114344907203316,0.7786927836924189,-1.8001021401550674,-1.4538695390100775,1.3868559196922434,-1.875003967212372,-1.7748552979736814,0.1363362850488321,-1.0224733068598644,1.3175909005677244
18.191882347002572,1.3303844285140323,1.2936852164610158,-0.5854518163004743,0.8217719698230499,-1.1813729584779997,1.191683500504158,-1.6260676407189916,-0.260280502630875,1.5160041825107893,1.5361125572506542
-2.546201676778322,-0.7365141842007907,0.6845330332971167,1.2738946685858017,0.2895763091829502,-1.4842162642546173,1.882162531191614,1.0564189343059809,-0.6463377306250044,0.8873996490251428,-1.4120729206697464
34.69168704805564,1.7221257118559454,0.036653363184817156,-1.262682381614058,-1.9796119765390139,-1.9246464420569356,-1.9043739357957454,0.4398060618296302,-1.8864666324236259,0.17009099498150793,1.890852166007289
31.112602379615137,-0.47939114266400296,-1.3557437027145411,-0.22201965696197057,1.2838774952388623,-0.21269239349507307,0.8990082991968991,0.7298079443519172,0.35486017242005996,1.9215945660874016,-1.8732458204121682
39.22915734093188,0.2604224568439757,-1.8185220941326352,-1.113811795877154,0.5486497473494198,-1.6759051890736445,0.7208211483440321,-0.3445035951057176,0.8005570664184187,-0.061137246618356844,0.8882544109210349
14.912719201781513,1.906230605419866,-1.4473126191100203,-0.5077028604263849,-0.7680870241172011,1.8309289598404552,-1.8579004481914105,0.7598730267751468,0.5743301650173636,-1.8506690593758823,1.6947724036867187
-5.746157956043836,0.07880162685974135,-0.29461683962996066,-0.007503613945127885,-1.652491097490112,1.2712538620489444,0.9210786499970745,-0.3957224425194634,-1.9668964401548847,-1.9811052502443216,0.6455392205714516
19.974840329050142,-1.2687650522409575,1.0717453932413932,0.3109738533437989,0.4605261924177211,1.1218919314884745,0.7679403315043438,0.7780825964713558,-1.086461294248641,0.9283938265596752,-0.5107090244813617
60.597399419407395,-1.9647017478670037,-0.12884396992877933,-1.260384673135809,-1.8252555056250337,1.94607904430962,1.4002300985390082,1.4214073270761998,1.0382544805628506,0.5556831007197585,1.3166029969737436
3.5548916522040743,1.1564921881238233,-1.8885060756052332,0.17955871912294707,1.2614666509010606,-1.1296729714739469,-1.5806469041417452,0.5518313626748559,0.39262921097606895,1.9822821110754432,0.36557200550946334
33.851844493808514,1.4393151147467194,1.3654152814708085,1.8457150269205131,0.20658481677158846,-0.6687694993051587,1.0542909064725263,1.0015788799002738,-1.5949922107944374,-0.837295569223627,-0.3079468091367912
85.82716351959314,0.10449689847878618,0.626984656074892,-1.6048365047679165,-0.4884583449842679,0.01224172323121886,-1.777078163092375,1.5343638436395137,-1.440018512826672,0.7719527033356557,-0.8666280075245147
41.592799278331306,0.44340780018627113,0.5303341334070857,1.4495413095627598,1.2034939540695286,0.9583152550833054,-1.7018296826870256,0.07494190509700527,1.391553156018662,-1.0599361967992418,1.645658859834767
10.565072332078403,1.2259163010868974,-0.5131128026566114,-0.44519326933278514,1.084655019564623,-1.7919439183649328,-1.8004345834083586,-1.4088106421590414,0.9700205559155193,-1.785557323866731,0.3114216020047058
32.21403183722379,-0.6738504648197194,0.5376096139425264,1.593840895241052,0.8233685740069152,1.8257944747950314,1.9225471745527387,-0.681103232340067,1.3556173126601974,-0.6201142539220288,-0.49725155109241514
33.06402453784677,1.8429504460007218,-0.8893891025516063,1.5510670086215783,0.007613937297665796,0.3665551280728758,-0.8332000143445288,-0.9118122443988215,-1.3630456793395136,-0.9943120547605298,1.7411503663167127
37.50494025416774,-1.1232884088674169,0.2553495039684268,-0.8898229861660822,1.2590744682058261,-1.1755640151023332,-1.887276625926134,1.4903046240814044,-1.2622349320065007,0.4949990389460788,-0.9286006642451707
48.71955873979027,0.10903275299266468,1.5509771103622159,-1.3033162693896774,-1.391061415422422,-1.4950146460666525,1.3188198110459428,-1.9170329709086222,-1.285783999522005,0.3461069266861099,-0.0383002257351186
1.6535782859811956,-1.47487585917952,-1.9531073392401521,0.9112611019154713,-0.042597571039300064,-0.9934280067566572,-0.3822262299284369,-1.3860268429007854,-0.6848027869351925,1.8969839416082546,-0.2033308301609602
21.403644279648553,-0.3151229108052003,-0.9824641980116828,-0.9234770917028143,-1.8013038593712398,-1.8745480278897966,0.06002003972031478,0.9240849932329436,1.7236664538922994,-1.7799498733063408,0.8159182292035592
15.934288716631471,0.21101754590642763,-1.3293046994062632,-0.6180495119689846,-0.9274876081130974,1.5847476692592357,-1.9018612657906075,0.04249858822014829,-1.924975053801353,1.0075689455212413,0.28509843825640946
57.996008214057355,-1.2445928975315779,-0.5309234978079336,-1.386821004708791,-1.753305718766526,-0.8847970265238012,-1.1570061866191157,-0.7653941833035951,0.8000760698628202,1.64336207298633,0.5772496114090822
38.599816687468255,-1.965039317216302,-1.212924826438866,1.709123822861872,0.4061972683332935,-0.807764991047784,1.2463161045628914,-1.102609456613468,-1.5029943569544177,0.8586477861139157,-0.3927370158624752
27.215308605485042,-0.19982222646130987,-0.7948770689409899,1.2651006685170434,0.8766929387751423,0.3910782231893446,0.5548511885347258,0.9781277732556686,0.5653848534573589,1.75610262060912,-0.46695303343571126
36.59758046856695,1.3670423099409312,-0.6380698649175183,-0.8804000821959632,1.2322741276382683,-1.9858551292539564,-1.1173230466348838,1.6532070929033522,-0.32480812461134434,1.5945559692609192,-1.3729288838891454
7.485881013612941,-0.7855896698131688,1.469254924986529,-0.220726197121063,0.03369692568561122,-1.5795921354128564,0.9881429750964421,1.8575655961056783,-1.3472899630407325,0.31712686922827116,-1.6449570668581242
46.60790275215528,0.47370627546030164,1.5955664579140798,-0.9475173598565312,0.6097504108219005,-1.6672228107988016,-0.7261817850258163,1.5847534159602787,-0.5175420516055649,-0.6686359633740611,1.2274697173684403
10.406097563695514,0.07415842014090357,0.15829082962323904,1.521895391617842,-1.9226639599519078,1.6757275980633728,1.3379872751000876,-1.854847199653428,-1.9958786243374886,1.999794435935058,1.6470863061364813
33.84687278515433,-0.8492146181837077,0.08560965040812096,-1.0027862721309226,-1.7343447858565306,1.6574303523322151,-0.6426060841382513,-0.5453533989899673,1.3886291267296111,0.1740543408510642,0.03918264068809085
-2.298768974584647,-1.6292532165130509,1.12223627473002,0.05974623154902714,-0.8486285236122835,-0.564475256695641,-0.3335837359753464,-1.1621861686290447,-1.3167642007420763,0.6682247702005926,1.9969675805482114
21.694587219799615,0.04449062576544627,-1.6807420661534689,1.6808920620936525,-0.6090694876642968,0.44456197393604846,-0.5274654973309096,1.993748564941701,1.2005090939852208,-1.1516006605964404,-1.7436869732901021
13.193995871976748,0.9969805481435361,-1.654744400579026,0.7411859011544273,1.1856093469714217,-1.7478334549968397,1.2551434677045878,-1.0832190493878198,-0.4685613162775022,1.0835729155463563,1.9761112901285287
122.3872574423034,1.0526089376670962,-1.0664657805861708,-1.7887950481717945,0.8448447271679513,1.0821839425654538,0.30840106911116427,-1.9708803010865372,0.2635128596424079,0.17396899495475004,0.03389899873657809
29.12694807090145,-1.0982606754345885,1.3790568433185517,1.0664480043772362,1.3554606953403474,-0.1668920942772143,-1.1970237583017531,0.27432808270821996,0.19219925911273927,-0.32234641875919223,-0.898033425415286
30.44549115563445,1.473808642339757,0.49492721774606974,1.4146529258642997,0.8367580944062798,-0.4333742705692618,1.9361226654275603,0.7973804487933567,1.908899582964049,-1.8292150523696162,-1.6863560129989592
-5.6311593579100165,0.3371584930101763,1.1224428830853603,0.8699937150210779,-1.860689040355631,0.19163973504291532,0.7522682430187633,-1.9350347125094145,-0.2251310311455743,0.31009128597465585,1.0430647121850813
52.08184158449163,0.3910681682633079,1.279387234052321,-1.168249229797762,-0.7262393530487321,-1.2633738885212487,-1.1832000850385045,0.03894502878808037,1.520413169707426,1.4790398997676357,-0.7999136861719318
14.603823832869981,-0.3173241918506662,-1.618960063922438,1.1925410308900628,0.0758255431985071,-1.1474769709095107,1.5078873108363724,-0.3705193914138065,-0.46406241812796445,-1.4599631504977197,1.042655718907883
21.405084686373815,1.1324566253384214,1.6511477342923149,1.8575900276274329,-1.9108849474337464,1.525726358505581,-1.8554796046023907,0.22573878392834734,0.4451780173073807,1.7136234116650253,-1.663319391578355
12.955283379921337,-0.8403482558061954,-1.2395929552405303,-0.2574151223288328,-0.7033523143949565,1.964246987911784,-1.3863786937496299,0.04564875138813296,0.4462241343355813,0.8779455301165724,0.0792349649440709
30.37540054438491,1.1620662769450885,1.6838375317496332,-0.4244525065253799,0.5198747800927719,1.8879126358222251,-1.0921191190529331,0.9827454935300253,-1.6684301321260362,-1.1059867550172662,1.004710777542451
11.457771146153274,-0.20752435911985145,-0.4265599717756339,-0.3330417486951873,-0.8251483607795924,0.6169608234546988,-0.24960344730978656,1.4773452006387093,-0.42566157134711347,-1.0654540068239542,1.134540392009304
20.718495253797975,1.8002840837222118,-0.5622205289468041,0.4835932745197695,1.7849857422421649,0.4962868015588442,-0.5420966433572234,0.7173886117777668,0.02789946788599451,0.7159034696657325,-1.6907972697120144
17.049320874841378,0.3537421675310721,1.4892567450179222,0.6985475381396533,1.0059920393341533,-0.7527130226058194,1.890728736510416,0.6749009384933822,1.881816732188248,1.1838156360896432,0.9960960380795796
-32.339732715628344,-1.7018900765921416,-0.7275208897205663,0.44338136860543775,-1.6554573328971856,-1.809208137242376,1.304924440902333,1.51903366159708,-1.046926152752122,1.4865214271098344,1.2174501527246804
96.35576092154638,-1.5404508981271592,0.790746587725939,-1.6325756706637753,0.3862469443767984,-0.9585151721965963,-1.4378211625722424,-0.40405507401574425,-1.8198379627579988,-0.29471692230992375,1.2871225591820874
32.98222770593798,-1.2436825467793189,0.6815049284955363,1.726811401686993,1.5428376757122146,-1.587968509889249,-0.6327414808817524,1.4227784702493853,-1.0093280105297655,1.4059040184147138,1.2208935134559193
21.06034500889732,1.9614336605501879,-0.2274081910142356,1.8778785111354024,-0.10680582412011219,-1.1971780633521427,-0.191027456927237,1.3532944181234758,1.8650939372211832,-0.5718933677302029,0.4216839010676159
50.73145054244591,-1.9443765732732285,-1.6490857370170535,-1.2464215093007862,-0.583682033524914,0.32178373646702374,-0.6525581747578841,1.6273219754318315,-0.5170634428757066,-1.4413763840741511,-0.8562960871111227
-5.634063161411316,-0.6808721320698763,1.7988184113338748,0.890251206451512,-1.3562777346803787,-0.3212157089141656,1.369419893040217,-0.7182092977706334,-0.04493107725019918,0.5722016198681623,0.4454039014387208
19.673531752106488,-1.6804820440554242,0.36741003617866896,-0.5317478088265504,0.8421689117992393,-0.1421998091831993,-0.14099980514053234,-0.20737004904458933,1.3254051863938177,-1.61807208121426,0.7247986143226472
22.63650117786177,-0.8562491663779399,-1.1129379918863567,-0.40783577040952235,0.4981117079583717,-0.06012104042319155,1.5958818966165826,-1.3345938547412164,1.12927264004563,1.3096951585335979,0.9299671781324386
49.23630337619899,1.6539802262051513,1.3642572702171352,-0.8003243476040476,0.12182049384780491,1.397648389380993,0.940884401084999,0.3062508992784969,-1.012623902788341,-0.29555694346020056,1.388821348933825
56.33625015777225,1.9925712261495931,-1.400748739185512,-1.4775950144868708,-0.5863529894702286,-1.98318486408118,1.5991973009933043,-1.0408947388835927,-1.5835753542148852,-1.1731497156441248,0.675380991189622
-21.645680463744274,1.3052954246685795,0.9580101816946489,1.0565296152128565,-1.1584803919828097,-1.8347036432893935,-1.6369831392724064,-0.962304398572901,1.003172625541351,-0.3144464343318538,-0.7693943970180039
42.201817471839725,-0.8142924752735246,-1.6187440819209202,-0.6613434691873707,1.520169933510445,1.687483856978643,-0.7130946252927917,1.9500391548897351,1.2868824375282513,0.6354518451020219,1.1740659502440138
8.009061553147308,-0.6860477034037977,0.2797788461164403,1.5194778851391342,-0.6865762828530495,-0.04813988278268733,-1.0899626948837673,-1.7172506830507452,-1.6173568880614306,0.06342123724663074,-0.17326144465148685
7.740020582298175,-0.26001935732530157,1.4158293462011766,-0.4124171063633879,-0.6441719769086856,1.3371724292361034,1.5640371210461286,-1.0079655745421165,-1.5727763864281812,-0.3278904003432759,-0.6663890379482136
60.57766957698538,0.945558635551421,-1.4856680308147379,1.9433205303389993,0.28275169798262123,1.3061432385798315,-0.47548746471318815,-0.9691489709213075,-1.031277405308181,1.7182443116651962,1.531569921964358
10.104147136965068,1.1410360542954843,-1.90621978400829,-0.2646379609006093,0.4593315404164424,-0.19117048306947249,1.9345249320573745,1.0651570459949729,-1.664389442196319,1.0147475185127948,1.3476329912786125
-1.887141778723155,0.927108760006544,1.4167143522986922,0.10077538276074716,1.0319810157134595,-1.412669495378466,-0.24334745819354842,-0.6830261050965625,-1.145692876761923,1.3451351942325482,-0.2245187047624615
18.05198269319243,-1.3186649234816779,-1.51774946371177,0.1425206499130538,0.778697946241349,1.5330195457203146,-0.1327693494314781,-1.7342898456409896,-0.6568864467021873,-0.2876976126563293,-1.3107215730291961
20.60492284266138,0.9270456077052636,-0.6995680504621595,1.6395178096104726,-0.48741570412167956,1.6879956310002857,0.48437002554764197,-0.10089972492313048,1.4595435533395076,0.023917935715842997,-1.5070189744860967
-21.22647119312808,-0.5816244647498094,1.0785571400479785,0.9998967359813342,-1.3806115031670587,-0.641514858401393,1.4324251703933029,-0.8833425179419443,0.004351761537153553,0.8441541657095506,0.6812689392023317
9.824460388220432,1.7700787846854582,1.684974677224321,1.4112296570962979,-0.4054114217432976,-0.6553054356459822,-1.1660847840790796,-1.570014098077078,-1.2813866707630117,-1.4239991000843744,1.075391700356768
-3.432427333047576,-1.1113677834263322,1.454477841019922,0.6891685820305886,-0.9197517848843626,-0.8577471333159372,-0.26616560456988037,-1.406586805718406,-1.2496200463577942,-0.781997638895132,0.30804360725963553
64.65560466149424,0.7955474450687436,-1.7843855278343974,-1.061944389890467,1.5202841858592024,-1.8046107501941089,1.3486044234589403,-0.15282050851220053,1.5881262608191609,0.36293177384866704,-1.3956483753205196
-4.596435240134575,1.0854556532281263,1.249376242375106,-0.4378781206689104,-0.4768427188899489,-1.6848613764608267,0.4192445565002143,-0.801248147191179,-0.7436121823732789,-1.4885796514887915,-1.5090086693096656
28.803030870850975,0.0620778270197202,0.3162269480729152,1.1679170266415704,1.0534184055932299,1.7460517058596694,-0.7088389806329696,1.1435200863855615,1.2814548794892224,0.8811947730158085,-0.9727455140338463
57.22658041378758,-1.394829313885297,-1.1278315461938808,-1.0210692701066164,1.9882381604299622,0.16167842950729705,-1.8842564019168204,-0.6940567285858572,-1.4214639157937419,-1.2549270053720374,1.3708805394611239
3.360090533992862,0.31959103725736515,-1.1972610518296012,0.7029973930617897,0.27221534426436467,1.8283370932014078,-1.2423854422047462,-0.571869561649724,0.27403604148767924,-0.9935549430031401,0.6620464139592173
46.90686504331853,-1.9169289202154474,-0.3753783930481296,-0.9299488264743041,0.20810867433014524,-0.7565913918497227,1.7105090840988173,0.14649701422370898,0.8045660402889658,-1.719874537190213,-1.1942146129423925
18.079292710423225,0.3727165529482952,-0.46772507710177447,1.4450826629093725,1.4083186633536418,-1.732104330940356,1.4911372102186689,1.0968138841397819,0.01877192100477032,1.3243211393916487,-0.25471402727859926
9.055232422623076,0.16173690859022694,-0.1807866877005302,0.620678394274004,1.0456582869909363,-0.15506187330739207,1.7557614442327898,-1.9847864786096823,1.91551422563025,0.966637575901816,-0.6288233484762333
36.89012665712334,1.0917305566764037,-1.7960495739337907,-1.172411785197054,-1.3167181966438761,-1.4220480350296203,-1.6847168656045732,1.5498681536548657,0.27231072650687604,1.0744443843266263,1.8506280205957895
4.769754268799364,-1.7432717379871607,1.5611456429043602,-0.564822161621422,-1.8038575214703023,1.5612784283069612,1.0606949649265482,-0.3856675785787611,1.6844607932261,1.1147679897086373,1.9912633579803067
26.564067052307966,0.20741309920948137,-1.4467348915831058,1.6666011042225852,1.0126016495182109,-0.537923436962358,0.9890780925012654,-0.29291456167907803,0.24953222047385015,0.16438109276275314,0.6964472412873572
117.16966192030394,-1.064405528700687,-0.7098174922076077,-1.6734563114412921,1.6442431069193941,-0.1396188668246907,0.48647732728336157,1.6592702952635978,-1.886008558534224,1.7842167620445282,-1.20064798864568
19.729552546010556,0.5520852069413023,-0.9300812225030293,-0.3429183025720448,1.3134745290153966,0.475122163592975,1.520393345476244,1.3092954260922118,-1.7066196016472368,1.2145165709584447,1.9403628569763982
51.51731025463066,-0.1144559991551164,-1.9492916630692894,-0.7933574613070067,0.6803449531927903,0.961843792513013,1.0121453299392282,1.9958965768902952,-1.7435148861009284,-0.02406860322750415,1.7587529172412268
-3.255055001747527,1.6038210197645433,-1.984742595059012,0.5554083100918734,-0.6904471751146404,-0.37082418874207956,-1.7437381226796957,-1.4926273008046969,1.197306138259787,-1.3311955004285467,0.31530524166451235
16.126953372182875,1.3398111226363159,1.7941536385927592,0.07196256687653824,-0.057043051237184894,0.6972066730620052,0.7942686679692375,0.6423935227312016,1.9872886985088494,1.107912960343679,0.6589496360965423
11.707828427961978,0.8500540042751927,0.1728531480656832,1.4308845779967343,-0.3250100800521203,-1.3653759932701797,-0.14504131790851993,-1.0597055245386868,-0.9390303693940463,-0.7849672089503485,-1.2824418379846492
54.951427270389445,-0.19377661778018007,-0.8576483090693001,1.8175845170533083,0.7808752157215926,1.4870021185090718,-0.20014814168818518,0.5593739954225487,-0.6092489324467363,0.9283754598280503,1.824549991128447
-24.60469490743601,-1.7727206801164832,1.2424129709528748,0.8484771263507209,-1.5437918761977287,-1.13110515236338,1.8437880841460101,-1.553008851470386,0.1774661559698001,1.0467444946581015,1.8891253834381017
100.89758600129556,1.7359878349523763,0.553528459012155,-1.8967386070523173,-1.5178234444413738,-0.007198478443325662,-1.6688981754465493,-1.1219634526564932,-0.4112779271760174,1.9494768221661638,-1.7489289157988632
33.12447506305298,0.8208229117402368,-0.2865867728029299,-1.162705581495946,-1.385035641200119,-0.31626710802696767,-1.777551389395772,-1.3837404943542406,-1.1482984016181135,-1.2644134686391362,-1.1063660570866896
-5.630727198464387,0.30580755461976405,-1.077837263435832,1.0350209655894154,-0.613563680093288,0.6762300645069397,-1.1058850293234839,1.0541000179501614,-0.021510654328877443,1.0721073510357275,-0.5680305577566505
88.62665281910256,-1.6857601171083694,1.8608022739806112,-1.1983632594892986,1.9788301961004477,1.3962174535595988,1.9973193315662865,-1.803341881348,-0.7529806860352091,-1.560774340864933,-0.8481892865287297
-1.7354275018474352,-0.8466477238111678,-1.4742627460422826,0.771876068086669,-0.11839732390081004,1.0001525585614628,-0.36770375048630966,-0.18625639193652477,-1.6523778975839623,-0.08711216011379541,-0.22568186148596903
95.20069031281218,0.5089463039144531,-0.2898032053894668,-1.7355381267046406,0.1553767636037331,-0.3672132918471638,-0.0929827040799518,-1.9286621741974095,0.9370308017850921,1.7602494432873423,-0.11545450666995105
-13.441451317129573,0.2944403601089465,0.017112184745405212,0.8804343236943968,-1.0755590724437876,-1.1477498363719967,0.8583716126512195,0.6125940683057451,-1.1620227537173218,-1.5793662282513807,1.0559254859759357
21.52402979600485,-0.7067128194628682,-1.2218061474577033,-0.07288330804086351,1.158246334471916,-0.15627106464803875,0.6576917809720983,-1.7170279982030627,1.4018557103010991,1.821372186225659,-0.3493956565543703
34.24376123693318,0.2781801137660511,0.15093609007488684,-0.9111356565781219,-0.7872113126251246,0.19490915304261414,-1.027078634395426,1.5742064260452087,1.6522620798594536,1.5064718314088847,1.2039084378475318
10.580086389276603,-0.4349226314833703,1.3226479833411617,-0.6081507800770862,-0.7444876312476914,0.6373731555189326,-1.9277702892033037,1.0626910493109198,1.1823709718564674,1.9697673997256406,0.7750241525169836
18.67144414818847,-1.135953174984273,-0.06406332232242562,0.11745404114970182,1.7060851533514336,-0.7165200944885655,1.8536701949546766,-0.32964132654205347,0.3929490213223614,1.3826066117632854,-0.3307755849894485
-5.454959925421877,-1.8510907347585412,1.3226370547458535,1.2917838044624625,-1.5036044772094854,1.3822297061013082,-0.45563296944296017,1.663782980450835,-1.9879462944508135,0.8070351584781794,-1.7610531256352222
17.46262479887156,1.306424642373897,-1.5428770531853022,0.3835503141517935,1.9400097643259193,-0.34342811562305364,-0.8457724951689505,-1.0523053598543557,-0.026436461943851075,0.9733151704777576,-1.783041544998813
2.640503907485448,0.35134442148904776,-1.168612470898137,0.8070983371463201,1.1294298306004742,-0.18638600666813998,0.73142450820413,-1.3815525470367338,0.471477764380984,-0.7869672593947574,-1.7963500345448709
60.891062197247976,1.1947555273907975,1.0403886690086632,-1.1463011922161783,0.8435259333687792,1.0327499556631046,0.3538892151386559,1.0550635603833398,0.0023470280437178914,0.13146959787900991,-1.1522904541812817
-1.0608400792632162,-0.07690328831389648,-0.6886966809884774,1.441801364728716,-1.725785356128891,-0.6397997709680512,0.26436813992601405,-0.9148320961615184,-1.9265261767239124,-0.3035273873759756,-1.4378718293564674
17.692293146151727,-1.3347927496093837,1.9811896520300247,1.3725518278159097,0.37049321476388597,1.5495822375508426,1.023103557988613,1.5983802813129682,0.6556430694853495,0.25085832587128465,-0.4946668819202431
-0.3610590477855862,1.9445355597513054,0.6332180347243344,1.3661039124000816,-1.1224088184152294,0.5008719471296761,1.9925394357883572,-1.2508272342429452,-0.4590138221491773,-0.32073388144528003,1.08982418331833
-5.700164484086859,1.558906343326397,-0.34040838367278603,0.06456806962965578,-0.6966959493000111,1.4856816353807858,1.9247365349516938,-0.15101658323801592,-0.8558285666190395,0.9881051006957406,-1.8848965836807383
39.30740046608861,0.545490526232761,-0.9544202463822304,1.8954039240263034,1.0367093740790163,-0.004744964259330242,1.8077192594787515,-1.5716088552718492,-1.914608697504499,-0.049943617210795654,0.32254151748048887
-12.692097202165959,1.6403568002951832,1.9418839150638907,1.0698090799723623,-0.9735726315594455,-0.7899502501668594,0.23231561368894438,-0.3760748346988878,1.5828190712673802,-0.9614161840346642,-0.5307365809287332
-3.3159199060035185,-1.1125234092805592,-1.4039554340151215,0.07998026503183597,-0.2928404860303546,1.1790928030594885,-0.5236123505046693,-0.7447113940618064,0.01695543466604521,0.7568170857591814,0.46948097081393136
82.2326222685603,1.0282895415161004,1.8646028756266873,-1.717278094181974,-1.5875761364788286,0.46986789210458113,-0.9534073972316559,0.07488847388047848,0.772988297239289,1.5129067482082483,-1.8330959886948155
43.11822288882675,1.9433529658728275,0.9015425374583788,-0.9873883409394821,0.752551473735215,-0.32552342692675307,-0.27865657913201236,0.15547257861239716,-1.8668021496247995,1.5001587662549252,-1.7785792103507378
25.489286367174316,0.2758851315444799,-0.5530300140122364,1.6285343380140356,-0.04151405094445204,1.0088807757419103,1.172841491295935,-1.6256928356876568,-0.11100548409909372,0.5383290515099195,-0.7504052667014087
22.563700843353814,-0.7993851783479298,-0.7736045633905553,0.43507225507246483,0.4997838853927634,1.6330980130114896,-1.7951187706749874,1.156080000952929,0.7804970237510895,1.3582677728432775,-0.6774270161873708
-0.27355853956404363,-1.4967465260866706,-0.6008733084244349,0.7968917265826243,-1.0194039043245895,1.0096305116711113,-0.8403529427199121,0.6918203054249457,-1.955859524669537,-1.9671491014746607,1.9669778717834663
78.96311728470938,-1.0541066352023662,-1.4557616639006747,-1.5578027008037507,0.010064059424333749,0.8225326568135105,-1.0305594906875513,0.9089620994686243,1.60742364072674,1.5252369557439285,-1.2619387298293607
78.73366690430196,0.8095331354024307,0.7557016998124366,-1.558208982798897,-1.3823101123886636,-0.3115181232528039,0.936668111898046,-1.9811503477389394,-1.860094810966221,1.6236619605667824,1.5827422941649618
26.739228697557582,0.329070130946421,1.7139695233887897,1.0667503169154475,1.2436184158162127,-0.38390458399742533,-1.9909667064960455,-1.5133059535284143,0.689337529981251,-0.37498591301722906,1.0669171423666
-4.0625932450174265,-0.9735056957274315,-0.37227918228507306,-0.08256388563093031,-1.686341806311351,-0.6134228290131847,-0.4009904460454359,0.42290517453624465,0.2876454325964861,0.49066344389824224,-0.4423434139456033
112.55843310574423,1.5648559594785074,-1.0668862978666414,-1.6018637499137895,1.3822114013113231,0.35293238411468586,-0.7117027073071149,0.36571141704893684,-0.4156382810266992,0.4075981477912043,1.9048842871521638
37.13324121755508,-0.21089792466584134,-0.5818658448130338,-0.8334272608133735,0.41391371506395114,-1.2653711931206133,0.8075394479828262,-1.4416500216351293,1.4160622485888639,-0.40007326033419544,0.48456822234915986
-2.152504743430317,-1.0950732878963207,-1.4622942413063997,0.46256229554570183,0.1776608545358096,1.1081060268122247,-1.2366848379621533,1.9503108356214822,-0.9790033670235476,1.9735150690141512,-1.1068301588832012
65.16778923679377,-0.46203107424739676,1.4124319820731674,-1.370822464633894,-0.35222806636417037,1.51268069512901,-0.39119429020547836,1.6571912518520984,1.412033675116283,-1.1843204058163068,-1.6711325079855675
79.68809413420965,-1.787236212811969,-0.012572916831286918,-1.5075648523457423,0.6140852048353209,-1.5528889148896612,-0.5911135188106988,0.17207595478157467,-0.13336888328607888,1.137059847226852,0.5695586715988386
26.430233797487013,-0.44306416077550326,-1.4504433069299512,-0.7357263008813302,-0.5329380076035508,-1.5586859799941006,1.672237112911151,-0.09023979866057674,1.9697503463889596,-0.24513315073627595,-0.8358348227709063
16.37104898139701,1.1016356381208534,-0.045144113606907954,0.7511907772648589,1.8423579386520679,-0.3516853883997153,1.939283873195902,1.1205843880532176,-1.0217587839841484,-1.8024255002550742,1.0307402475919218
32.29550187306218,1.961502419920456,0.17275246854453163,1.4755955819608584,0.20519092962329033,0.4924372568765518,-1.6931003567307337,1.8175929633637056,-0.014318872501536628,-1.257147189877664,1.199881841044828
40.88907993940366,1.9008512695059445,-1.6997574606834216,1.5430348449317428,0.6180702358125987,1.2627236869569027,1.8865534828820012,-0.3185983710552689,0.8585555375461884,0.6718168016784274,-0.3976178582720431
33.49808419929271,-1.4615850944686528,-0.6014499946635672,-1.021922207537536,-1.4166149910364951,-0.47381895102684934,1.6353663366911988,1.8574879881202127,0.6678186070909256,-0.9602211463393511,-0.9908320373296959
-3.3872427853331364,-1.5570577211343344,1.2577020845463678,-0.39377202623451746,-1.8299418693455647,-0.4740467576374301,0.563579411463397,0.5643824032435538,-1.4613251873968336,1.9449843878613358,1.8511907322427086
-6.305826212360134,-0.621729870983589,0.7056436555581214,-0.39636348901756513,-1.438258991718215,0.3645340209943084,1.5533399392781915,-1.6834639621603529,1.0165177941554604,-1.2530272401199052,0.6589693846106832
19.32436081609768,1.7515213397912848,-1.1216974805940825,1.1303730289798914,0.9254991868451308,0.20290790763484035,1.116122324471395,0.4464163562398311,1.884475564571726,1.4370313382070257,1.6465946646302738
64.72821545659335,-1.6318864575004635,0.042251711862860475,-1.3980558957517863,-0.6909670855807448,0.3469581684177414,-0.42096276184669223,1.9614266303711285,0.9984412153935409,-0.9642691715106966,0.10951952376039964
20.226089989804485,-0.855491598436795,-0.8503419836164126,1.080755170948278,-0.09312901960213171,1.3716431709259824,1.791986159623923,-0.10543137388104284,-1.3107389964985332,-0.2031782828202191,1.4474758624977064
3.4509487013481746,-0.5855171340889536,-1.8254911088141363,-0.32445936965554756,-0.9896289905840336,0.3797855163548274,-0.7960626616424689,0.988838051035783,-0.9188829972669876,1.5920595063924714,1.5063976173361238
46.2152416369448,-1.9860344138599157,1.8606907433964985,-0.34195391436275235,1.8570173867931832,1.0585999604427285,1.8899875367009984,0.8209825259977972,-0.6398806101428178,1.1471086732291482,-1.3297772431769745
72.7226000986837,0.08775194559578736,-1.3709858206678693,-1.4452597383243853,-0.26976772833242757,0.6859540132452184,-1.213072484122946,0.48875123222979333,1.8377577041441726,-1.3891748685068834,0.9913403663093505
129.94874384765095,0.8549409451555392,-1.7999191360458182,-1.8967030451021833,1.3075918560583148,-1.5873184037114982,1.7625722595237874,-0.2827659956341413,-0.020397472511058723,-1.11296939885737,0.5645130776317808
-29.79086166309877,0.15742561165754543,-1.3938215094645328,0.6447965628948125,-1.4070171877214412,-1.9559486787659077,-1.343394151498778,1.463168264175092,0.5225910383357757,-0.8022707252311294,-1.3456432209700346
0.297500215376548,0.9578475151074288,0.3735172946839005,0.5264827692452312,-0.6037101983179181,-0.539535938216595,-1.9504478311312616,-1.6487835015803274,-1.295490683518373,-1.1602926022937892,-1.0905969844022305
7.682608090651013,1.007859547790364,-0.26082640043300787,1.1823772422135432,0.08390491382384369,0.9764062432921095,0.5808764289755932,0.5988685708251209,-0.5840977056238885,1.4092465815030981,-0.15082258082901667
55.244183675412685,-0.5999477454030688,-1.9961946461727047,-0.9204831571382113,1.3139551242128302,1.5132381740063656,-1.5312669262475174,1.6100545275697988,-0.0621055432466866,0.49499124537257977,-0.2800444030163667
-18.511899229024785,-1.3216903609085708,0.4284776457026007,0.469610489362446,-0.9709336160775259,0.19254699678809306,-0.0490649635213769,-0.46710232326478796,1.7557202740133997,1.7106039140901967,1.4471887260557459
6.829823071784441,0.05573560220208895,-0.11252772033458802,-0.4681177074828087,-0.8117044886456832,-0.7202296570367981,-1.4889972539595488,1.3112299863449737,1.9198363452292027,-1.7107363974538043,-1.1166060124727095
58.12934059858875,-1.0145533301144094,1.64122257881451,1.7392368283175688,1.312048923719956,1.12201136626065,-1.19943760252976,-1.0362045296730784,0.6227538983913283,-1.374625221281347,-1.295596930813958
52.88654164390336,-1.5463813559333808,-1.9768648795435704,1.7078978334218107,1.8783787549846527,1.3406322760706977,-0.5723251865069385,-0.6437105585355156,0.7673788641534629,0.7525238540521864,1.3387050834106313
9.630544779150634,0.07302708009390324,0.20233219935752533,0.08896901860096973,0.641406341075418,-0.12529490778644714,-1.24666992152545,0.07372649289728983,1.6332492654916297,-1.9481617934139233,-1.4978740410100628
49.908347417250894,-0.16443969964731275,0.8800937958184405,-0.9278507724627012,1.4681022431730382,-0.23125489089301698,-1.687696017751303,0.8465971591908339,-1.0791227744048073,1.1939470968960286,-1.9138202715747732
85.0517450978815,1.1845829629232956,0.1777907988901486,-1.215924488736519,1.790581981083164,0.422767493441806,1.1768112853224983,-1.0709431476452487,-0.4804573321432337,1.8261441593792385,-1.612669087504289
0.3333439948646446,-1.9470263034738813,-1.6099410382365678,-0.4167967380374713,-1.4103824039174433,0.346091986411428,1.1743809363548334,-0.6194631525302827,-0.9781233769607143,1.1033085612287135,1.3790293174861796
-8.640757141553557,-1.3391335327541523,-0.7521384083021627,0.16091365656690026,-0.6213442300765664,-0.9000596262073954,-0.19300275468359374,1.20325866381142,-1.9691766973281353,1.4174793264187464,0.7207859965210095
15.09137964960096,-1.661807108485927,1.0067945669939466,0.7783553822269353,0.7666177509204584,-0.5363792798455309,-1.8637387976283764,-0.9383727692633546,-1.730929317685784,1.4262074441426873,0.3460660808900724
-13.92867928356549,0.4190906186507033,-0.0556511707635301,0.06165694428195323,-0.8823869772437098,-1.643129527420946,0.8051460037066271,0.3133340916118956,-1.8163049545461925,-1.5081968648289719,0.16385194994403607
89.89427070913139,-0.8661426500285696,-0.7267565531328968,-1.5751591010480825,-0.2769897751546937,-0.5291246821440363,1.5145174362728095,0.14774270374004317,-1.182262726258125,-1.490592313620959,0.22488876300462657
-7.88660637120301,0.9545155290689964,-0.8247899318560115,-0.5220994353193693,-1.2811205321996693,-1.9545304324073864,0.7408437797132366,-1.3570432094556173,-1.0202063577843652,-0.4191403394300979,0.5023936410929313
-3.804608578807278,-0.04627222681921017,-1.4414612715459265,0.39438483152494097,0.11650451296686137,-1.4545749215414419,0.3720904119999142,-1.8090705124779172,0.8972474161698107,-1.5830764765461636,0.1585999999578389
93.01500562200184,-1.336314089390478,-0.9005050681904994,-1.812776821033386,-0.35433632342421717,-0.8915005193652297,0.4609364677977741,-0.24482969812346322,-1.7976610202326464,-0.6391707267102551,1.6251347264592013
98.53176402536546,-1.0367707553467556,1.4090034710408346,-1.8698202084377686,-1.5455271852645263,-1.6516477239953136,1.043362956740836,-1.592514749311293,0.3216460839319848,1.5319932411701496,-1.4404629570907321
104.57137296084372,-0.4152519477940033,-1.2154297271643584,-1.804395133416047,-0.9187644811051241,-0.4889252657254026,-0.010584183828771021,-1.7778088628276514,0.8358788057536879,-0.25441850029542845,1.9136245032361363
28.92336390460018,1.1988998757797065,1.4815267463156179,1.626972682347812,1.5714327736504137,-1.1453196180391374,-0.9932190494454076,-0.9499623366724426,0.37048702830278657,1.9695599811672433,1.49018603535895
10.102783894428498,0.6314481134552716,1.1888998491944878,1.7506538531326141,-1.9985963276999614,-1.6497637306120567,1.1365737396232012,-1.7926679995615706,0.1591253388293259,0.37452068566261554,1.5624445639987337
48.143076781032114,-1.303968058436927,1.2358878460852685,-0.4487880559363653,1.5564002379733792,1.0365973371539856,1.3857942612753975,-0.880406935559956,-0.8940385376086106,0.43643680079448766,1.2880666478370553
60.50176133156762,-1.2320165802046357,-1.4096027661754884,-1.4533616686517061,-0.27663433577895535,-1.1366181652717295,1.1156259521737337,1.8807149846109295,0.7862976640393833,-0.6354204580288885,0.07638876449969167
28.348874866973055,-0.02307012311107215,0.8804962929713547,-0.5282168934113725,0.37518362388574156,0.818032530314087,0.4743593106181767,0.22920936153592386,1.5776098267068508,-0.7278777715324471,-0.06432579859078746
-6.756127964939951,-1.3615109824031322,-0.2601112723912493,0.2165879808271418,-1.004691758920873,-1.4568150377776923,1.3261833374771825,1.047653641027837,1.5990965780897874,-1.84779176010518,-1.8638484161583198
24.521714709986398,0.29082725666721476,0.046650517615122844,-0.07680596898962522,1.1470995700569304,1.1941036110158865,0.2947632041961743,1.7689616331472648,-0.6336993135126723,-1.5979031951135458,1.6510594210388567
22.8108003286929,0.06132931717425105,0.29676515021509653,1.0113870715840374,0.9303632164448685,1.5410724755487704,1.6868997969817277,1.1270039938959466,-1.6285464792502653,0.9422380556048253,0.7021264510494047
13.459048925497102,0.7463983524372995,-0.46004784670127297,1.5513000305627411,-0.1788916077813525,0.3914083254956817,0.9454080320784404,1.7142549587629814,1.9461144562479689,-0.5435978250296261,1.3362012964419727
101.34804041446752,-1.0388058815837788,1.3351560064999974,-1.6126836845930987,0.06671270662657891,0.4072303545253515,0.94306307881086,-0.8276831594548981,1.767224192800541,-1.958520308710292,0.32015036223050286
32.11708107981591,1.664150428017563,-0.1258110826910399,-0.4565336269726479,1.478266112906962,1.0297345007663536,1.9606834149995822,-0.00992309067447561,-0.07386659963457332,-0.2862161355627588,0.964044206308516
29.57454048570964,0.32214274592136904,-1.8328155137697273,-1.1954553840389455,-1.1027075459657198,-1.458117667999376,-1.279063049275702,-1.4324960219587948,-1.1313723577830839,-1.337059913489358,-1.0582255484171346
23.737738444080787,0.1298881770478455,1.1151650819510666,-0.9010369419752222,-1.35808593922564,-1.266912066722174,-0.7523705188831014,-1.4020606369990265,-1.658154300632252,1.0372931596836699,1.226038778584229
58.55791436269689,1.353269883672191,0.19601045260562566,-0.8178278355342115,0.6776890922390497,1.9291836684411598,0.021479559166722506,0.8743461266519246,0.5809688662940462,-0.4867821024297987,-1.2683516794799496
103.78495871093799,-1.2567381554701926,-1.6647394122638657,-1.9100832313779406,-0.5686451674132202,-1.9106135445854826,1.3631021784267459,-0.7238293821649995,-1.3686742852778924,0.798139774636617,-1.301417631994973
7.394897105900485,-1.6746225289000471,-1.3487057006240475,0.7181621410294836,-0.2858669530585445,0.40854975615708256,1.6672303083560607,-1.6650542825594274,0.19370699050797802,1.858173065218251,1.54285312058119
23.55236716479201,-1.9387125691358884,0.5452512020846534,-0.8037010635874524,-1.3975664222180755,0.3503021076556738,-0.19733342676494736,1.9440743214198744,0.5644477180065208,-0.7074743265054635,-1.52897175833245
6.020814913683375,-0.7602425543563625,0.8501142399670623,-0.6913691970217393,-1.2089070675464493,-0.2629989880633703,0.48416364909077325,0.7482000657708503,-1.218507227812843,-1.2295294544588735,1.49972723462635
-12.038218190489793,1.520868168268553,0.17794308134538905,0.5244644901154136,-1.9091826404853722,-0.09450091920405779,1.066087794857562,0.7914948701169102,1.9093086545477322,-0.7353183934868706,-1.236221187171528
85.35389171146103,-0.5373590919184466,0.2924325994459358,-1.7112242895706604,-1.6772417588463382,1.8149392231858883,-1.9659032093538586,0.49729549534204187,-1.5937661429855225,1.5382897573422203,0.5961185724899756
12.140309750072486,-1.2494234360096512,-1.6857814092321628,0.9656735967821128,-0.1149453915547376,1.135256280375363,-1.3585818754821322,1.9881374815710169,0.6135509322766874,-0.07440145590338298,1.4618247525386954
31.08728269287245,0.8453564212916365,1.467531441943545,1.5499827109915678,1.8950645040392144,-0.6107461721059746,1.5033880959781478,-0.651020963493615,1.3924037189020222,1.8982397812838014,1.0435232145220708
2.2716001338915746,-1.0762764424191182,1.5177586727449053,0.4482572120949797,-1.327727077381601,1.2724715902151562,0.374269159363275,-0.1548233560640213,0.24027474895228185,0.536312661140415,1.899580781694402
57.452589848052284,0.7016191776705876,-1.5659303778785425,1.867944305520978,1.454978465191131,0.485293133710893,-1.9850333639878084,-1.3440269239503273,0.717947697425529,0.170817973777869,1.01245513520435
40.89461655845032,0.531275141868536,-0.2847009457266805,-0.7612051824856056,0.9894571259152904,0.7524522791394195,1.930423026667147,0.17037769863405972,-0.2844107649879235,1.6283099509746775,-0.07636010729299203
68.93969743305136,-1.5343618064543656,-1.7688587950004786,-1.3888890071894342,-1.276815792109467,0.50545423575202,-1.7112064772653008,0.12902950522067425,-1.5215289264530525,-1.2474783125836941,0.7959471314267801
22.200932014543326,1.3663815457622044,-1.666730763737942,0.9396498281781507,1.6066691658878574,1.9842024325975696,0.9974991716893729,-1.4419283208444553,-1.4086836553791677,-1.9933522222131943,-0.34079627090940656
29.617003228359547,-0.5043758017916522,-1.7830762324310352,-0.9776288782922342,-0.9660944040977406,-1.4999325378240291,-0.8523924055447476,1.1372068155903379,0.48886169098403043,1.0713709828247144,-1.3164622355576094
-14.786491282811346,-0.6187289849950246,0.7976722797885625,0.10445702696407855,-1.3471684121608374,1.1108101107775123,1.6418304871230305,-1.8850744548764475,0.025577365901879645,0.5557910661949066,-1.5038306958359202
99.55927940712809,-1.5961890286227014,-0.09766396279874323,-1.8955292568271283,-1.8607368812962481,-0.26171085847339004,-1.306444137165407,0.467663369115769,0.29614253992200323,0.6744105229228956,-0.026217843616086256
58.23844174230554,-0.1576965107865198,-1.2314099559062863,-0.6597342659797283,1.6357871004657984,1.8503418413037793,-0.34520859566136153,-1.5710333871776854,-1.2083238554582336,1.438644395378529,1.46160867199248
9.086561361266517,0.8830309219678449,1.3475292895421362,1.2191445363992757,0.38566469013765614,0.10100660350438417,1.064318785561297,-0.2810361611069401,-1.602980264583676,0.4813427958044243,-0.7263235527336218
53.03407468042472,-1.7403018441585458,-1.3855640987759688,-0.5647927128246857,1.857147365200209,0.4345363553730275,-1.7269118201118423,0.06762935973883133,-0.34492378554196623,-1.5365514652472498,-0.3074705869664105
25.90826805499828,1.7336286909401557,-1.8529443408433792,1.7181100274838985,-1.8209816735864508,1.6511617532545984,0.913843157810188,0.4400395641061965,0.7783818535706124,1.1458349310912235,-0.24722793580962277
28.20213503653352,0.22767971234266104,-0.20689601777324507,-0.4919722204237291,0.4227763537893354,1.1537354936942665,-0.6955647896121593,1.9026483135437426,0.7593205440004871,-1.899466303122571,-1.8164023238460514
101.2236155977951,-0.6674907942637893,0.2686863167786835,-1.892388387728691,-1.0065582816022927,0.4319308108634434,-1.3445015728735688,0.6259138279287404,1.815014891592007,-0.5493341738652315,-0.7794158004649581
-5.392295697293874,0.6473391056760924,-0.38834729779497046,0.7636998597504987,0.5787134352241785,-1.0936502250477744,-0.374224759881399,-1.9528347056692397,0.3052182780801873,-1.5325901386954546,-1.3597945003173453
14.789302910699302,0.7442830140772982,-1.1541415191181725,1.0741523430481368,1.8375966595767732,-1.1787418301784078,-1.6811360948392626,1.1237439300927519,-0.5557469083085151,0.4093108004353678,0.3175741543913082
24.22499321752667,0.6047425686340611,1.413608753446646,-0.25990208694472594,0.04468224895948936,1.5652141816265144,0.47636736506021915,1.7883078105333974,1.1851498503597946,-0.1635940611087512,1.3295402787869621
34.74637334222852,0.6578661097614256,-1.7081987351014307,1.2259712485321757,1.1736062482642429,1.7357269513306188,-1.15166334711421,-1.8127796045028925,0.9238779494427622,1.2674470303728396,-1.78760835024576
33.855415649615864,1.5334944158359294,0.29991735199640157,1.6123805827542714,0.7338543242042741,-1.6303553528857977,-0.7938315985014208,1.079492261105016,-1.9633611646164977,-1.2252222360803904,0.21156084926961416
20.313436320078296,-1.3403960966998891,0.03636802729668087,-0.15490491224448188,0.6531948985429175,1.3457898019707102,1.772811647540279,0.2657471724654705,-0.5234901141590091,0.6187812628258698,0.8054553784768914
56.99572192112292,-0.5228943162850119,-0.5547050188304659,1.8348317213478982,1.1957748646603092,0.2999811104967196,-0.7047757460477069,1.3894795906900512,-1.8219849799108672,-0.6669745951471557,-1.3813842944938388
2.3131898674653932,0.24593546994519766,0.7383596392375114,0.6499484469958068,-0.8276454848099712,0.9479217657041925,-1.7560892810173048,-0.6884360178761164,-0.5647323198045218,0.21299809832625582,1.808393187212062
47.84333718507395,-1.6183467624673273,0.6183616145363966,-1.3794133639483706,-1.9148065386624324,-0.735043842972035,1.7511814199765885,-0.019421986611568798,-0.8781545709500618,-0.6923967336641006,0.6451610406851183
71.78740252630502,0.8714698428483962,-1.8929095453761167,-1.5699668865764904,-1.7349520593762535,-1.094781011133949,-0.5931330432741388,-0.9983655461666641,0.8782570921797186,0.3743046617660095,1.790054382188667
65.52511982918004,-0.3699913205297798,0.4372427140759245,-1.5550361784734208,-1.6727409015500694,0.5310819913648119,-0.5519373454337573,0.8232580138661199,1.4014068676727356,1.6492758673562946,-1.3067070442572373
52.46503545870177,-1.9360672679669775,-1.2230387170274009,-0.8188384217831572,1.4445916307417743,-1.1837069763773354,1.21508335511604,-1.8666907357637381,0.3602268642466009,0.09004434844047005,1.4447204501212374
36.24881833783003,-0.08490818831727953,0.4992043699659585,-0.79400932200214,0.4127084617553276,-0.007957651188896797,1.393114196803693,-1.594187845728651,0.9274391332187117,-0.4401655936726212,-0.6628840849529514
45.53406027883537,-1.2663218606365803,-1.0650070896509858,1.7343298116394386,1.7732093616255251,1.2442354437835972,-0.3419166985491051,-0.6972218061066111,-0.9083594399581743,-0.44785016806232125,0.7973403130530441
3.6675158250105695,-0.3265609332828108,0.10035502238401461,0.9448961514098246,-0.590687674692036,1.3286973212799222,-0.483402932065641,0.21336632830289348,0.9509790436824628,-1.0517233511536461,-1.9452597051822993
-14.286334906910259,0.8319874750548242,1.4845912677971262,0.7765841251832537,-1.8816407030219455,1.946793952887063,1.1405035516698545,-0.1463019793932432,0.5434342401815906,-1.6746085087749023,0.7872623234879668
28.15697541400114,0.03280157185542176,-1.0251472658510212,-0.5520632117836608,0.42127424804094815,0.5723869834371049,-1.5916293457644062,-1.0708591573082349,-1.7430402153806441,-1.3921849656635894,-1.9426417788625971
5.013383258947649,0.7782689143856847,-0.7486208718883338,-0.2372238672136544,-0.6122644614055566,1.9862028109268888,-0.35497179857157013,-1.0019473678726096,0.3218234880832136,-0.10814823010257602,1.0382415665166844
8.80267860203372,0.9872866017466237,1.0720643007935258,1.2207910999162426,-0.8501606795909344,1.7477952396421497,0.37213396911203,1.7006441935163599,-1.9546475948993192,-1.460140595871568,-1.0220105180578383
8.594272367336279,-0.8247757724762041,-1.714423180905695,0.7097751863207669,0.8845044783855989,1.7012950135301979,0.6702524006997526,-0.6183863620861474,-1.2636637311789047,-1.9113431356754584,-0.7111901594798691
22.6080749180654,-0.9360339956038883,1.9173146626959476,0.6006226574896489,0.7098381201785333,1.8589497123434198,-1.2222183277852614,1.843705582971856,-1.5116268157200348,-1.6043186870635937,-0.5942030211209706
72.65496437562865,-0.3156867299509316,0.7793881464900907,-1.2808074632153872,1.9327166815657475,-0.6230193872861607,-0.28723855599729875,-1.1222453889486936,1.4494200880859265,0.3716949492701036,0.2414555094752493
26.047896389097563,0.803043832857198,0.0590171306075753,0.11661314071631157,1.2220840044433574,1.8807871818088762,1.260676891630689,-1.6399199225939594,1.0261208023600115,-0.0376364128546669,1.3358298005062985
47.66038950922424,1.2047628443229201,0.5210992040089848,1.5195146016790244,1.035853719740159,1.4617775794136536,0.7175066491968236,-0.5563539687989301,0.6725432427282678,-0.089390848106222,0.44606390397404727
-8.337089078929594,-0.4670464680566466,1.9582774848910511,0.04326560717556349,-0.22771328220221854,-1.5162864752744332,0.8283690484861546,-0.8559827507002584,-0.9398193513135018,0.7348282710585106,1.582476096309565
-16.205180283029378,1.3197585694537506,-0.12806843855533856,0.16059953300415186,-0.9986112649582615,-0.6918094039741449,0.5122569805122441,-1.8672424299056853,1.9321442152375412,-0.5288146996885521,0.8132839137223127
1.282980768286948,-1.5020751073528005,-0.00706268648758579,1.144594214468989,-1.4673286889971258,1.4626027283356313,0.2752289624742503,0.5091064673070247,0.7219487960490962,1.819799283152479,-1.8593539616239063
13.11123974393674,0.4686967482037092,-0.985946784933788,-0.1439861323062881,1.183791221771863,0.5816403942462705,0.08939760247786488,1.591110981366683,1.011087505240702,0.27847692958814774,-1.6990186469384407
4.383483054421706,1.4356847253024294,0.08778040403361898,0.7643011780042963,-1.018116789842963,1.8621969100176612,-1.5208656200806905,-0.8706295446820973,1.6921259737665197,1.3439465981017351,-0.7732524571441499
13.684799364077115,-0.6173580164907633,0.022626126283381343,1.4660501450433165,-0.3461269361611663,-0.21605977793393416,1.3649257896221525,-1.2635936899942708,-0.14301065230311627,0.9494898118519122,1.9701834555135993
57.25410877779291,0.03080318872051091,-1.9525161889399598,-0.9226764605825202,0.9481324540879252,1.8341732454612014,-0.7421634088231062,1.9419456948020373,0.8191602055357206,-1.8470333892825024,-0.6370909971527987
47.15827415044085,0.5842549566324968,0.1915676791233225,1.8854709996616323,1.0405977666540593,-1.016499986680944,1.5762942754198783,-0.016637263955446624,-0.9480089881773139,1.2541614495565692,-1.0850654032597276
18.57530912652531,0.7163482374123622,1.0116284692606698,0.5846738797600319,0.6047616632830644,0.9547358322709103,-0.46832180937099377,-1.1014414051080088,-1.5071620742448397,-1.7874313429223125,-1.8984083291934057
12.954729612621286,-1.1609658731499746,1.5774130345366966,-0.6497591766395647,-1.7223784671680198,-0.26300242904496063,-0.2476547499989934,-0.750616518488052,0.05112524322471401,-1.874753591838152,1.7424304507976314
37.367371111768456,-1.2813716720400437,-1.018121567785577,-1.070337789204339,-0.05341619607177028,-0.6487119409735609,-0.04316064773936468,1.5609077631932795,-0.6545975117685638,-1.953489587192328,1.9085879810538846
105.4267771157734,0.4271679451319996,0.3360313673737241,-1.8136780537258321,-1.2842494458821894,1.3697883266952275,0.18687239514928278,1.7250692859005556,-0.8853005443658031,1.6830734218702927,0.7484647576478611
39.85841856625199,0.41137592192700545,0.2812576707748713,-0.5836658852246646,1.3805650359284525,-0.19785110066136058,-0.7401821257067689,-0.4747443772413682,-0.03957402369750884,0.1952803140737731,-0.47733383375017713
17.786048275359754,-1.0878133631543108,0.21448698998739113,-0.6510381258904023,-0.9691701523645544,1.5342023148923327,-0.2867524139448401,1.4528935603698612,-0.0005369779481392278,-1.01005926605634,0.2612939206307665
20.817911347388595,-1.6107666607420779,0.14779555903351582,-0.9870392597165427,-1.2783583782598966,-0.76464169147952,-0.13617283151060322,1.0071344171331749,0.9607448952041517,0.6199923018024753,1.59527005843018
7.693125101021083,-1.4819129876909476,1.920134341886266,0.9006546141336393,0.9899773734308281,-0.1501886643490269,0.7010016069032967,0.07769956402725509,0.8232164237817146,-1.390709755917796,-1.6685267793932583
16.221117088734776,1.067116775661519,-1.2919559241625787,0.5860802610655091,1.111919911717247,-0.8657110678200164,1.2771420489649192,0.12314606692115992,-0.97117813049972,0.013183786668639286,1.4930473859550957
151.83112490647468,0.4178748659314757,0.9756321878617467,-1.9278533631970256,1.632915843892976,1.6060140704641515,-1.3725160809446844,1.6517945921910728,-1.3490696398781559,-0.0011359388934875092,1.2565164153429298
16.147234800818804,-0.33038790749519675,-0.5354433813003201,-0.7069947113952364,-1.0281098227782612,-1.5968570912874478,-0.15641498952217248,1.9220059174781698,-0.639991985447609,-1.9691714893309396,0.641205041758877
17.710146068979718,-1.2737526976835345,-1.9930371584812892,-0.24705633524917747,0.5139965671706452,-1.7036215656598794,1.1601155444980917,0.3019991532002928,-0.14826489412168575,0.6222473667278079,-1.3702356102009543
-3.7445631071928167,0.13748965767040167,-1.5823941545325715,1.6310543709856526,-1.7414303439358036,-1.120176180398885,-1.9776624231650217,-0.5211193539264469,1.0031144031219945,-1.2426444310221503,1.1244433722427
69.12341082028863,0.9306211156203563,-0.29524644733158434,-1.2736020972796092,0.40234502057628907,1.9571772092710042,0.9100982542133651,0.08140730567528509,-0.24937144774968312,-0.5834408275551164,-0.1698368597873019
-0.05396295851550903,-0.8725741688316027,-0.9506230230065023,0.4001092121074228,0.3629870361561873,-1.7975239427004195,0.408020822000001,-0.3314771780279355,-1.654480710131001,-0.5648208905693659,0.7656259214937746
50.234026598315225,1.5350605892065121,-1.07611900637631,-0.532938464853804,1.857557579041357,0.2873038300005284,-1.5597223006538754,-0.7940614959248897,-1.9019627101611594,-1.5828840679158418,0.21764639020331966
24.13036602449389,1.6780848140847842,0.6223342726651535,1.5564895437613027,1.0420797840056935,-1.445134796099444,-0.9929270992539778,-0.07996123901224239,0.7779125979370827,-0.2866940879768518,1.057602674402276
2.7199420073039295,1.2042456784531836,-1.2313148037625217,0.9781220724140303,-1.6092804913431884,0.8510637562942929,-0.05693149781614526,0.8216744469648805,-1.6324767711002384,-0.998843193181691,0.01291853340050464
17.45137437830755,0.3293452679496367,0.0207065866458076,-0.4325847646279266,-0.167436835379696,0.3034455383678556,-0.38567779863079643,1.2430746130936128,-0.6934968461675193,-1.3823446580946253,-0.6419317179061248
-10.982269427786836,0.07825282058784788,-1.8165570418898662,1.056157248440769,-1.4862558442370228,0.4025805362119903,-0.49636044623093367,1.4587447583216986,-1.041909936906122,-1.4061326206904292,-1.3043176999323198
23.287655813996437,-0.9891875728709989,-1.6541188487249667,-1.1519598449582706,-1.3664804446922068,-1.7057905601716445,-1.821569703488167,-1.272047272256354,1.44375298302786,0.8491522569032299,0.8586515070989043
13.15776465748258,0.4970152657323301,0.15965446585667742,-0.30976403515903606,-0.7618330371914004,1.0389205536162591,-0.9769873883815321,-0.2578499463971209,-0.7648211578338371,-1.7477944655666127,-0.0781210843670408
84.19157839330347,-1.6894959840930395,-0.33347222185901115,-1.5305991349965167,-1.0298056446682837,0.4441360427564822,-0.6400120893096877,-1.3352913204506693,-1.4315305470457664,1.2825292286628498,-1.6253289955173273
46.893662889994474,1.81795368779235,-0.5717252162856732,1.6161919153346953,1.5523708824220912,1.0437146765595946,1.1296990105273803,1.3791878127604522,1.6527515538718034,1.2681498827529403,-1.3090929465135739
147.42208162787742,-0.8168865878928004,-0.09639470204100187,-1.974642663285449,1.980762793515923,0.5377361285628655,0.9850501864415668,1.1887982912418518,1.4592421856993063,-0.5504699886224609,-0.7852494029544954
52.62913811521518,-1.9327847123174933,-1.5754137004952917,-1.0981344394235917,0.040791196086752635,0.5095118195537864,0.8162466436009614,-0.8495905903092451,-1.9416971485850638,0.9015091524674106,1.5153558461494603
28.069651939678792,1.1503484579910452,1.87561530870672,-0.11496607455622598,1.2507484265106572,0.6493729508808901,-0.23565703680158068,-1.2851077158400503,1.8558147829184763,-0.40952689881542037,-1.365118860555938
113.60327151917171,-1.2803909677935468,0.29769216980116875,-1.8727668361121523,0.8554377969429248,0.3519179883006327,-0.7064984757338362,-1.4250777599036266,-1.8183309908386485,-1.4370593705788473,0.2170098313999569
85.18294605707595,1.851161694460433,0.33704458736313425,-1.5566608846183727,-1.428874398830235,1.124586388200191,0.9900433096858618,1.6661813180432228,-1.210116432466648,0.45042448031874294,-0.5126368577708225
57.378799469722445,-0.7239927425651649,-1.8401540382770651,-1.3590873897589901,-0.6064391195592447,0.5924776468532809,-0.237506711595886,0.32294552559077516,0.5864665585779298,-1.4778735527619151,-1.9921781698645544
-13.391327422832209,1.401333986403798,1.1464229090513198,0.16497166988672074,-0.5265633390023541,-0.18506199136765522,-1.150013527407932,-0.07687718706087843,0.4045688811298236,-1.1904392946655924,0.851265272783317
5.563894122886299,1.8534444307800082,1.9697169163290438,-0.7854216382351531,-1.7607086129007117,-0.1952014680982268,-1.413112601806188,0.5498029538869611,0.3734827781722716,-1.1424628590715602,-0.5661661471936932
18.084369547581137,-0.9094538002803625,0.6294495123868975,-0.8795817385118401,-0.916838798732662,-0.21402134375307202,0.2755349021977538,-0.8907076723490626,-0.4205021458000755,-0.6110654160912898,-0.0017466414027049737
10.458892144806585,-0.0258600444818331,-1.347542663648428,1.225620941059419,-1.0816785556959205,1.9305162595530785,-0.5811067838776403,-0.5558474605060373,-0.19612706724440265,0.23442111620590067,1.3405429186964275
24.129216526317297,0.8228908734722342,-0.7165726462308672,1.0731231974462094,1.7679792087849222,1.8971844644274736,0.344991267088981,1.8999262050004568,-1.25546294875587,1.656796396791881,-0.7387004430231556
32.21300243854738,-0.37995270013593707,-0.010549062874213977,1.4587620198118514,1.509088602200427,-0.2776584110042881,1.9268877741405674,1.363119095517697,-1.8348930034373656,1.7092571204318365,-0.9600286975733461
60.33996735411561,-1.6613450552184186,-1.412136568310204,1.8247654355437715,1.5351969497900857,0.2069883822673786,-0.2845332610679976,-1.5089657134579388,1.3391438487893446,0.1981084376761868,-1.2580140781190705
44.884587687190425,-1.9089436578970247,-1.8111088859303646,-0.995779187885776,0.7587195555087596,0.4920927805500215,-0.5441401069797389,-1.675468596875465,0.6191344127106486,-0.9270791224037107,0.31352927477912473
5.249121870106649,0.4289920799807687,-1.7902149192562455,0.6766237334476655,0.9888167378282002,0.27948699977147307,0.5494627027891688,1.4469136190876863,-1.852941049155858,1.4806366585470516,-1.558714907711336
37.04967292567229,1.939639502123221,1.4441160435958635,1.2937085844849245,1.3628098309522239,0.9942689055577856,-0.41383002461053264,1.6822255656519265,1.3202903040005185,-0.312791368224687,-1.576036511406012
57.64525190790596,-1.8530214829459992,1.2454785796160008,-1.1803248068214023,1.8421346323295964,-1.802481138927846,-0.11612551497716561,0.9864467995798787,1.3205372277258118,-0.6334957835581805,-0.1844475866636648
14.247483151495395,-1.8810886646162657,-0.2457394174916976,-0.31493476999439984,-1.497896264611974,1.2028570944511388,-1.709727171738626,-0.08693257118805642,-1.580266335196947,-1.9099402136104158,1.4461381503527884
76.00699084327519,-1.28949773279111,-1.999980360349999,-1.5049609113906963,-1.2157587138149424,-0.38532283140623536,0.6984376269172747,-1.7119933488565358,-0.13779653071170506,1.4184363793561414,0.7120097508513554
67.66329797993038,1.2865144427498714,-0.0479611154978552,-1.3335226811482732,0.7572423575027774,-1.0437809075456435,1.459663675631349,-1.7424024266838103,0.0825582163686649,1.8347348638732521,1.2477915870214065
15.69962334260406,-1.53939643304951,-0.003863274641407788,1.3110691357795607,0.9212248249881019,-1.3712221813452752,-0.34307413180541646,-0.9977854196245857,-1.053075374442923,-0.05771540852879076,1.703487005651358
99.77189015486775,-0.42779241013654534,-1.1872647561286427,-1.376375890435042,1.1178770435506187,1.6360943901385223,0.9124680237437759,0.5280634937694719,-0.6512106792431034,0.5777233396860009,1.2047189398585436
20.50957450512164,-0.7193955235651908,-0.4253558799831647,0.06439549758654506,1.3281624998338906,-0.9533162678346083,1.5150782150780309,1.357311580764315,1.8993434873504857,-1.459987176669019,0.3317038031243684
59.600193875155085,-0.9763955384335916,-1.685410356991123,-1.099752277924753,1.6784341663228335,0.12065911762209103,1.7106496671989233,0.8643342254569513,1.982561353408693,1.2140651325219696,-1.0494594701686455
14.963735459041214,0.8312965564348485,-1.791484764050061,0.04826222150228077,0.5307890939096942,-0.8839598153182222,-1.5552855267570935,0.38746507937736485,1.1709255287374862,0.03738754538311451,0.9787185122146211
24.897430005030586,1.6723178291913832,-0.5280068607864576,-0.26595574493479823,1.0173181209152058,1.316815371638394,-1.2216047486716728,-1.1280627086590829,-0.3906992812193071,-1.1027336458905506,-1.3839718001095598
1.2683850953518512,1.0936580615857574,1.3002363711868363,-0.20511097410743417,0.4754156436103574,-0.7456056964143025,1.0346341933244387,-1.3358301954189509,0.5608124914043326,0.11488638467578083,1.856330380444624
5.886684085577158,0.7973370752642288,-1.2163164037363612,0.9501217647699947,0.9333404166155024,-1.3104033738054754,-1.7729038316152947,-1.8234025223036512,-1.5883834589573822,-1.347800663189628,-1.561963759609681
27.113753254299162,0.04063853617187574,1.6627948183896826,-1.0354518690112924,-1.3242023318861933,-1.780689722415266,0.3866454755962585,-1.3670299635677776,-1.2299326921259839,-0.04940015053259206,0.8900197666617733
113.40613143443979,-1.658450897081813,-1.5134241277706004,-1.9224485083801426,-1.9369519353110447,1.083078049697244,-0.8361702231359116,1.4245086186561733,-1.5283002799729744,-0.6712188549103204,1.3768669668367832
78.19915792193541,-0.05401548425906322,1.155313488836598,-1.4918124570338152,0.5283092820920019,-0.8964603666818718,1.0429497017344942,-0.6187499274792025,0.890433743942614,-0.8956794327626345,-1.9847211494549137
17.02447161382461,0.3863326794364572,1.5532109144568054,-0.20184140927333738,-0.9620534306285764,1.4566717169255838,-1.7422568599213997,-0.580668895837674,1.9550630221249716,1.574386742403255,-0.029922465998146297
12.300504463795583,0.05777292648092924,1.8826310649440763,0.33299244706690967,1.30462218577855,-0.9308799731966682,0.4603532027389483,0.4057551195630795,-1.772055895391229,1.6410440697614637,-1.1277239193008715
97.50816348402991,1.9419582394290038,1.3890793614159338,-1.8994209470611003,-1.9508122967475745,-1.2527185118847597,1.7565493589661072,0.29867694348471874,0.32248366511022253,0.495568001529052,-1.9771619447406472
-9.836030068209448,1.8706049083421892,1.9137968719946508,0.04796164987935203,-0.7612013590562219,0.6750742351491428,-0.1098709102662907,0.512144859313858,1.4822561854656375,-0.7765818864431098,-1.8032004508601815
-7.717357135859154,0.738893924329802,0.11847896419161463,-0.023731006576285463,-1.0949141582923314,-0.99396304661117,1.464447451383728,1.4583892619207717,-1.4215593747346555,1.181264714902778,-0.6661432759428876
6.824616845050135,-0.20191862365855684,-0.524213590558011,1.3383348133452326,-0.18350919328523618,-1.732155579868481,-1.0192634204462885,-1.683142862277558,-1.8036685209307768,-1.1923157450056205,1.7104237857645561
6.094637454747717,-1.9216423875654813,-0.8132952126282773,1.6289919586362642,-1.552136878631066,1.1858347512550762,-1.4113339158667864,-1.6526325185137662,1.8240470969232954,1.133065219150831,-0.1436980454540433
87.43948381652686,0.34074917472331956,-0.9998821177824677,-1.4805946797417366,1.2398531233131012,1.0719245110343687,0.20791321727641465,-1.5388797130967435,0.012014310491479385,-0.8231762262558635,0.4072144710621797
69.55077232308092,1.8946681743909957,-0.18778521968859163,-1.623605544166709,-1.4964490421390453,0.6624857394649415,-0.34767970040337914,-1.0450552739016779,-0.7157104085333743,1.488972348778121,0.5659381538823349
28.695420953031146,0.21016397422472677,1.0740565543438962,-0.12733254814775474,1.85413736776477,-0.8457459344479541,1.8385102291581363,-1.1143681101419043,-1.2662789572594493,0.23391944412580168,1.2174986310834823
28.46867598244922,1.2232586755829655,0.828377480449288,1.3003931480611186,1.538168359637834,0.13854893736338436,1.987583954722377,-1.9459496863784027,-0.2993826929915451,-0.1940380570032918,-1.504874530382327
-9.413164577590884,1.7234479661785085,1.7484814756928722,-0.3086871788776424,-1.6151691255079035,-1.1839189254498481,-0.23176777801032156,1.965204298597052,1.0129281644160706,1.7549764004984008,-0.3722994854222117
61.89735384400263,1.9824418340712247,-1.8594214586679447,-1.3210555581570627,-0.875912699742539,-0.8011582739698202,-1.661263555196364,-0.8308441111394917,0.3491068929132082,-0.2195933051264034,1.7336553849518355
40.05714439974234,1.9668563445461413,1.2301383814153746,-0.33874368824428336,1.8242174983152615,-0.3873612805229447,-1.305453383099977,-0.9872864972783426,-0.9362852466714084,-0.1894871840598511,-1.735100066259836
17.526327058518216,0.31371449461431355,-0.2559909864857173,-0.36981661093742346,-0.2761540495489916,1.5305042325908311,0.803146293928374,0.8040143562548132,-1.3230929990796616,1.179724026357262,0.07029126635226701
90.93196739138783,-0.05097150585526444,-1.70281884921343,-1.4675512999816087,0.6748288060749714,0.8130856998941658,1.544067093839355,-0.5269286196097114,-1.4101594107520956,-0.5420280323575173,-0.8368589840112524
26.47415504949692,-1.4613979438282731,1.9989489140990466,0.5453559938525654,1.9270165338599305,1.92227810094451,-0.7814264017529391,-1.5246401552503444,-0.6330203288098359,-1.6377135118892299,-0.9806515966917284
