run_set,data_set,sample_num,rating,mse,complexity,complexity_defuzz,expr,expr_defuzz,expr_original_syms,expr_original_syms_defuzz
SRB-2026-06-25-1715,sin-noise-0,1,1.9999999999999584e-12,2.0928596821776095e-28,6,2,0.999999999999979*sin(x1) - 8.036157408189007e-17,sin(x1),0.999999999999979*sin(x) - 8.036157408189007e-17,sin(x)
SRB-2026-06-25-1715,sin-noise-0,2,1.9999999999999584e-12,2.0928596821776095e-28,6,2,0.999999999999979*sin(x1) - 7.997664597095252e-17,sin(x1),0.999999999999979*sin(x) - 7.997664597095252e-17,sin(x)
SRB-2026-06-25-1715,sin-noise-0,3,1.9999999999999584e-12,2.0928596821776095e-28,6,2,0.999999999999979*sin(x1) - 7.997664597095312e-17,sin(x1),0.999999999999979*sin(x) - 7.997664597095312e-17,sin(x)
SRB-2026-06-25-1715,sin-noise-0,4,1.9999999999999584e-12,2.092209542395164e-28,4,2,0.999999999999979*sin(x1),sin(x1),0.999999999999979*sin(x),sin(x)
SRB-2026-06-25-1715,sin-noise-0,5,1.9999999999999584e-12,2.0928596821776095e-28,6,2,0.999999999999979*sin(x1) - 7.997664597095318e-17,sin(x1),0.999999999999979*sin(x) - 7.997664597095318e-17,sin(x)
SRB-2026-06-25-1715,sin-noise-0,6,1.9999999999999584e-12,2.0928596821776095e-28,6,2,0.999999999999979*sin(x1) - 7.997664597095306e-17,sin(x1),0.999999999999979*sin(x) - 7.997664597095306e-17,sin(x)
SRB-2026-06-25-1715,sin-noise-0,7,1.9999999999999584e-12,2.0928596821776095e-28,6,2,0.999999999999979*sin(x1) - 7.997664597095323e-17,sin(x1),0.999999999999979*sin(x) - 7.997664597095323e-17,sin(x)
SRB-2026-06-25-1715,sin-noise-0,8,1.9999999999999584e-12,2.0928596821776095e-28,6,2,0.999999999999979*sin(x1) - 7.997664597095252e-17,sin(x1),0.999999999999979*sin(x) - 7.997664597095252e-17,sin(x)
SRB-2026-06-25-1715,sin-noise-0,9,1.9999999999999584e-12,2.0928596821776095e-28,6,2,0.999999999999979*sin(x1) - 8.036157408189007e-17,sin(x1),0.999999999999979*sin(x) - 8.036157408189007e-17,sin(x)
SRB-2026-06-25-1715,sin-noise-0,10,1.9999999999999584e-12,2.0928596821776095e-28,6,2,0.999999999999979*sin(x1) - 8.036157408189007e-17,sin(x1),0.999999999999979*sin(x) - 8.036157408189007e-17,sin(x)
SRB-2026-06-25-1715,sin-noise-0,11,1.9999999999999584e-12,2.0928596821776095e-28,6,2,0.999999999999979*sin(x1) - 7.997664597095323e-17,sin(x1),0.999999999999979*sin(x) - 7.997664597095323e-17,sin(x)
SRB-2026-06-25-1715,sin-noise-0,12,1.9999999999999584e-12,2.0928596821776095e-28,6,2,0.999999999999979*sin(x1) - 7.997664597095324e-17,sin(x1),0.999999999999979*sin(x) - 7.997664597095324e-17,sin(x)
SRB-2026-06-25-1715,sin-noise-0,13,1.9999999999999584e-12,2.0928596821776095e-28,6,2,0.999999999999979*sin(x1) - 8.036157408189007e-17,sin(x1),0.999999999999979*sin(x) - 8.036157408189007e-17,sin(x)
SRB-2026-06-25-1715,sin-noise-0,14,1.9999999999999584e-12,2.0928596821776095e-28,6,2,0.999999999999979*sin(x1) - 7.997664597095252e-17,sin(x1),0.999999999999979*sin(x) - 7.997664597095252e-17,sin(x)
SRB-2026-06-25-1715,sin-noise-0,15,1.9999999999999584e-12,2.0928596821776095e-28,6,2,0.999999999999979*sin(x1) - 8.036157408189007e-17,sin(x1),0.999999999999979*sin(x) - 8.036157408189007e-17,sin(x)
SRB-2026-06-25-1715,sin-noise-0,16,1.9999999999999584e-12,2.0928596821776095e-28,6,2,0.999999999999979*sin(x1) - 7.997664597095311e-17,sin(x1),0.999999999999979*sin(x) - 7.997664597095311e-17,sin(x)
SRB-2026-06-25-1715,sin-noise-0,17,1.9999999999999584e-12,2.0928596821776095e-28,6,2,0.999999999999979*sin(x1) - 7.997664597095316e-17,sin(x1),0.999999999999979*sin(x) - 7.997664597095316e-17,sin(x)
SRB-2026-06-25-1715,sin-noise-0,18,1.9999999999999584e-12,2.0928596821776095e-28,6,2,0.999999999999979*sin(x1) - 7.997664597095316e-17,sin(x1),0.999999999999979*sin(x) - 7.997664597095316e-17,sin(x)
SRB-2026-06-25-1715,sin-noise-0,19,1.9999999999999584e-12,2.0928596821776095e-28,6,2,0.999999999999979*sin(x1) - 8.036157408189066e-17,sin(x1),0.999999999999979*sin(x) - 8.036157408189066e-17,sin(x)
SRB-2026-06-25-1715,sin-noise-0,20,1.9999999999999584e-12,2.0928008143233e-28,6,2,0.999999999999979*sin(x1) - 6.77790464694725e-17,sin(x1),0.999999999999979*sin(x) - 6.77790464694725e-17,sin(x)
SRB-2026-06-25-1715,sin-noise-0,21,1.9999999999999584e-12,2.0928596821776095e-28,6,2,0.999999999999979*sin(x1) - 8.036157408189007e-17,sin(x1),0.999999999999979*sin(x) - 8.036157408189007e-17,sin(x)
SRB-2026-06-25-1715,sin-noise-0,22,1.9999999999999584e-12,2.0928596821776095e-28,6,2,0.999999999999979*sin(x1) - 7.997664597095316e-17,sin(x1),0.999999999999979*sin(x) - 7.997664597095316e-17,sin(x)
SRB-2026-06-25-1715,sin-noise-0,23,1.9999999999999584e-12,2.0928596821776095e-28,6,2,0.999999999999979*sin(x1) - 7.997664597095317e-17,sin(x1),0.999999999999979*sin(x) - 7.997664597095317e-17,sin(x)
SRB-2026-06-25-1715,sin-noise-0,24,1.9999999999999584e-12,2.0928596821776095e-28,6,2,0.999999999999979*sin(x1) - 8.036157408189007e-17,sin(x1),0.999999999999979*sin(x) - 8.036157408189007e-17,sin(x)
SRB-2026-06-25-1715,sin-noise-0,25,1.9999999999999584e-12,2.0928596821776095e-28,6,2,0.999999999999979*sin(x1) - 8.036157408189007e-17,sin(x1),0.999999999999979*sin(x) - 8.036157408189007e-17,sin(x)
SRB-2026-06-25-1715,sin-noise-0,26,1.9999999999999584e-12,2.0928596821776095e-28,6,2,0.999999999999979*sin(x1) - 7.997664597095321e-17,sin(x1),0.999999999999979*sin(x) - 7.997664597095321e-17,sin(x)
SRB-2026-06-25-1715,sin-noise-0,27,1.9999999999999584e-12,2.0928596821776095e-28,6,2,0.999999999999979*sin(x1) - 7.990884859560729e-17,sin(x1),0.999999999999979*sin(x) - 7.990884859560729e-17,sin(x)
SRB-2026-06-25-1715,sin-noise-0,28,1.9999999999999584e-12,2.0928596821776095e-28,6,2,0.999999999999979*sin(x1) - 8.036157408189007e-17,sin(x1),0.999999999999979*sin(x) - 8.036157408189007e-17,sin(x)
SRB-2026-06-25-1715,sin-noise-0,29,1.9999999999999584e-12,2.0928596821776095e-28,6,2,0.999999999999979*sin(x1) - 8.036157408189007e-17,sin(x1),0.999999999999979*sin(x) - 8.036157408189007e-17,sin(x)
SRB-2026-06-25-1715,sin-noise-0,30,1.9999999999999584e-12,2.0928596821776095e-28,6,2,0.999999999999979*sin(x1) - 8.036157408189066e-17,sin(x1),0.999999999999979*sin(x) - 8.036157408189066e-17,sin(x)
SRB-2026-06-25-1715,sin-noise-0,31,1.9999999999999584e-12,2.0928596821776095e-28,6,2,0.999999999999979*sin(x1) - 7.997664597095252e-17,sin(x1),0.999999999999979*sin(x) - 7.997664597095252e-17,sin(x)
SRB-2026-06-25-1715,sin-noise-0,32,1.9999999999999584e-12,2.0928596821776095e-28,6,2,0.999999999999979*sin(x1) - 7.997664597095291e-17,sin(x1),0.999999999999979*sin(x) - 7.997664597095291e-17,sin(x)
SRB-2026-06-25-1715,sin-noise-1,1,0.005986529940580934,0.0059865301686583125,80,76,0.2703882208954242*x1 + 0.014617941591526273*(-1.050832993752318*x1 - 0.05096536673755546)**3 - 0.0061029378757001375*(x1 + 1.050832993752318)**3 + 0.06449183152904206*sin(1.8412272237964094*x1*(1.050832993752318*x1 + 1.0)*(x1**3 + 0.0001313521129275991)*(14.75668490643119*x1**9 - 100.4070920449805)*((x1 + 1.050832993752318)**3 + cos(1))) - 0.06822801999191765*sin(-x1**9 + x1**3 + 1.050832993752318*x1 + 9.344610387486323) - 0.6688704943363013*cos(1.050832993752318*x1 + 1.4397858201014001) - 0.0061029378757001375*cos(1) + 0.089257938249985606,0.270388220895424*x1 + 0.0146179415915263*(-1.05083299375232*x1 - 0.0509653667375555)**3 - 0.00610293787570014*(x1 + 1.05083299375232)**3 + 0.0644918315290421*sin(1.8412272237964094*x1*(1.050832993752318*x1 + 1)*(x1**3 + 0.0001313521129275991)*(14.75668490643119*x1**9 - 100.4070920449805)*((x1 + 1.050832993752318)**3 + cos(1))) - 0.0682280199919176*sin(-x1**9 + x1**3 + 1.050832993752318*x1 + 9.344610387486323) - 0.668870494336301*cos(1.050832993752318*x1 + 1.4397858201014001) + 0.0859605068431748,0.2703882208954242*x + 0.014617941591526273*(-1.050832993752318*x - 0.05096536673755546)**3 - 0.0061029378757001375*(x + 1.050832993752318)**3 + 0.06449183152904206*sin(1.8412272237964094*x*(1.050832993752318*x + 1.0)*(x**3 + 0.0001313521129275991)*(14.75668490643119*x**9 - 100.4070920449805)*((x + 1.050832993752318)**3 + cos(1))) - 0.06822801999191765*sin(-x**9 + x**3 + 1.050832993752318*x + 9.344610387486323) - 0.6688704943363013*cos(1.050832993752318*x + 1.4397858201014001) - 0.0061029378757001375*cos(1) + 0.089257938249985606,0.270388220895424*x + 0.0146179415915263*(-1.05083299375232*x - 0.0509653667375555)**3 - 0.00610293787570014*(x + 1.05083299375232)**3 + 0.0644918315290421*sin(1.8412272237964094*x*(1.050832993752318*x + 1)*(x**3 + 0.0001313521129275991)*(14.75668490643119*x**9 - 100.4070920449805)*((x + 1.050832993752318)**3 + cos(1))) - 0.0682280199919176*sin(-x**9 + x**3 + 1.050832993752318*x + 9.344610387486323) - 0.668870494336301*cos(1.050832993752318*x + 1.4397858201014001) + 0.0859605068431748
SRB-2026-06-25-1715,sin-noise-1,2,0.006676882233983162,0.006676882177452527,77,77,0.40038252927667318*x1 - 0.03580079877004222*(0.006244945846843879 - x1)**2 - 0.04941519868930662*(x1 + 0.006244945846843879)**3 + 0.022939973708848012*exp(x1) + 0.47446479719442547*sin(x1) + 0.03580079877004222*sin(2*x1 + 0.004772666092726339) + 0.03563834505197235*sin(2*x1 + 1.004784073404085*exp(x1)) - 0.08659478851182113*sin(2*x1 + 1.004784073404085*exp(x1 + (0.006244945846843879 - x1)**2 + cos(x1 + 0.006244945846843879))) - 0.03580079877004222*cos(x1 + 0.006244945846843879) + 0.041543913166612119,0.400382529276673*x1 - 0.0358007987700422*(0.00624494584684388 - x1)**2 - 0.0494151986893066*(x1 + 0.00624494584684388)**3 + 0.022939973708848*exp(x1) + 0.474464797194425*sin(x1) + 0.0358007987700422*sin(2*x1 + 0.004772666092726339) + 0.0356383450519724*sin(2*x1 + 1.004784073404085*exp(x1)) - 0.0865947885118211*sin(2*x1 + 1.004784073404085*exp(x1 + (0.006244945846843879 - x1)**2 + cos(x1 + 0.006244945846843879))) - 0.0358007987700422*cos(x1 + 0.006244945846843879) + 0.0415439131666121,0.40038252927667318*x - 0.03580079877004222*(0.006244945846843879 - x)**2 - 0.04941519868930662*(x + 0.006244945846843879)**3 + 0.022939973708848012*exp(x) + 0.47446479719442547*sin(x) + 0.03580079877004222*sin(2*x + 0.004772666092726339) + 0.03563834505197235*sin(2*x + 1.004784073404085*exp(x)) - 0.08659478851182113*sin(2*x + 1.004784073404085*exp(x + (0.006244945846843879 - x)**2 + cos(x + 0.006244945846843879))) - 0.03580079877004222*cos(x + 0.006244945846843879) + 0.041543913166612119,0.400382529276673*x - 0.0358007987700422*(0.00624494584684388 - x)**2 - 0.0494151986893066*(x + 0.00624494584684388)**3 + 0.022939973708848*exp(x) + 0.474464797194425*sin(x) + 0.0358007987700422*sin(2*x + 0.004772666092726339) + 0.0356383450519724*sin(2*x + 1.004784073404085*exp(x)) - 0.0865947885118211*sin(2*x + 1.004784073404085*exp(x + (0.006244945846843879 - x)**2 + cos(x + 0.006244945846843879))) - 0.0358007987700422*cos(x + 0.006244945846843879) + 0.0415439131666121
SRB-2026-06-25-1715,sin-noise-1,3,0.006511865635488775,0.0072472169404231915,117,104,9.317393688198776e-110*x1 + 0.00011733583362986323*(0.02803849774509018 - 2*x1)**3 + 0.081650262227712349*((sin(x1) + 0.04299969047232267)**3 + 0.02803849774509018)**3*(sin(x1) + 0.014961192727232488)**3 - 0.113651980753379*(sin(x1) + 0.04299969047232267)**3 + 3.426343000848764e-110*exp((0.02803849774509018 - 2*x1)**3) - 0.030567824769044814*sin(x1) + 0.030567824769044814*sin((0.02803849774509018 - 2*x1)**3*sin(x1 + 0.011328424821605456)) - 0.027509463525041866*sin(2.6430656105446237*(0.02803849774509018 - 2*x1)**3*exp(sin(x1 + 0.011328424821605456))*sin(x1 + 0.011328424821605456)) + 1.0692217113458171*sin(x1 + 0.011328424821605456) - 0.06179229834786291*cos((0.02803849774509018 - 2*x1)**3 - 0.3677362055859571*exp((0.02803849774509018 - 2*x1)**3)) - 0.0036439619237005999,0.000117335833629863*(0.0280384977450902 - 2*x1)**3 + 0.0816502622277124*((sin(x1) + 0.0429996904723227)**3 + 0.0280384977450902)**3*(sin(x1) + 0.0149611927272325)**3 - 0.113651980753379*(sin(x1) + 0.0429996904723227)**3 - 0.0305678247690448*sin(x1) + 0.0305678247690448*sin((0.02803849774509018 - 2*x1)**3*sin(x1 + 0.011328424821605456)) - 0.0275094635250419*sin(2.6430656105446237*(0.02803849774509018 - 2*x1)**3*exp(sin(x1 + 0.011328424821605456))*sin(x1 + 0.011328424821605456)) + 1.06922171134582*sin(x1 + 0.011328424821605456) - 0.0617922983478629*cos((0.02803849774509018 - 2*x1)**3 - 0.3677362055859571*exp((0.02803849774509018 - 2*x1)**3)) - 0.0036439619237006,9.317393688198776e-110*x + 0.00011733583362986323*(0.02803849774509018 - 2*x)**3 + 0.081650262227712349*((sin(x) + 0.04299969047232267)**3 + 0.02803849774509018)**3*(sin(x) + 0.014961192727232488)**3 - 0.113651980753379*(sin(x) + 0.04299969047232267)**3 + 3.426343000848764e-110*exp((0.02803849774509018 - 2*x)**3) - 0.030567824769044814*sin(x) + 0.030567824769044814*sin((0.02803849774509018 - 2*x)**3*sin(x + 0.011328424821605456)) - 0.027509463525041866*sin(2.6430656105446237*(0.02803849774509018 - 2*x)**3*exp(sin(x + 0.011328424821605456))*sin(x + 0.011328424821605456)) + 1.0692217113458171*sin(x + 0.011328424821605456) - 0.06179229834786291*cos((0.02803849774509018 - 2*x)**3 - 0.3677362055859571*exp((0.02803849774509018 - 2*x)**3)) - 0.0036439619237005999,0.000117335833629863*(0.0280384977450902 - 2*x)**3 + 0.0816502622277124*((sin(x) + 0.0429996904723227)**3 + 0.0280384977450902)**3*(sin(x) + 0.0149611927272325)**3 - 0.113651980753379*(sin(x) + 0.0429996904723227)**3 - 0.0305678247690448*sin(x) + 0.0305678247690448*sin((0.02803849774509018 - 2*x)**3*sin(x + 0.011328424821605456)) - 0.0275094635250419*sin(2.6430656105446237*(0.02803849774509018 - 2*x)**3*exp(sin(x + 0.011328424821605456))*sin(x + 0.011328424821605456)) + 1.06922171134582*sin(x + 0.011328424821605456) - 0.0617922983478629*cos((0.02803849774509018 - 2*x)**3 - 0.3677362055859571*exp((0.02803849774509018 - 2*x)**3)) - 0.0036439619237006
SRB-2026-06-25-1715,sin-noise-1,4,0.006215652674843848,0.00621565262079565,85,62,-2.379520662253237e-6*x1**9 + 0.0015007706436541135*x1**3 - 0.0014981872847060783*x1 - 9.0985485595699878e-8*exp(4*x1) + 1.0080855120063203*sin(x1) - 0.02311319991415693*sin(x1 + 0.02331428089460456*exp(4*x1) - 0.00067995603520189428) + 5.948801655633092e-7*sin(x1 + 0.97204849171851056*exp(4*x1) - 0.028349587166802057) + 0.02311319991415693*sin(-0.02331428089460456*exp(4*x1) + sin(x1 - sin(x1)) + 0.00067995603520189428) + 0.09472511659633076*sin(2*x1 + 0.97204849171851056*exp(4*x1) + 2*sin(x1) - 0.010625834125997186) - 2.6253407787919882e-5,0.00150077064365411*x1**3 - 0.00149818728470608*x1 + 1.00808551200632*sin(x1) - 0.0231131999141569*sin(x1 + 0.02331428089460456*exp(4*x1) - 0.00067995603520189428) + 0.0231131999141569*sin(-0.02331428089460456*exp(4*x1) + sin(x1 - sin(x1)) + 0.00067995603520189428) + 0.0947251165963308*sin(2*x1 + 0.97204849171851056*exp(4*x1) + 2*sin(x1) - 0.010625834125997186) - 2.62534077879199e-5,-2.379520662253237e-6*x**9 + 0.0015007706436541135*x**3 - 0.0014981872847060783*x - 9.0985485595699878e-8*exp(4*x) + 1.0080855120063203*sin(x) - 0.02311319991415693*sin(x + 0.02331428089460456*exp(4*x) - 0.00067995603520189428) + 5.948801655633092e-7*sin(x + 0.97204849171851056*exp(4*x) - 0.028349587166802057) + 0.02311319991415693*sin(-0.02331428089460456*exp(4*x) + sin(x - sin(x)) + 0.00067995603520189428) + 0.09472511659633076*sin(2*x + 0.97204849171851056*exp(4*x) + 2*sin(x) - 0.010625834125997186) - 2.6253407787919882e-5,0.00150077064365411*x**3 - 0.00149818728470608*x + 1.00808551200632*sin(x) - 0.0231131999141569*sin(x + 0.02331428089460456*exp(4*x) - 0.00067995603520189428) + 0.0231131999141569*sin(-0.02331428089460456*exp(4*x) + sin(x - sin(x)) + 0.00067995603520189428) + 0.0947251165963308*sin(2*x + 0.97204849171851056*exp(4*x) + 2*sin(x) - 0.010625834125997186) - 2.62534077879199e-5
SRB-2026-06-25-1715,sin-noise-1,5,0.006503439987957162,0.00650351418042251,141,132,4.801411391043878e-5*(1.0104886622457168*exp(x1) - 0.16658075328921097)**3 - 0.0015608123502848872*(sin(x1) + 3.0787424048981116)**2 - 0.0005782165530410136*((sin(x1 - 0.010434037853732491) - 1.0080220413234733)**3 + cos(1.0104886622457168*exp(x1) - sin(x1 - 0.010434037853732491) + 0.99994522841989823) + 0.99994503909679718)**3 - 0.016924444268171536*exp(x1) - 1.8624555981186332e-12*exp(x1 + 1.0104886622457168*exp(x1)) - 0.0015608123502848872*sin(x1) + 1.1033914482286051*sin(x1 - 0.010434037853732491) - 0.08739841266804554*sin(1.0104886622457168*exp(x1 + 1.0104886622457168*exp(x1)) + sin(x1) + 3.0040458546522615) - 0.016170555502014544*sin(sin(x1 - 0.010434037853732491)) + 4.801411391043878e-5*cos((sin(x1 - 0.010434037853732491) - 1.0080220413234733)**3 + 1.0104886622457168*exp(x1 + 1.0104886622457168*exp(x1)) - sin(x1 - 0.010434037853732491) + sin(1.0104886622457168*exp(x1) + 1.0040784692024398) + cos(1.0104886622457168*exp(x1) - sin(x1 - 0.010434037853732491) + 0.99994522841989823) + 0.010434037853732491) + 0.019460123913588979,4.80141139104388e-5*(1.01048866224572*exp(x1) - 0.166580753289211)**3 - 0.00156081235028489*(sin(x1) + 3.07874240489811)**2 - 0.000578216553041014*((sin(x1 - 0.010434037853732491) - 1.00802204132347)**3 + cos(1.0104886622457168*exp(x1) - sin(x1 - 0.010434037853732491) + 0.99994522841989823) + 0.999945039096797)**3 - 0.0169244442681715*exp(x1) - 0.00156081235028489*sin(x1) + 1.10339144822861*sin(x1 - 0.010434037853732491) - 0.0873984126680455*sin(1.0104886622457168*exp(x1 + 1.0104886622457168*exp(x1)) + sin(x1) + 3.0040458546522615) - 0.0161705555020145*sin(sin(x1 - 0.010434037853732491)) + 4.80141139104388e-5*cos((sin(x1 - 0.010434037853732491) - 1.0080220413234733)**3 + 1.0104886622457168*exp(x1 + 1.0104886622457168*exp(x1)) - sin(x1 - 0.010434037853732491) + sin(1.0104886622457168*exp(x1) + 1.0040784692024398) + cos(1.0104886622457168*exp(x1) - sin(x1 - 0.010434037853732491) + 0.99994522841989823) + 0.010434037853732491) + 0.019460123913589,4.801411391043878e-5*(1.0104886622457168*exp(x) - 0.16658075328921097)**3 - 0.0015608123502848872*(sin(x) + 3.0787424048981116)**2 - 0.0005782165530410136*((sin(x - 0.010434037853732491) - 1.0080220413234733)**3 + cos(1.0104886622457168*exp(x) - sin(x - 0.010434037853732491) + 0.99994522841989823) + 0.99994503909679718)**3 - 0.016924444268171536*exp(x) - 1.8624555981186332e-12*exp(x + 1.0104886622457168*exp(x)) - 0.0015608123502848872*sin(x) + 1.1033914482286051*sin(x - 0.010434037853732491) - 0.08739841266804554*sin(1.0104886622457168*exp(x + 1.0104886622457168*exp(x)) + sin(x) + 3.0040458546522615) - 0.016170555502014544*sin(sin(x - 0.010434037853732491)) + 4.801411391043878e-5*cos((sin(x - 0.010434037853732491) - 1.0080220413234733)**3 + 1.0104886622457168*exp(x + 1.0104886622457168*exp(x)) - sin(x - 0.010434037853732491) + sin(1.0104886622457168*exp(x) + 1.0040784692024398) + cos(1.0104886622457168*exp(x) - sin(x - 0.010434037853732491) + 0.99994522841989823) + 0.010434037853732491) + 0.019460123913588979,4.80141139104388e-5*(1.01048866224572*exp(x) - 0.166580753289211)**3 - 0.00156081235028489*(sin(x) + 3.07874240489811)**2 - 0.000578216553041014*((sin(x - 0.010434037853732491) - 1.00802204132347)**3 + cos(1.0104886622457168*exp(x) - sin(x - 0.010434037853732491) + 0.99994522841989823) + 0.999945039096797)**3 - 0.0169244442681715*exp(x) - 0.00156081235028489*sin(x) + 1.10339144822861*sin(x - 0.010434037853732491) - 0.0873984126680455*sin(1.0104886622457168*exp(x + 1.0104886622457168*exp(x)) + sin(x) + 3.0040458546522615) - 0.0161705555020145*sin(sin(x - 0.010434037853732491)) + 4.80141139104388e-5*cos((sin(x - 0.010434037853732491) - 1.0080220413234733)**3 + 1.0104886622457168*exp(x + 1.0104886622457168*exp(x)) - sin(x - 0.010434037853732491) + sin(1.0104886622457168*exp(x) + 1.0040784692024398) + cos(1.0104886622457168*exp(x) - sin(x - 0.010434037853732491) + 0.99994522841989823) + 0.010434037853732491) + 0.019460123913589
SRB-2026-06-25-1715,sin-noise-1,6,0.006438723086909102,0.006438571438123723,89,58,0.03233606442782964*(0.07371133084613087 - sin(x1 - 0.0399128159089196))**3*(sin(x1) + 0.9972845496881934) - 0.10280105321167825*(0.07371133084613087 - sin(x1 + 0.96008718409108))**3 - 7.4589074199400409e-16*(x1 + 0.01337575236993305)**6*exp((x1 + 0.01337575236993305)**3 - sin(x1)) - 0.001948148246494979*(x1 + 0.01337575236993305)**3 + 6.702610131406104e-13*exp((x1 + 0.01337575236993305)**3 - sin(x1)) + 1.0076635861081219*sin(x1) - 0.09780903468397176*sin(x1 + exp((x1 + 0.01337575236993305)**3 - sin(x1)) - 0.0399128159089196) + 0.024374136681779164,0.0323360644278296*(0.0737113308461309 - sin(x1 - 0.0399128159089196))**3*(sin(x1) + 0.997284549688193) - 0.102801053211678*(0.0737113308461309 - sin(x1 + 0.96008718409108))**3 - 0.00194814824649498*(x1 + 0.0133757523699331)**3 + 1.00766358610812*sin(x1) - 0.0978090346839718*sin(x1 + exp((x1 + 0.01337575236993305)**3 - sin(x1)) - 0.0399128159089196) + 0.0243741366817792,0.03233606442782964*(0.07371133084613087 - sin(x - 0.0399128159089196))**3*(sin(x) + 0.9972845496881934) - 0.10280105321167825*(0.07371133084613087 - sin(x + 0.96008718409108))**3 - 7.4589074199400409e-16*(x + 0.01337575236993305)**6*exp((x + 0.01337575236993305)**3 - sin(x)) - 0.001948148246494979*(x + 0.01337575236993305)**3 + 6.702610131406104e-13*exp((x + 0.01337575236993305)**3 - sin(x)) + 1.0076635861081219*sin(x) - 0.09780903468397176*sin(x + exp((x + 0.01337575236993305)**3 - sin(x)) - 0.0399128159089196) + 0.024374136681779164,0.0323360644278296*(0.0737113308461309 - sin(x - 0.0399128159089196))**3*(sin(x) + 0.997284549688193) - 0.102801053211678*(0.0737113308461309 - sin(x + 0.96008718409108))**3 - 0.00194814824649498*(x + 0.0133757523699331)**3 + 1.00766358610812*sin(x) - 0.0978090346839718*sin(x + exp((x + 0.01337575236993305)**3 - sin(x)) - 0.0399128159089196) + 0.0243741366817792
SRB-2026-06-25-1715,sin-noise-1,7,0.006217533303043615,0.006217532273983069,139,96,0.0006848555795252377*x1**3 + 0.00012163779905001332*x1**2*sin(x1) + 0.07227655821260512*x1 - 0.08248226289734861*(0.9545669372477477*exp(x1) - 0.048396388662811216)**3 - 4.808511254957331e-6*(exp(3*x1) + 0.00013512615342509187)*(-x1**3 - x1 - 0.02324875510001272) - 0.0006800470682702804*(2*x1 + 0.9545669372477477*exp(x1) - 0.54036765182278095)**3 + 0.07228136672386008*exp(3*x1) - 0.0006491504471430715*exp(x1) + 9.473753752256709e-30*exp(-2*x1**3 - x1) + 0.8219337933716642*sin(x1) + 0.027149006397155635*sin(x1**3 + 2*x1 + 0.07157979780818273) + 4.808511254957331e-6*sin(2*x1**3 + 2*x1 + 0.04649751020002544) - 0.07227655821260512*cos((-x1 - 0.048331042708170006)*(0.9545669372477477*exp(x1) - 0.048396388662811216)*(x1 + (2*x1 + exp(x1) + 0.048331042708170006)**3 + exp(x1) - 0.02324875510001272)**2) - 0.0016561644360431607,0.000684855579525238*x1**3 + 0.000121637799050013*x1**2*sin(x1) + 0.0722765582126051*x1 - 0.0824822628973486*(0.954566937247748*exp(x1) - 0.0483963886628112)**3 - 0.00068004706827028*(2*x1 + 0.954566937247748*exp(x1) - 0.540367651822781)**3 + 0.0722813667238601*exp(3*x1) - 0.000649150447143072*exp(x1) + 0.821933793371664*sin(x1) + 0.0271490063971556*sin(x1**3 + 2*x1 + 0.07157979780818273) - 0.0722765582126051*cos((-x1 - 0.048331042708170006)*(0.9545669372477477*exp(x1) - 0.048396388662811216)*(x1 + (2*x1 + exp(x1) + 0.048331042708170006)**3 + exp(x1) - 0.02324875510001272)**2) - 0.00165616443604316,0.0006848555795252377*x**3 + 0.00012163779905001332*x**2*sin(x) + 0.07227655821260512*x - 0.08248226289734861*(0.9545669372477477*exp(x) - 0.048396388662811216)**3 - 4.808511254957331e-6*(exp(3*x) + 0.00013512615342509187)*(-x**3 - x - 0.02324875510001272) - 0.0006800470682702804*(2*x + 0.9545669372477477*exp(x) - 0.54036765182278095)**3 + 0.07228136672386008*exp(3*x) - 0.0006491504471430715*exp(x) + 9.473753752256709e-30*exp(-2*x**3 - x) + 0.8219337933716642*sin(x) + 0.027149006397155635*sin(x**3 + 2*x + 0.07157979780818273) + 4.808511254957331e-6*sin(2*x**3 + 2*x + 0.04649751020002544) - 0.07227655821260512*cos((-x - 0.048331042708170006)*(0.9545669372477477*exp(x) - 0.048396388662811216)*(x + (2*x + exp(x) + 0.048331042708170006)**3 + exp(x) - 0.02324875510001272)**2) - 0.0016561644360431607,0.000684855579525238*x**3 + 0.000121637799050013*x**2*sin(x) + 0.0722765582126051*x - 0.0824822628973486*(0.954566937247748*exp(x) - 0.0483963886628112)**3 - 0.00068004706827028*(2*x + 0.954566937247748*exp(x) - 0.540367651822781)**3 + 0.0722813667238601*exp(3*x) - 0.000649150447143072*exp(x) + 0.821933793371664*sin(x) + 0.0271490063971556*sin(x**3 + 2*x + 0.07157979780818273) - 0.0722765582126051*cos((-x - 0.048331042708170006)*(0.9545669372477477*exp(x) - 0.048396388662811216)*(x + (2*x + exp(x) + 0.048331042708170006)**3 + exp(x) - 0.02324875510001272)**2) - 0.00165616443604316
SRB-2026-06-25-1715,sin-noise-1,8,0.006342534952001287,0.0063428455134676405,84,56,0.001617918319780312*x1**3 - 0.001617918319780312*x1 - 0.0013216393755316484*(x1 + 3.0318995072913161)**3 - 1.85431661751212e-26*(1.019285566565978*exp(x1**3) - sin(x1) + 2)**2 + 1.2446877679931031e-13*exp(x1**3) - 0.16846450160801882*sin(x1)**3 + 1.1225105275087457*sin(x1) + 1.85431661751212e-26*sin(x1 - 2) + 0.001617918319780312*cos(x1**3 + 0.03505171059437526) + 0.1138272515550964*cos(1.019285566565978*exp(x1**3) - sin(x1)**3 - sin(x1) + 2.024921885960358) + 0.13008995827658922,0.00161791831978031*x1**3 - 0.00161791831978031*x1 - 0.00132163937553165*(x1 + 3.03189950729132)**3 - 0.168464501608019*sin(x1)**3 + 1.12251052750875*sin(x1) + 0.00161791831978031*cos(x1**3 + 0.03505171059437526) + 0.113827251555096*cos(1.019285566565978*exp(x1**3) - sin(x1)**3 - sin(x1) + 2.024921885960358) + 0.130089958276589,0.001617918319780312*x**3 - 0.001617918319780312*x - 0.0013216393755316484*(x + 3.0318995072913161)**3 - 1.85431661751212e-26*(1.019285566565978*exp(x**3) - sin(x) + 2)**2 + 1.2446877679931031e-13*exp(x**3) - 0.16846450160801882*sin(x)**3 + 1.1225105275087457*sin(x) + 1.85431661751212e-26*sin(x - 2) + 0.001617918319780312*cos(x**3 + 0.03505171059437526) + 0.1138272515550964*cos(1.019285566565978*exp(x**3) - sin(x)**3 - sin(x) + 2.024921885960358) + 0.13008995827658922,0.00161791831978031*x**3 - 0.00161791831978031*x - 0.00132163937553165*(x + 3.03189950729132)**3 - 0.168464501608019*sin(x)**3 + 1.12251052750875*sin(x) + 0.00161791831978031*cos(x**3 + 0.03505171059437526) + 0.113827251555096*cos(1.019285566565978*exp(x**3) - sin(x)**3 - sin(x) + 2.024921885960358) + 0.130089958276589
SRB-2026-06-25-1715,sin-noise-1,9,0.006506223274390073,0.006506223214975292,138,132,0.27754058896184145*x1 + 0.0036571853328193522*(0.026212975430070607 - 2*x1)**3 - 1.4291578118547926e-5*(5*x1 + exp(2) + 7.8129210901951732)**2 + 0.7132410436908072*sin(x1) - 0.04493143427608154*sin((x1 + cos((0.026212975430070607 - 2*x1)**3 + 0.027325896808781506) - 0.5472918981658141)*(2*x1 - sin(sin(x1) + 0.9796840998627339) + 1.0)) + 0.02415263089834328*sin(0.02033490280851003*x1 + 0.02033490280851003) - 0.04493143427608154*sin(x1 + 0.05465179361756301) + 0.02415263089834328*sin(2*x1 + 1) - 0.04493143427608154*sin(2*x1 + 1.5472918981658141) - 0.04389100682130421*sin(sin(x1) + 0.9796840998627339) - 0.02077880337773826*sin(x1 + (0.026212975430070607 - 2*x1)**3 + 0.05465179361756301) - 0.050988280838312305*sin((2*(0.026212975430070607 - 2*x1)**3 + 0.027325896808781506)**3 + sin(x1) + cos(2*x1 + 1) - 0.02033630451110712) - 0.28794830662603029 + 0.04389100682130421*exp(2),0.277540588961841*x1 + 0.00365718533281935*(0.0262129754300706 - 2*x1)**3 - 1.42915781185479e-5*(5*x1 + 15.2019771891258)**2 + 0.713241043690807*sin(x1) - 0.0449314342760815*sin((x1 + cos((0.026212975430070607 - 2*x1)**3 + 0.027325896808781506) - 0.5472918981658141)*(2*x1 - sin(sin(x1) + 0.9796840998627339) + 1)) + 0.0241526308983433*sin(0.02033490280851003*x1 + 0.02033490280851003) - 0.0449314342760815*sin(x1 + 0.05465179361756301) + 0.0241526308983433*sin(2*x1 + 1) - 0.0449314342760815*sin(2*x1 + 1.5472918981658141) - 0.0438910068213042*sin(sin(x1) + 0.9796840998627339) - 0.0207788033777383*sin(x1 + (0.026212975430070607 - 2*x1)**3 + 0.05465179361756301) - 0.0509882808383123*sin((2*(0.026212975430070607 - 2*x1)**3 + 0.027325896808781506)**3 + sin(x1) + cos(2*x1 + 1) - 0.02033630451110712) + 0.0363648050151344,0.27754058896184145*x + 0.0036571853328193522*(0.026212975430070607 - 2*x)**3 - 1.4291578118547926e-5*(5*x + exp(2) + 7.8129210901951732)**2 + 0.7132410436908072*sin(x) - 0.04493143427608154*sin((x + cos((0.026212975430070607 - 2*x)**3 + 0.027325896808781506) - 0.5472918981658141)*(2*x - sin(sin(x) + 0.9796840998627339) + 1.0)) + 0.02415263089834328*sin(0.02033490280851003*x + 0.02033490280851003) - 0.04493143427608154*sin(x + 0.05465179361756301) + 0.02415263089834328*sin(2*x + 1) - 0.04493143427608154*sin(2*x + 1.5472918981658141) - 0.04389100682130421*sin(sin(x) + 0.9796840998627339) - 0.02077880337773826*sin(x + (0.026212975430070607 - 2*x)**3 + 0.05465179361756301) - 0.050988280838312305*sin((2*(0.026212975430070607 - 2*x)**3 + 0.027325896808781506)**3 + sin(x) + cos(2*x + 1) - 0.02033630451110712) - 0.28794830662603029 + 0.04389100682130421*exp(2),0.277540588961841*x + 0.00365718533281935*(0.0262129754300706 - 2*x)**3 - 1.42915781185479e-5*(5*x + 15.2019771891258)**2 + 0.713241043690807*sin(x) - 0.0449314342760815*sin((x + cos((0.026212975430070607 - 2*x)**3 + 0.027325896808781506) - 0.5472918981658141)*(2*x - sin(sin(x) + 0.9796840998627339) + 1)) + 0.0241526308983433*sin(0.02033490280851003*x + 0.02033490280851003) - 0.0449314342760815*sin(x + 0.05465179361756301) + 0.0241526308983433*sin(2*x + 1) - 0.0449314342760815*sin(2*x + 1.5472918981658141) - 0.0438910068213042*sin(sin(x) + 0.9796840998627339) - 0.0207788033777383*sin(x + (0.026212975430070607 - 2*x)**3 + 0.05465179361756301) - 0.0509882808383123*sin((2*(0.026212975430070607 - 2*x)**3 + 0.027325896808781506)**3 + sin(x) + cos(2*x + 1) - 0.02033630451110712) + 0.0363648050151344
SRB-2026-06-25-1715,sin-noise-1,10,0.0058457403571327326,0.006547884704408657,128,67,-2.0406887904985153e-13*x1*(sin(x1) + 5.9356600758124634)*(-x1 - 0.9887995495871754*exp(x1) + sin(x1) + 0.00012686976161382056) + 2.0406887904985153e-13*x1 - 1.586774765739277e-25*(-0.9887995495871754*exp(x1) + 0.9887995495871754*exp(2*x1 + 0.9887995495871754*exp(x1)) + sin(x1) + cos(2) + 8.956110642858425)**2 + 2.0178321568925296e-13*exp(2*x1 + 0.9887995495871754*exp(x1)) + 0.53862907985911608*sin(x1) + 0.06119742981393185*sin((x1 + 0.9887995495871754*exp(x1))**2*(sin(x1) + 0.00012686976161382056)) - 0.08297833107557306*sin((x1 + 0.9887995495871754*exp(2*x1 + 0.9887995495871754*exp(x1)))**2*(sin(x1 + 1.0) + 0.00012686976161382056)) + 0.0087540892534365601*sin(x1 + 1.0) - 0.9539887998930467*sin(sin(x1) + 1.000126869761614) + 1.2330740763100454*sin(sin(x1) + 6.9146329186652003) + 0.1834648406584274*cos(2) + 0.13196219340305836,0.538629079859116*sin(x1) + 0.0611974298139319*sin((x1 + 0.9887995495871754*exp(x1))**2*(sin(x1) + 0.00012686976161382056)) - 0.0829783310755731*sin((x1 + 0.9887995495871754*exp(2*x1 + 0.9887995495871754*exp(x1)))**2*(sin(x1 + 1) + 0.00012686976161382056)) + 0.00875408925343656*sin(x1 + 1) - 0.953988799893047*sin(sin(x1) + 1.000126869761614) + 1.23307407631005*sin(sin(x1) + 6.9146329186652003) + 0.0556138803454283,-2.0406887904985153e-13*x*(sin(x) + 5.9356600758124634)*(-x - 0.9887995495871754*exp(x) + sin(x) + 0.00012686976161382056) + 2.0406887904985153e-13*x - 1.586774765739277e-25*(-0.9887995495871754*exp(x) + 0.9887995495871754*exp(2*x + 0.9887995495871754*exp(x)) + sin(x) + cos(2) + 8.956110642858425)**2 + 2.0178321568925296e-13*exp(2*x + 0.9887995495871754*exp(x)) + 0.53862907985911608*sin(x) + 0.06119742981393185*sin((x + 0.9887995495871754*exp(x))**2*(sin(x) + 0.00012686976161382056)) - 0.08297833107557306*sin((x + 0.9887995495871754*exp(2*x + 0.9887995495871754*exp(x)))**2*(sin(x + 1.0) + 0.00012686976161382056)) + 0.0087540892534365601*sin(x + 1.0) - 0.9539887998930467*sin(sin(x) + 1.000126869761614) + 1.2330740763100454*sin(sin(x) + 6.9146329186652003) + 0.1834648406584274*cos(2) + 0.13196219340305836,0.538629079859116*sin(x) + 0.0611974298139319*sin((x + 0.9887995495871754*exp(x))**2*(sin(x) + 0.00012686976161382056)) - 0.0829783310755731*sin((x + 0.9887995495871754*exp(2*x + 0.9887995495871754*exp(x)))**2*(sin(x + 1) + 0.00012686976161382056)) + 0.00875408925343656*sin(x + 1) - 0.953988799893047*sin(sin(x) + 1.000126869761614) + 1.23307407631005*sin(sin(x) + 6.9146329186652003) + 0.0556138803454283
SRB-2026-06-25-1715,sin-noise-1,11,0.006438565537769265,0.006834682490667324,152,74,-0.0026046986333160002*x1**3 - 1.0734921732486973e-33*x1**2 + 0.0037879197718414945*x1 - 0.0028681226175282966*(-0.5535655393139156*x1 - cos(x1) - 0.7115833525344588)**2 - 2.1908253411216327e-16*(-x1**3 + 0.5535655393139156*x1 - 0.6659854938082584)**2 - 3.503166582656492e-33*(-0.5535655393139156*x1 - exp(1.73944403023366*exp(x1) + cos(x1)) - 2*cos(x1) - cos(x1 + 1.553565539313916) - 1.3955477260933724)**2 - 3.8108180608986458e-16*exp(x1) - 2.1908253411216327e-16*exp(1.73944403023366*exp(x1) + cos(x1)) + 1.0626245984823279e-16*exp(1.73944403023366*exp(x1) + cos(x1 + 1.553565539313916)) + 0.009710889196777485*sin(0.30643480631590625*x1**2 + 1.73944403023366*exp(x1) - cos(x1) + 0.4292214221455739) - 1.0626245984823279e-16*cos(x1) - 0.97982563959585198*cos(x1 + 1.553565539313916) - 0.0026046986333160002*cos(exp(1.73944403023366*exp(x1) + cos(x1)) + 1.3955477260933724) - 0.07780333287862864*cos(x1 + exp(1.73944403023366*exp(x1) + cos(x1)) + 2.237529912872829) + 0.011745595450738114,-0.002604698633316*x1**3 + 0.00378791977184149*x1 - 0.0028681226175283*(-0.553565539313916*x1 - cos(x1) - 0.711583352534459)**2 + 0.00971088919677749*sin(0.30643480631590625*x1**2 + 1.73944403023366*exp(x1) - cos(x1) + 0.4292214221455739) - 0.979825639595852*cos(x1 + 1.553565539313916) - 0.002604698633316*cos(exp(1.73944403023366*exp(x1) + cos(x1)) + 1.3955477260933724) - 0.0778033328786286*cos(x1 + exp(1.73944403023366*exp(x1) + cos(x1)) + 2.237529912872829) + 0.0117455954507381,-0.0026046986333160002*x**3 - 1.0734921732486973e-33*x**2 + 0.0037879197718414945*x - 0.0028681226175282966*(-0.5535655393139156*x - cos(x) - 0.7115833525344588)**2 - 2.1908253411216327e-16*(-x**3 + 0.5535655393139156*x - 0.6659854938082584)**2 - 3.503166582656492e-33*(-0.5535655393139156*x - exp(1.73944403023366*exp(x) + cos(x)) - 2*cos(x) - cos(x + 1.553565539313916) - 1.3955477260933724)**2 - 3.8108180608986458e-16*exp(x) - 2.1908253411216327e-16*exp(1.73944403023366*exp(x) + cos(x)) + 1.0626245984823279e-16*exp(1.73944403023366*exp(x) + cos(x + 1.553565539313916)) + 0.009710889196777485*sin(0.30643480631590625*x**2 + 1.73944403023366*exp(x) - cos(x) + 0.4292214221455739) - 1.0626245984823279e-16*cos(x) - 0.97982563959585198*cos(x + 1.553565539313916) - 0.0026046986333160002*cos(exp(1.73944403023366*exp(x) + cos(x)) + 1.3955477260933724) - 0.07780333287862864*cos(x + exp(1.73944403023366*exp(x) + cos(x)) + 2.237529912872829) + 0.011745595450738114,-0.002604698633316*x**3 + 0.00378791977184149*x - 0.0028681226175283*(-0.553565539313916*x - cos(x) - 0.711583352534459)**2 + 0.00971088919677749*sin(0.30643480631590625*x**2 + 1.73944403023366*exp(x) - cos(x) + 0.4292214221455739) - 0.979825639595852*cos(x + 1.553565539313916) - 0.002604698633316*cos(exp(1.73944403023366*exp(x) + cos(x)) + 1.3955477260933724) - 0.0778033328786286*cos(x + exp(1.73944403023366*exp(x) + cos(x)) + 2.237529912872829) + 0.0117455954507381
SRB-2026-06-25-1715,sin-noise-1,12,0.0063509504039442055,0.006351079344255749,170,101,-5.712187021655504e-38*x1*((x1 + 1.009950572574088)**3 + 0.99710427519859144*exp(x1) + 2.728232236826455)*(sin(x1) - cos(x1) - 1) - 5.712187021655504e-38*(x1 + (x1**3 + x1 + 0.99710427519859144*exp(x1) + 2.718281828459045)**3 + 15.110379668459559*exp(x1 + 0.99710427519859144*exp(x1)) + 2.718281828459045)**3 + 5.610534330871486e-7*(x1**3 + x1 + 0.99710427519859144*exp(x1) + 2.718281828459045)**3 - 0.06686067538311642*exp(cos(x1 + 0.0003368397426544922) + 1) - 0.12574122875150653*exp(cos(x1 + 0.0003368397426544922) + cos(cos(x1 + 0.0003368397426544922) + 1)) + 0.96472438342608442*sin(x1) - 0.19260190413462295*cos(x1) + 0.49226603682612086*cos(x1 + 0.0003368397426544922) + 0.49226603682612086*cos(cos(x1 + 0.0003368397426544922) + cos(cos(x1 + 0.0003368397426544922) + 1)) - 0.07599398081493901*cos(exp(cos(x1 + 0.0003368397426544922) + 1) + sin(x1) + cos(x1) + 0.0003368397426544922) - 0.07599398081493901*cos(x1 + 15.110379668459559*exp(x1 + 0.99710427519859144*exp(x1)) + cos(cos(x1) + 1.000336839742654) + cos(x1 + 0.99710427519859144*exp(x1) + cos(x1) + 3.718281828459045) + 2.718281828459045) - 0.0042714550633155734 + 1.6270131708560844e-9/x1**2,-0.0668606753831164*exp(cos(x1 + 0.0003368397426544922) + 1) - 0.125741228751507*exp(cos(x1 + 0.0003368397426544922) + cos(cos(x1 + 0.0003368397426544922) + 1)) + 0.964724383426084*sin(x1) - 0.192601904134623*cos(x1) + 0.492266036826121*cos(x1 + 0.0003368397426544922) + 0.492266036826121*cos(cos(x1 + 0.0003368397426544922) + cos(cos(x1 + 0.0003368397426544922) + 1)) - 0.075993980814939*cos(exp(cos(x1 + 0.0003368397426544922) + 1) + sin(x1) + cos(x1) + 0.0003368397426544922) - 0.075993980814939*cos(x1 + 15.110379668459559*exp(x1 + 0.99710427519859144*exp(x1)) + cos(cos(x1) + 1.000336839742654) + cos(x1 + 0.99710427519859144*exp(x1) + cos(x1) + 3.718281828459045) + 2.718281828459045) - 0.00427145506331557,-5.712187021655504e-38*x*((x + 1.009950572574088)**3 + 0.99710427519859144*exp(x) + 2.728232236826455)*(sin(x) - cos(x) - 1) - 5.712187021655504e-38*(x + (x**3 + x + 0.99710427519859144*exp(x) + 2.718281828459045)**3 + 15.110379668459559*exp(x + 0.99710427519859144*exp(x)) + 2.718281828459045)**3 + 5.610534330871486e-7*(x**3 + x + 0.99710427519859144*exp(x) + 2.718281828459045)**3 - 0.06686067538311642*exp(cos(x + 0.0003368397426544922) + 1) - 0.12574122875150653*exp(cos(x + 0.0003368397426544922) + cos(cos(x + 0.0003368397426544922) + 1)) + 0.96472438342608442*sin(x) - 0.19260190413462295*cos(x) + 0.49226603682612086*cos(x + 0.0003368397426544922) + 0.49226603682612086*cos(cos(x + 0.0003368397426544922) + cos(cos(x + 0.0003368397426544922) + 1)) - 0.07599398081493901*cos(exp(cos(x + 0.0003368397426544922) + 1) + sin(x) + cos(x) + 0.0003368397426544922) - 0.07599398081493901*cos(x + 15.110379668459559*exp(x + 0.99710427519859144*exp(x)) + cos(cos(x) + 1.000336839742654) + cos(x + 0.99710427519859144*exp(x) + cos(x) + 3.718281828459045) + 2.718281828459045) - 0.0042714550633155734 + 1.6270131708560844e-9/x**2,-0.0668606753831164*exp(cos(x + 0.0003368397426544922) + 1) - 0.125741228751507*exp(cos(x + 0.0003368397426544922) + cos(cos(x + 0.0003368397426544922) + 1)) + 0.964724383426084*sin(x) - 0.192601904134623*cos(x) + 0.492266036826121*cos(x + 0.0003368397426544922) + 0.492266036826121*cos(cos(x + 0.0003368397426544922) + cos(cos(x + 0.0003368397426544922) + 1)) - 0.075993980814939*cos(exp(cos(x + 0.0003368397426544922) + 1) + sin(x) + cos(x) + 0.0003368397426544922) - 0.075993980814939*cos(x + 15.110379668459559*exp(x + 0.99710427519859144*exp(x)) + cos(cos(x) + 1.000336839742654) + cos(x + 0.99710427519859144*exp(x) + cos(x) + 3.718281828459045) + 2.718281828459045) - 0.00427145506331557
SRB-2026-06-25-1715,sin-noise-1,13,0.0066991882261723925,0.008027766496298537,95,60,-0.085690582460531762*(x1 + 0.3051079083979193)**3 - 3.157204913686336e-52*(x1 + 2.144602102811396)**2 + 0.07125913690273367*(x1 + 5.874525474574334)**2 - 3.157204913686336e-52*(1.022537740440699*exp((x1 + 0.3051079083979193)**3) + 2.6731290613244095)**3 + 5.261870782493801e-18*exp((x1 + 0.3051079083979193)**3) + 0.081592684595570999*sin(1.737043836880688*x1) + 0.08246236608777699*sin(x1*(1.022537740440699*exp((x1 + 0.3051079083979193)**3) + 2.5433835865634906)) + 1.200233700930363e-18*cos(x1**2) - 0.0025860746663978387*cos((x1 + 0.3051079083979193)**3 + 0.72869521521457137) - 0.0025860746663978387*cos((x1 + 2.144602102811396)**2 + sin(1.737043836880688*x1)) - 2.4389938397275784,-0.0856905824605318*(x1 + 0.305107908397919)**3 + 0.0712591369027337*(x1 + 5.87452547457433)**2 + 0.081592684595571*sin(1.737043836880688*x1) + 0.082462366087777*sin(x1*(1.022537740440699*exp((x1 + 0.3051079083979193)**3) + 2.5433835865634906)) - 0.00258607466639784*cos((x1 + 0.3051079083979193)**3 + 0.72869521521457137) - 0.00258607466639784*cos((x1 + 2.144602102811396)**2 + sin(1.737043836880688*x1)) - 2.43899383972758,-0.085690582460531762*(x + 0.3051079083979193)**3 - 3.157204913686336e-52*(x + 2.144602102811396)**2 + 0.07125913690273367*(x + 5.874525474574334)**2 - 3.157204913686336e-52*(1.022537740440699*exp((x + 0.3051079083979193)**3) + 2.6731290613244095)**3 + 5.261870782493801e-18*exp((x + 0.3051079083979193)**3) + 0.081592684595570999*sin(1.737043836880688*x) + 0.08246236608777699*sin(x*(1.022537740440699*exp((x + 0.3051079083979193)**3) + 2.5433835865634906)) + 1.200233700930363e-18*cos(x**2) - 0.0025860746663978387*cos((x + 0.3051079083979193)**3 + 0.72869521521457137) - 0.0025860746663978387*cos((x + 2.144602102811396)**2 + sin(1.737043836880688*x)) - 2.4389938397275784,-0.0856905824605318*(x + 0.305107908397919)**3 + 0.0712591369027337*(x + 5.87452547457433)**2 + 0.081592684595571*sin(1.737043836880688*x) + 0.082462366087777*sin(x*(1.022537740440699*exp((x + 0.3051079083979193)**3) + 2.5433835865634906)) - 0.00258607466639784*cos((x + 0.3051079083979193)**3 + 0.72869521521457137) - 0.00258607466639784*cos((x + 2.144602102811396)**2 + sin(1.737043836880688*x)) - 2.43899383972758
SRB-2026-06-25-1715,sin-noise-1,14,0.006717735187736929,0.006717614334342005,171,139,-0.005883002125006768*x1 - 0.0059531523943458391*(x1 - 2.0)**2 - 0.005883002125006768*(sin((x1 - 0.0022186327331548384)**3 + 1.0000049223312046) + 1.0)*(x1 + cos(x1 + (x1 - 0.0022186327331548384)**3 + 1.0163691146274285) + 0.016369114627428523) + 2.047563141732059e-6*(-x1 - (x1 - 0.0022186327331548384)**3 - 1.0080050671993364)**3 + 1.255192980878916e-8*exp(x1*(x1 + 0.0028932172330908066)*(cos(2*x1 + 0.005111849966245645) + 0.5838364220876543)) + 0.9561817796129367*sin(x1 - 0.004437265466309677) - 0.005883002125006768*sin((x1 - 0.0022186327331548384)**3 + 1.0000049223312046) + 0.0487715064381043*sin((x1 - 0.0022186327331548384)**2 + (-x1 - (x1 - 0.0022186327331548384)**3 - 1.0080050671993364)**3 + 3.0) + 0.03181034642603597*cos(2*x1 + 3.0214809645936742) - 0.03161869393287067*cos((-x1 - (x1 - 0.0022186327331548384)**3 - 1.0080050671993364)**3 + 1.0) - 0.03161869393287067*cos(3*x1 + sin(x1 - 0.004437265466309677) + 0.99999753883540724) + 0.03181034642603597*cos(-0.0028932172330908066*(x1 - 0.0022186327331548384)**3 + exp(x1*(2.9999975388354072*x1 + 0.0086796445785886066)) + sin(x1 - 0.004437265466309677) + 0.99710678276690919) + 0.054375091969582376,-0.00588300212500677*x1 - 0.00595315239434584*(x1 - 2)**2 - 0.00588300212500677*(sin((x1 - 0.0022186327331548384)**3 + 1) + 1)*(x1 + cos(x1 + (x1 - 0.0022186327331548384)**3 + 1.0163691146274285) + 0.0163691146274285) + 0.956181779612937*sin(x1 - 0.004437265466309677) - 0.00588300212500677*sin((x1 - 0.0022186327331548384)**3 + 1) + 0.0487715064381043*sin((x1 - 0.0022186327331548384)**2 + (-x1 - (x1 - 0.0022186327331548384)**3 - 1.0080050671993364)**3 + 3) + 0.031810346426036*cos(2*x1 + 3.0214809645936742) - 0.0316186939328707*cos((-x1 - (x1 - 0.0022186327331548384)**3 - 1.0080050671993364)**3 + 1) - 0.0316186939328707*cos(3*x1 + sin(x1 - 0.004437265466309677) + 1) + 0.031810346426036*cos(-0.0028932172330908066*(x1 - 0.0022186327331548384)**3 + exp(x1*(3*x1 + 0.0086796445785886066)) + sin(x1 - 0.004437265466309677) + 0.99710678276690919) + 0.0543750919695824,-0.005883002125006768*x - 0.0059531523943458391*(x - 2.0)**2 - 0.005883002125006768*(sin((x - 0.0022186327331548384)**3 + 1.0000049223312046) + 1.0)*(x + cos(x + (x - 0.0022186327331548384)**3 + 1.0163691146274285) + 0.016369114627428523) + 2.047563141732059e-6*(-x - (x - 0.0022186327331548384)**3 - 1.0080050671993364)**3 + 1.255192980878916e-8*exp(x*(x + 0.0028932172330908066)*(cos(2*x + 0.005111849966245645) + 0.5838364220876543)) + 0.9561817796129367*sin(x - 0.004437265466309677) - 0.005883002125006768*sin((x - 0.0022186327331548384)**3 + 1.0000049223312046) + 0.0487715064381043*sin((x - 0.0022186327331548384)**2 + (-x - (x - 0.0022186327331548384)**3 - 1.0080050671993364)**3 + 3.0) + 0.03181034642603597*cos(2*x + 3.0214809645936742) - 0.03161869393287067*cos((-x - (x - 0.0022186327331548384)**3 - 1.0080050671993364)**3 + 1.0) - 0.03161869393287067*cos(3*x + sin(x - 0.004437265466309677) + 0.99999753883540724) + 0.03181034642603597*cos(-0.0028932172330908066*(x - 0.0022186327331548384)**3 + exp(x*(2.9999975388354072*x + 0.0086796445785886066)) + sin(x - 0.004437265466309677) + 0.99710678276690919) + 0.054375091969582376,-0.00588300212500677*x - 0.00595315239434584*(x - 2)**2 - 0.00588300212500677*(sin((x - 0.0022186327331548384)**3 + 1) + 1)*(x + cos(x + (x - 0.0022186327331548384)**3 + 1.0163691146274285) + 0.0163691146274285) + 0.956181779612937*sin(x - 0.004437265466309677) - 0.00588300212500677*sin((x - 0.0022186327331548384)**3 + 1) + 0.0487715064381043*sin((x - 0.0022186327331548384)**2 + (-x - (x - 0.0022186327331548384)**3 - 1.0080050671993364)**3 + 3) + 0.031810346426036*cos(2*x + 3.0214809645936742) - 0.0316186939328707*cos((-x - (x - 0.0022186327331548384)**3 - 1.0080050671993364)**3 + 1) - 0.0316186939328707*cos(3*x + sin(x - 0.004437265466309677) + 1) + 0.031810346426036*cos(-0.0028932172330908066*(x - 0.0022186327331548384)**3 + exp(x*(3*x + 0.0086796445785886066)) + sin(x - 0.004437265466309677) + 0.99710678276690919) + 0.0543750919695824
SRB-2026-06-25-1715,sin-noise-1,15,0.006361519351468027,0.007448748805155551,202,113,-0.018190512480846518*x1*(exp(x1) - 6.92680070226312e-5) + 1.1194071286789307e-11*x1*(6.949586970707499*exp(x1 + exp(x1) + sin(x1)) - 6.92680070226312e-5) + 0.38886515475342947*x1 + 2.9209017403816218e-14*(6.949586970707499*exp(x1 + exp(x1) + sin(x1)) - 6.92680070226312e-5)*(-x1**2 - x1 + (1 - x1)**2 - 1)**2*(-x1**2 - x1 - sin(x1) - 0.89776684913065222) + 0.018190512480846518*(-x1**2 - x1 - sin(x1) - 0.89776684913065222)**2 - 0.1719219901522036*exp(x1) + 0.41146060678197382*sin(x1) + 0.23953861662977022*sin(x1 + sin(x1) - 0.06124850285741019) + 0.07637749982270098*cos((6.949586970707499*exp(x1 + exp(x1) + sin(x1)) - 6.92680070226312e-5)**2*(-x1**2 - x1 - sin(x1) - 0.89776684913065222)) - 0.018190512480846518*cos(x1 - 0.10503428602509706) + 2.0084323234646437e-8*cos(exp(x1) + 1.9980067675056888) + 0.022087827358691844*cos(x1**2 + x1 - (1 - x1)**2 + 1) + 1.1194071286789307e-11*cos(x1*(exp(x1) - 6.92680070226312e-5) + exp(x1) + cos(x1 - 0.10503428602509706) - 1.0995689873911334) - 0.23953861662977022*cos(cos(0.04106869448143125*(exp(x1) - 6.92680070226312e-5)**2)) + 0.022087827358691844*sin(cos(1)) + 0.29492631832850662,-0.0181905124808465*x1*(exp(x1) - 6.92680070226312e-5) + 0.388865154753429*x1 + 0.0181905124808465*(-x1**2 - x1 - sin(x1) - 0.897766849130652)**2 - 0.171921990152204*exp(x1) + 0.411460606781974*sin(x1) + 0.23953861662977*sin(x1 + sin(x1) - 0.06124850285741019) + 0.076377499822701*cos((6.949586970707499*exp(x1 + exp(x1) + sin(x1)) - 6.92680070226312e-5)**2*(-x1**2 - x1 - sin(x1) - 0.89776684913065222)) - 0.0181905124808465*cos(x1 - 0.10503428602509706) + 0.0220878273586918*cos(x1**2 + x1 - (1 - x1)**2 + 1) - 0.23953861662977*cos(cos(0.04106869448143125*(exp(x1) - 6.92680070226312e-5)**2)) + 0.306288191992904,-0.018190512480846518*x*(exp(x) - 6.92680070226312e-5) + 1.1194071286789307e-11*x*(6.949586970707499*exp(x + exp(x) + sin(x)) - 6.92680070226312e-5) + 0.38886515475342947*x + 2.9209017403816218e-14*(6.949586970707499*exp(x + exp(x) + sin(x)) - 6.92680070226312e-5)*(-x**2 - x + (1 - x)**2 - 1)**2*(-x**2 - x - sin(x) - 0.89776684913065222) + 0.018190512480846518*(-x**2 - x - sin(x) - 0.89776684913065222)**2 - 0.1719219901522036*exp(x) + 0.41146060678197382*sin(x) + 0.23953861662977022*sin(x + sin(x) - 0.06124850285741019) + 0.07637749982270098*cos((6.949586970707499*exp(x + exp(x) + sin(x)) - 6.92680070226312e-5)**2*(-x**2 - x - sin(x) - 0.89776684913065222)) - 0.018190512480846518*cos(x - 0.10503428602509706) + 2.0084323234646437e-8*cos(exp(x) + 1.9980067675056888) + 0.022087827358691844*cos(x**2 + x - (1 - x)**2 + 1) + 1.1194071286789307e-11*cos(x*(exp(x) - 6.92680070226312e-5) + exp(x) + cos(x - 0.10503428602509706) - 1.0995689873911334) - 0.23953861662977022*cos(cos(0.04106869448143125*(exp(x) - 6.92680070226312e-5)**2)) + 0.022087827358691844*sin(cos(1)) + 0.29492631832850662,-0.0181905124808465*x*(exp(x) - 6.92680070226312e-5) + 0.388865154753429*x + 0.0181905124808465*(-x**2 - x - sin(x) - 0.897766849130652)**2 - 0.171921990152204*exp(x) + 0.411460606781974*sin(x) + 0.23953861662977*sin(x + sin(x) - 0.06124850285741019) + 0.076377499822701*cos((6.949586970707499*exp(x + exp(x) + sin(x)) - 6.92680070226312e-5)**2*(-x**2 - x - sin(x) - 0.89776684913065222)) - 0.0181905124808465*cos(x - 0.10503428602509706) + 0.0220878273586918*cos(x**2 + x - (1 - x)**2 + 1) - 0.23953861662977*cos(cos(0.04106869448143125*(exp(x) - 6.92680070226312e-5)**2)) + 0.306288191992904
SRB-2026-06-25-1715,sin-noise-1,16,0.006081161470043931,0.006547927429358586,221,178,-0.0016523236872443492*x1**3 + 0.1106469119747364*x1 + 0.001652323631401332*(x1 + 1)*(2*x1 - 0.006878816791838981) - 0.009501168604625645*(x1 + sin(x1))**3 + 8.0349841764834958e-17*exp(-x1**3 + x1 + (x1 + 1)*(2*x1 - 0.006878816791838981) + (x1 + sin(x1))**3 - sin(x1) + sin(3*x1 + 1.015904971002441) + cos(2*x1 + sin(x1) + 2.017477480812801)) + 0.9901558945661057*sin(x1) - 0.07658551263761957*sin(x1 + 0.017177176420353404) + 0.05758317542836828*sin(x1 + sin(x1)) - 0.06708434403299392*sin(3*x1 + 1.015904971002441) + 0.007386554132599046*sin(sin(x1) + 0.005622446909580829) - 0.07068321312874837*sin(3*x1 - sin(x1) + sin(sin(x1) + 0.005622446909580829) + cos(sin(x1) - 2.005604850972754) - 1.7023768574566039) + 0.007386554132599046*cos(sin(x1) - 2.005604850972754) - 0.06896720614787051*cos(x1 - sin(x1) + sin(sin(x1) + 0.005622446909580829) + cos(sin(x1) - 2.005604850972754) + cos(2*x1 + sin(x1) + 2.017477480812801) + 4.722632069950714) + 0.004519438882000189*cos(x1**3 + 2*x1 + sin(x1) + sin(x1 + 0.017177176420353404) + 0.5736611044662187 + exp(-0.012001866226250045*sin(x1))) - 0.06896720614787051*cos(-0.9999999988875145*x1**3 - 4*x1 + 113.27704660510552*exp(x1**3 + x1 + sin(x1 + 0.017177176420353404)) - 2*sin(x1) + sin(sin(x1) + 0.005622446909580829) + cos(sin(x1) - 2.005604850972754) + 0.0009465341906472339) + 0.0069649067472093913,-0.00165232368724435*x1**3 + 0.110646911974736*x1 + 0.00165232363140133*(x1 + 1)*(2*x1 - 0.00687881679183898) - 0.00950116860462565*(x1 + sin(x1))**3 + 0.990155894566106*sin(x1) - 0.0765855126376196*sin(x1 + 0.017177176420353404) + 0.0575831754283683*sin(x1 + sin(x1)) - 0.0670843440329939*sin(3*x1 + 1.015904971002441) + 0.00738655413259905*sin(sin(x1) + 0.005622446909580829) - 0.0706832131287484*sin(3*x1 - sin(x1) + sin(sin(x1) + 0.005622446909580829) + cos(sin(x1) - 2.005604850972754) - 1.7023768574566039) + 0.00738655413259905*cos(sin(x1) - 2.005604850972754) - 0.0689672061478705*cos(x1 - sin(x1) + sin(sin(x1) + 0.005622446909580829) + cos(sin(x1) - 2.005604850972754) + cos(2*x1 + sin(x1) + 2.017477480812801) + 4.722632069950714) + 0.00451943888200019*cos(x1**3 + 2*x1 + sin(x1) + sin(x1 + 0.017177176420353404) + 0.5736611044662187 + exp(-0.012001866226250045*sin(x1))) - 0.0689672061478705*cos(-x1**3 - 4*x1 + 113.27704660510552*exp(x1**3 + x1 + sin(x1 + 0.017177176420353404)) - 2*sin(x1) + sin(sin(x1) + 0.005622446909580829) + cos(sin(x1) - 2.005604850972754) + 0.0009465341906472339) + 0.00696490674720939,-0.0016523236872443492*x**3 + 0.1106469119747364*x + 0.001652323631401332*(x + 1)*(2*x - 0.006878816791838981) - 0.009501168604625645*(x + sin(x))**3 + 8.0349841764834958e-17*exp(-x**3 + x + (x + 1)*(2*x - 0.006878816791838981) + (x + sin(x))**3 - sin(x) + sin(3*x + 1.015904971002441) + cos(2*x + sin(x) + 2.017477480812801)) + 0.9901558945661057*sin(x) - 0.07658551263761957*sin(x + 0.017177176420353404) + 0.05758317542836828*sin(x + sin(x)) - 0.06708434403299392*sin(3*x + 1.015904971002441) + 0.007386554132599046*sin(sin(x) + 0.005622446909580829) - 0.07068321312874837*sin(3*x - sin(x) + sin(sin(x) + 0.005622446909580829) + cos(sin(x) - 2.005604850972754) - 1.7023768574566039) + 0.007386554132599046*cos(sin(x) - 2.005604850972754) - 0.06896720614787051*cos(x - sin(x) + sin(sin(x) + 0.005622446909580829) + cos(sin(x) - 2.005604850972754) + cos(2*x + sin(x) + 2.017477480812801) + 4.722632069950714) + 0.004519438882000189*cos(x**3 + 2*x + sin(x) + sin(x + 0.017177176420353404) + 0.5736611044662187 + exp(-0.012001866226250045*sin(x))) - 0.06896720614787051*cos(-0.9999999988875145*x**3 - 4*x + 113.27704660510552*exp(x**3 + x + sin(x + 0.017177176420353404)) - 2*sin(x) + sin(sin(x) + 0.005622446909580829) + cos(sin(x) - 2.005604850972754) + 0.0009465341906472339) + 0.0069649067472093913,-0.00165232368724435*x**3 + 0.110646911974736*x + 0.00165232363140133*(x + 1)*(2*x - 0.00687881679183898) - 0.00950116860462565*(x + sin(x))**3 + 0.990155894566106*sin(x) - 0.0765855126376196*sin(x + 0.017177176420353404) + 0.0575831754283683*sin(x + sin(x)) - 0.0670843440329939*sin(3*x + 1.015904971002441) + 0.00738655413259905*sin(sin(x) + 0.005622446909580829) - 0.0706832131287484*sin(3*x - sin(x) + sin(sin(x) + 0.005622446909580829) + cos(sin(x) - 2.005604850972754) - 1.7023768574566039) + 0.00738655413259905*cos(sin(x) - 2.005604850972754) - 0.0689672061478705*cos(x - sin(x) + sin(sin(x) + 0.005622446909580829) + cos(sin(x) - 2.005604850972754) + cos(2*x + sin(x) + 2.017477480812801) + 4.722632069950714) + 0.00451943888200019*cos(x**3 + 2*x + sin(x) + sin(x + 0.017177176420353404) + 0.5736611044662187 + exp(-0.012001866226250045*sin(x))) - 0.0689672061478705*cos(-x**3 - 4*x + 113.27704660510552*exp(x**3 + x + sin(x + 0.017177176420353404)) - 2*sin(x) + sin(sin(x) + 0.005622446909580829) + cos(sin(x) - 2.005604850972754) + 0.0009465341906472339) + 0.00696490674720939
SRB-2026-06-25-1715,sin-noise-1,17,0.006416661580718898,0.00641666762916817,56,56,0.002868712004948417*x1**6*cos(x1 - 1.4338419479563167)**3 - 0.030625874220846894*x1 + 0.9721315445698178*cos(x1 - 1.4338419479563167) + 0.06852673528065293*cos(x1 + exp(x1)) + 0.0924694131526009*cos(x1 + 1.756350645918435*exp(x1 + exp(x1))) + 0.06931564119803862*cos(cos(x1) + 0.5632381597424375) - 0.27417734429551094*cos(x1 + cos(x1) + 0.10189305640475577) - 0.029146732042458504,0.00286871200494842*x1**6*cos(x1 - 1.4338419479563167)**3 - 0.0306258742208469*x1 + 0.972131544569818*cos(x1 - 1.4338419479563167) + 0.0685267352806529*cos(x1 + exp(x1)) + 0.0924694131526009*cos(x1 + 1.756350645918435*exp(x1 + exp(x1))) + 0.0693156411980386*cos(cos(x1) + 0.5632381597424375) - 0.274177344295511*cos(x1 + cos(x1) + 0.10189305640475577) - 0.0291467320424585,0.002868712004948417*x**6*cos(x - 1.4338419479563167)**3 - 0.030625874220846894*x + 0.9721315445698178*cos(x - 1.4338419479563167) + 0.06852673528065293*cos(x + exp(x)) + 0.0924694131526009*cos(x + 1.756350645918435*exp(x + exp(x))) + 0.06931564119803862*cos(cos(x) + 0.5632381597424375) - 0.27417734429551094*cos(x + cos(x) + 0.10189305640475577) - 0.029146732042458504,0.00286871200494842*x**6*cos(x - 1.4338419479563167)**3 - 0.0306258742208469*x + 0.972131544569818*cos(x - 1.4338419479563167) + 0.0685267352806529*cos(x + exp(x)) + 0.0924694131526009*cos(x + 1.756350645918435*exp(x + exp(x))) + 0.0693156411980386*cos(cos(x) + 0.5632381597424375) - 0.274177344295511*cos(x + cos(x) + 0.10189305640475577) - 0.0291467320424585
SRB-2026-06-25-1715,sin-noise-1,18,0.0060639343630053905,0.006063943868337517,100,85,0.009099948376851833*x1**2 + 0.03475284302413928*x1 - 0.0001747142280799564*(x1 + 1.0)*exp(x1) + 9.879281004110257e-5*(1.023333655369133*exp(x1) + 5.263368015803823)**2 - 0.01479136425703047*exp(x1) + 3.877435499364699e-12*exp(1.023333655369133*exp(x1)) + 0.9363449008314545*sin(x1) - 0.09502825347977496*sin(0.02306558762391012*(x1 + 1.0)*(1.023333655369133*exp(x1) + 6.244100300065086)**2*(x1 + exp(1.023333655369133*exp(x1)) + 0.02936884975923033)) + 3.877435499364699e-12*sin(0.094912710046836145*x1 + 0.094912710046836145) - 0.023315463966295934*sin(2*x1 + exp(1.023333655369133*exp(x1)) + 0.02936884975923033) - 0.023315463966295934*sin(2*x1 + exp(1.023333655369133*exp(x1)) + 1.0293688497592304) + 0.034856506027086393,0.00909994837685183*x1**2 + 0.0347528430241393*x1 - 0.000174714228079956*(x1 + 1)*exp(x1) + 9.87928100411026e-5*(1.02333365536913*exp(x1) + 5.26336801580382)**2 - 0.0147913642570305*exp(x1) + 0.936344900831454*sin(x1) - 0.095028253479775*sin(0.02306558762391012*(x1 + 1)*(1.023333655369133*exp(x1) + 6.244100300065086)**2*(x1 + exp(1.023333655369133*exp(x1)) + 0.02936884975923033)) - 0.0233154639662959*sin(2*x1 + exp(1.023333655369133*exp(x1)) + 0.02936884975923033) - 0.0233154639662959*sin(2*x1 + exp(1.023333655369133*exp(x1)) + 1.0293688497592304) + 0.0348565060270864,0.009099948376851833*x**2 + 0.03475284302413928*x - 0.0001747142280799564*(x + 1.0)*exp(x) + 9.879281004110257e-5*(1.023333655369133*exp(x) + 5.263368015803823)**2 - 0.01479136425703047*exp(x) + 3.877435499364699e-12*exp(1.023333655369133*exp(x)) + 0.9363449008314545*sin(x) - 0.09502825347977496*sin(0.02306558762391012*(x + 1.0)*(1.023333655369133*exp(x) + 6.244100300065086)**2*(x + exp(1.023333655369133*exp(x)) + 0.02936884975923033)) + 3.877435499364699e-12*sin(0.094912710046836145*x + 0.094912710046836145) - 0.023315463966295934*sin(2*x + exp(1.023333655369133*exp(x)) + 0.02936884975923033) - 0.023315463966295934*sin(2*x + exp(1.023333655369133*exp(x)) + 1.0293688497592304) + 0.034856506027086393,0.00909994837685183*x**2 + 0.0347528430241393*x - 0.000174714228079956*(x + 1)*exp(x) + 9.87928100411026e-5*(1.02333365536913*exp(x) + 5.26336801580382)**2 - 0.0147913642570305*exp(x) + 0.936344900831454*sin(x) - 0.095028253479775*sin(0.02306558762391012*(x + 1)*(1.023333655369133*exp(x) + 6.244100300065086)**2*(x + exp(1.023333655369133*exp(x)) + 0.02936884975923033)) - 0.0233154639662959*sin(2*x + exp(1.023333655369133*exp(x)) + 0.02936884975923033) - 0.0233154639662959*sin(2*x + exp(1.023333655369133*exp(x)) + 1.0293688497592304) + 0.0348565060270864
SRB-2026-06-25-1715,sin-noise-1,19,0.006493144194721574,0.006493144081363933,144,96,-2.856966531899908e-10*(x1 - (x1**3 + 0.9996225703963033)**2 - 1)**3 - 5.636139998260172e-5*((x1 - 1)**3 + 0.972898454603479*exp(x1) + cos(x1 + 0.0456151802373403) + 0.54254594970819053)**2 - 0.0005247425642401701*exp(2*x1) - 2.779538323739282e-10*exp(x1) - 0.048927379770414135*sin((sin(x1 - 0.0456151802373403) - 0.0455993629591721)**2*(cos(x1) + cos(cos(x1) + 4.690806263013693) + 3.690806263013693)) + 1.0396472731625036*sin(x1 - 0.0456151802373403) - 0.023163806953112633*cos(x1) - 5.636139998260172e-5*cos(sin(x1 - 0.0456151802373403) - 0.0455993629591721) - 2.856966531899908e-10*cos(x1 + sin(x1 - 0.0456151802373403) - 0.95539373465713) - 2.856966531899908e-10*cos(0.955409551935298*exp(0.972898454603479*exp(x1)) - 3*sin(x1 - 0.0456151802373403) + 0.1642736543228682) - 0.023163806953112633*cos(cos(x1) + cos(cos(x1) + 4.690806263013693) + 3.690806263013693) - 0.10316411706713095*cos(x1 - 0.955409551935298*exp(0.972898454603479*exp(x1)) + sin(x1 - 0.0456151802373403) + 1.58172781682259e-5) + 0.00067039356384794731,-5.63613999826017e-5*((x1 - 1)**3 + 0.972898454603479*exp(x1) + cos(x1 + 0.0456151802373403) + 0.54254594970819)**2 - 0.00052474256424017*exp(2*x1) - 0.0489273797704141*sin((sin(x1 - 0.0456151802373403) - 0.0455993629591721)**2*(cos(x1) + cos(cos(x1) + 4.690806263013693) + 3.690806263013693)) + 1.0396472731625*sin(x1 - 0.0456151802373403) - 0.0231638069531126*cos(x1) - 5.63613999826017e-5*cos(sin(x1 - 0.0456151802373403) - 0.0455993629591721) - 0.0231638069531126*cos(cos(x1) + cos(cos(x1) + 4.690806263013693) + 3.690806263013693) - 0.103164117067131*cos(x1 - 0.955409551935298*exp(0.972898454603479*exp(x1)) + sin(x1 - 0.0456151802373403) + 1.58172781682259e-5) + 0.000670393563847947,-2.856966531899908e-10*(x - (x**3 + 0.9996225703963033)**2 - 1)**3 - 5.636139998260172e-5*((x - 1)**3 + 0.972898454603479*exp(x) + cos(x + 0.0456151802373403) + 0.54254594970819053)**2 - 0.0005247425642401701*exp(2*x) - 2.779538323739282e-10*exp(x) - 0.048927379770414135*sin((sin(x - 0.0456151802373403) - 0.0455993629591721)**2*(cos(x) + cos(cos(x) + 4.690806263013693) + 3.690806263013693)) + 1.0396472731625036*sin(x - 0.0456151802373403) - 0.023163806953112633*cos(x) - 5.636139998260172e-5*cos(sin(x - 0.0456151802373403) - 0.0455993629591721) - 2.856966531899908e-10*cos(x + sin(x - 0.0456151802373403) - 0.95539373465713) - 2.856966531899908e-10*cos(0.955409551935298*exp(0.972898454603479*exp(x)) - 3*sin(x - 0.0456151802373403) + 0.1642736543228682) - 0.023163806953112633*cos(cos(x) + cos(cos(x) + 4.690806263013693) + 3.690806263013693) - 0.10316411706713095*cos(x - 0.955409551935298*exp(0.972898454603479*exp(x)) + sin(x - 0.0456151802373403) + 1.58172781682259e-5) + 0.00067039356384794731,-5.63613999826017e-5*((x - 1)**3 + 0.972898454603479*exp(x) + cos(x + 0.0456151802373403) + 0.54254594970819)**2 - 0.00052474256424017*exp(2*x) - 0.0489273797704141*sin((sin(x - 0.0456151802373403) - 0.0455993629591721)**2*(cos(x) + cos(cos(x) + 4.690806263013693) + 3.690806263013693)) + 1.0396472731625*sin(x - 0.0456151802373403) - 0.0231638069531126*cos(x) - 5.63613999826017e-5*cos(sin(x - 0.0456151802373403) - 0.0455993629591721) - 0.0231638069531126*cos(cos(x) + cos(cos(x) + 4.690806263013693) + 3.690806263013693) - 0.103164117067131*cos(x - 0.955409551935298*exp(0.972898454603479*exp(x)) + sin(x - 0.0456151802373403) + 1.58172781682259e-5) + 0.000670393563847947
SRB-2026-06-25-1715,sin-noise-1,20,0.0064162774790995905,0.0064162772813407655,141,121,0.0001380973807007243*x1**3 + 10.78784338913242*(1 - sin(x1))*(1.750982290749895*sin(x1 - 1.5310057845283551) + 1.750982290749895*cos(x1)) + 0.7491291659594386*(sin(x1) + 0.04112121271122247)**2 - 1.1807684117850672e-11*exp(x1) - 1.6221657552004462e-11*exp(exp(x1)) + 0.14934674057998326*sin(x1) + 0.014316008251787193*sin(x1*cos(exp(x1) - sin(x1) + 2.883449383725809)) - 0.014022957257585286*sin(x1 + exp(x1) + 1.373822113642151*exp(exp(x1)) - 1.5310057845283551) + 0.03768611149763823*sin(x1 + exp(x1) - sin(x1 + exp(x1) - 0.48902738561044313) - cos(x1 + sin(x1) - 1) + 0.4977244310776036) + 0.11166062908234503*cos(exp(x1) + 1.373822113642151*exp(exp(x1))) - 1.1807684117850672e-11*cos(exp(x1) - sin(x1) + 2.883449383725809) - 0.014022957257585286*cos(x1 + exp(x1) - sin(-x1 + sin(x1 - 1.5310057845283551) + cos(x1)) - 1.5659509296718573) + 0.0059470915652230505,0.000138097380700724*x1**3 + 10.7878433891324*(1 - sin(x1))*(1.7509822907499*sin(x1 - 1.5310057845283551) + 1.7509822907499*cos(x1)) + 0.749129165959439*(sin(x1) + 0.0411212127112225)**2 + 0.149346740579983*sin(x1) + 0.0143160082517872*sin(x1*cos(exp(x1) - sin(x1) + 2.883449383725809)) - 0.0140229572575853*sin(x1 + exp(x1) + 1.373822113642151*exp(exp(x1)) - 1.5310057845283551) + 0.0376861114976382*sin(x1 + exp(x1) - sin(x1 + exp(x1) - 0.48902738561044313) - cos(x1 + sin(x1) - 1) + 0.4977244310776036) + 0.111660629082345*cos(exp(x1) + 1.373822113642151*exp(exp(x1))) - 0.0140229572575853*cos(x1 + exp(x1) - sin(-x1 + sin(x1 - 1.5310057845283551) + cos(x1)) - 1.5659509296718573) + 0.00594709156522305,0.0001380973807007243*x**3 + 10.78784338913242*(1 - sin(x))*(1.750982290749895*sin(x - 1.5310057845283551) + 1.750982290749895*cos(x)) + 0.7491291659594386*(sin(x) + 0.04112121271122247)**2 - 1.1807684117850672e-11*exp(x) - 1.6221657552004462e-11*exp(exp(x)) + 0.14934674057998326*sin(x) + 0.014316008251787193*sin(x*cos(exp(x) - sin(x) + 2.883449383725809)) - 0.014022957257585286*sin(x + exp(x) + 1.373822113642151*exp(exp(x)) - 1.5310057845283551) + 0.03768611149763823*sin(x + exp(x) - sin(x + exp(x) - 0.48902738561044313) - cos(x + sin(x) - 1) + 0.4977244310776036) + 0.11166062908234503*cos(exp(x) + 1.373822113642151*exp(exp(x))) - 1.1807684117850672e-11*cos(exp(x) - sin(x) + 2.883449383725809) - 0.014022957257585286*cos(x + exp(x) - sin(-x + sin(x - 1.5310057845283551) + cos(x)) - 1.5659509296718573) + 0.0059470915652230505,0.000138097380700724*x**3 + 10.7878433891324*(1 - sin(x))*(1.7509822907499*sin(x - 1.5310057845283551) + 1.7509822907499*cos(x)) + 0.749129165959439*(sin(x) + 0.0411212127112225)**2 + 0.149346740579983*sin(x) + 0.0143160082517872*sin(x*cos(exp(x) - sin(x) + 2.883449383725809)) - 0.0140229572575853*sin(x + exp(x) + 1.373822113642151*exp(exp(x)) - 1.5310057845283551) + 0.0376861114976382*sin(x + exp(x) - sin(x + exp(x) - 0.48902738561044313) - cos(x + sin(x) - 1) + 0.4977244310776036) + 0.111660629082345*cos(exp(x) + 1.373822113642151*exp(exp(x))) - 0.0140229572575853*cos(x + exp(x) - sin(-x + sin(x - 1.5310057845283551) + cos(x)) - 1.5659509296718573) + 0.00594709156522305
SRB-2026-06-25-1715,sin-noise-1,21,0.006164600242332867,0.006200510255418057,86,76,0.012990110057996485*x1 - 4.520666426517158e-6*(1.02739386931079*exp(x1) + 0.034689060119910342)**3 + 0.012990110057996485*(sin(x1 + 0.015329021413219372) + 0.013512685922487382)**3 - 0.23647622949016717*(sin(x1 + 0.015329021413219372) + 0.01532992191235718)**3 + 0.23647622949016717*sin(0.0197200698755256*x1) + 1.182553083974542*sin(x1 + 0.015329021413219372) + 0.03530552002186571*cos(2.0547877386215799*exp(x1) + 0.067561784749088694) + 0.09662495135283518*cos(2.143684597970603*exp(3*x1 + 1.02739386931079*exp(x1) - sin(0.0197200698755256*x1)) + 0.067561784749088694) - 0.042489995852889719 - 0.0012771264513323686/sin(x1 + 0.015329021413219372),0.0129901100579965*x1 + 0.0129901100579965*(sin(x1 + 0.015329021413219372) + 0.0135126859224874)**3 - 0.236476229490167*(sin(x1 + 0.015329021413219372) + 0.0153299219123572)**3 + 0.236476229490167*sin(0.0197200698755256*x1) + 1.18255308397454*sin(x1 + 0.015329021413219372) + 0.0353055200218657*cos(2.0547877386215799*exp(x1) + 0.067561784749088694) + 0.0966249513528352*cos(2.143684597970603*exp(3*x1 + 1.02739386931079*exp(x1) - sin(0.0197200698755256*x1)) + 0.067561784749088694) - 0.0424899958528897 - 0.00127712645133237/sin(x1 + 0.015329021413219372),0.012990110057996485*x - 4.520666426517158e-6*(1.02739386931079*exp(x) + 0.034689060119910342)**3 + 0.012990110057996485*(sin(x + 0.015329021413219372) + 0.013512685922487382)**3 - 0.23647622949016717*(sin(x + 0.015329021413219372) + 0.01532992191235718)**3 + 0.23647622949016717*sin(0.0197200698755256*x) + 1.182553083974542*sin(x + 0.015329021413219372) + 0.03530552002186571*cos(2.0547877386215799*exp(x) + 0.067561784749088694) + 0.09662495135283518*cos(2.143684597970603*exp(3*x + 1.02739386931079*exp(x) - sin(0.0197200698755256*x)) + 0.067561784749088694) - 0.042489995852889719 - 0.0012771264513323686/sin(x + 0.015329021413219372),0.0129901100579965*x + 0.0129901100579965*(sin(x + 0.015329021413219372) + 0.0135126859224874)**3 - 0.236476229490167*(sin(x + 0.015329021413219372) + 0.0153299219123572)**3 + 0.236476229490167*sin(0.0197200698755256*x) + 1.18255308397454*sin(x + 0.015329021413219372) + 0.0353055200218657*cos(2.0547877386215799*exp(x) + 0.067561784749088694) + 0.0966249513528352*cos(2.143684597970603*exp(3*x + 1.02739386931079*exp(x) - sin(0.0197200698755256*x)) + 0.067561784749088694) - 0.0424899958528897 - 0.00127712645133237/sin(x + 0.015329021413219372)
SRB-2026-06-25-1715,sin-noise-1,22,0.006509502878228123,0.00650945649064186,128,98,0.00044552832437741376*x1 - 0.032778723554611276*(0.0034636503323802292 - sin(x1))**2 - 1.3978756726188735e-49*(7.6450469858784431*exp(1.017041001410376*x1 + 1.0171748245819706*exp(x1)) + 0.017029004536750828)**4*(cos(1.0171748245819706*exp(x1) + sin(x1) + 0.017029004536750828) + 2.0)**2 + 0.026144491960791872*exp((0.0034636503323802292 - sin(x1))**2 - sin(x1) + sin(sin(x1))) + 0.2814148443942626*sin(x1) + 0.07256131082957634*sin(9.0*(1.0171748245819706*exp(x1) + 0.017029004536750828)**4 - sin(x1) + 1.1996873624997673e-5) + 0.032778723554611276*sin(x1 - 9.0*(1.0171748245819706*exp(x1) + 0.017029004536750828)**4 + sin(x1) - 1.1996873624997673e-5) + 0.8141403976050985*sin(sin(x1)) - 0.045794657974759755*cos(7.6450469858784431*exp(1.017041001410376*x1 + 1.0171748245819706*exp(x1)) + sin(x1) + 0.017029004536750828) - 0.026240869885485793,0.000445528324377414*x1 - 0.0327787235546113*(0.00346365033238023 - sin(x1))**2 + 0.0261444919607919*exp((0.0034636503323802292 - sin(x1))**2 - sin(x1) + sin(sin(x1))) + 0.281414844394263*sin(x1) + 0.0725613108295763*sin(9*(1.0171748245819706*exp(x1) + 0.017029004536750828)**4 - sin(x1) + 1.1996873624997673e-5) + 0.0327787235546113*sin(x1 - 9*(1.0171748245819706*exp(x1) + 0.017029004536750828)**4 + sin(x1) - 1.1996873624997673e-5) + 0.814140397605098*sin(sin(x1)) - 0.0457946579747598*cos(7.6450469858784431*exp(1.017041001410376*x1 + 1.0171748245819706*exp(x1)) + sin(x1) + 0.017029004536750828) - 0.0262408698854858,0.00044552832437741376*x - 0.032778723554611276*(0.0034636503323802292 - sin(x))**2 - 1.3978756726188735e-49*(7.6450469858784431*exp(1.017041001410376*x + 1.0171748245819706*exp(x)) + 0.017029004536750828)**4*(cos(1.0171748245819706*exp(x) + sin(x) + 0.017029004536750828) + 2.0)**2 + 0.026144491960791872*exp((0.0034636503323802292 - sin(x))**2 - sin(x) + sin(sin(x))) + 0.2814148443942626*sin(x) + 0.07256131082957634*sin(9.0*(1.0171748245819706*exp(x) + 0.017029004536750828)**4 - sin(x) + 1.1996873624997673e-5) + 0.032778723554611276*sin(x - 9.0*(1.0171748245819706*exp(x) + 0.017029004536750828)**4 + sin(x) - 1.1996873624997673e-5) + 0.8141403976050985*sin(sin(x)) - 0.045794657974759755*cos(7.6450469858784431*exp(1.017041001410376*x + 1.0171748245819706*exp(x)) + sin(x) + 0.017029004536750828) - 0.026240869885485793,0.000445528324377414*x - 0.0327787235546113*(0.00346365033238023 - sin(x))**2 + 0.0261444919607919*exp((0.0034636503323802292 - sin(x))**2 - sin(x) + sin(sin(x))) + 0.281414844394263*sin(x) + 0.0725613108295763*sin(9*(1.0171748245819706*exp(x) + 0.017029004536750828)**4 - sin(x) + 1.1996873624997673e-5) + 0.0327787235546113*sin(x - 9*(1.0171748245819706*exp(x) + 0.017029004536750828)**4 + sin(x) - 1.1996873624997673e-5) + 0.814140397605098*sin(sin(x)) - 0.0457946579747598*cos(7.6450469858784431*exp(1.017041001410376*x + 1.0171748245819706*exp(x)) + sin(x) + 0.017029004536750828) - 0.0262408698854858
SRB-2026-06-25-1715,sin-noise-1,23,0.006458893894489418,0.006458893830825583,164,49,0.0022770472513875276*x1**3 - 0.02943589596233613*x1 + 1.987863189055767e-7*(x1 + 0.012186362779814443)**2*exp(-3*x1) + 1.2502671010650214e-15*(cos(27*x1**4*sin(x1 + 0.0060931813899072216)) - 0.02563726176145409)**2*((x1 + 0.0060931813899072216)**3 + (8*x1**3 + 1.0)**3 + exp(x1) + 0.9746885823116917)**2 - 3.3668597704177534e-16*((x1 + 0.0060931813899072216)**3 + (8*x1**3 + 1.0)**3 + exp(x1) + 0.9746885823116917)**2 - 6.656724179929527e-7*exp(-2*x1 - 0.9493827456677171*(exp(x1) + 0.9746885823116917)**2) + 1.0006607085393886*sin(x1 + 0.0060931813899072216) - 3.3668597704177534e-16*sin(cos(27*x1**4*sin(x1 + 0.0060931813899072216))) + 2.5005342021300428e-15*cos(27*x1**4*sin(x1 + 0.0060931813899072216)) + 0.07067898886164521*cos(x1*(3*x1 + 0.9493827456677171*(exp(x1) + 0.9746885823116917)**2 + 2.949056937595593)**3*sin(x1 + 0.0060931813899072216)) + 0.04186657704170057*cos(0.3774328004324561*exp(-3*x1)) - 0.031215378804867277 + 4.718918132435397e-16*exp(-3*x1),0.00227704725138753*x1**3 - 0.0294358959623361*x1 + 1.00066070853939*sin(x1 + 0.0060931813899072216) + 0.0706789888616452*cos(x1*(3*x1 + 0.9493827456677171*(exp(x1) + 0.9746885823116917)**2 + 2.949056937595593)**3*sin(x1 + 0.0060931813899072216)) + 0.0418665770417006*cos(0.3774328004324561*exp(-3*x1)) - 0.0312153788048673,0.0022770472513875276*x**3 - 0.02943589596233613*x + 1.987863189055767e-7*(x + 0.012186362779814443)**2*exp(-3*x) + 1.2502671010650214e-15*(cos(27*x**4*sin(x + 0.0060931813899072216)) - 0.02563726176145409)**2*((x + 0.0060931813899072216)**3 + (8*x**3 + 1.0)**3 + exp(x) + 0.9746885823116917)**2 - 3.3668597704177534e-16*((x + 0.0060931813899072216)**3 + (8*x**3 + 1.0)**3 + exp(x) + 0.9746885823116917)**2 - 6.656724179929527e-7*exp(-2*x - 0.9493827456677171*(exp(x) + 0.9746885823116917)**2) + 1.0006607085393886*sin(x + 0.0060931813899072216) - 3.3668597704177534e-16*sin(cos(27*x**4*sin(x + 0.0060931813899072216))) + 2.5005342021300428e-15*cos(27*x**4*sin(x + 0.0060931813899072216)) + 0.07067898886164521*cos(x*(3*x + 0.9493827456677171*(exp(x) + 0.9746885823116917)**2 + 2.949056937595593)**3*sin(x + 0.0060931813899072216)) + 0.04186657704170057*cos(0.3774328004324561*exp(-3*x)) - 0.031215378804867277 + 4.718918132435397e-16*exp(-3*x),0.00227704725138753*x**3 - 0.0294358959623361*x + 1.00066070853939*sin(x + 0.0060931813899072216) + 0.0706789888616452*cos(x*(3*x + 0.9493827456677171*(exp(x) + 0.9746885823116917)**2 + 2.949056937595593)**3*sin(x + 0.0060931813899072216)) + 0.0418665770417006*cos(0.3774328004324561*exp(-3*x)) - 0.0312153788048673
SRB-2026-06-25-1715,sin-noise-1,24,0.006359690969563043,0.007669146970301216,63,41,0.05207102354741625*x1*(cos(x1) + 0.8414709848078965) + 0.006412544634024847*x1 - 1.1924930461130978e-19*(cos(x1) + 0.8105071782148616)**3 - 5.2814593687830782e-20*exp(2*exp(x1) + sin(x1) + 2*cos(x1)) + 0.8778151605337129*sin(x1) - 0.0115108553476403*cos(x1) - 0.0115108553476403*cos(x1 - 1) + 0.11157066997932095*cos(x1 - 0.96951066233498113*exp(2*exp(x1) + sin(x1))) + 0.04565404525237474,0.0520710235474163*x1*(cos(x1) + 0.841470984807897) + 0.00641254463402485*x1 + 0.877815160533713*sin(x1) - 0.0115108553476403*cos(x1) - 0.0115108553476403*cos(x1 - 1) + 0.111570669979321*cos(x1 - 0.96951066233498113*exp(2*exp(x1) + sin(x1))) + 0.0456540452523747,0.05207102354741625*x*(cos(x) + 0.8414709848078965) + 0.006412544634024847*x - 1.1924930461130978e-19*(cos(x) + 0.8105071782148616)**3 - 5.2814593687830782e-20*exp(2*exp(x) + sin(x) + 2*cos(x)) + 0.8778151605337129*sin(x) - 0.0115108553476403*cos(x) - 0.0115108553476403*cos(x - 1) + 0.11157066997932095*cos(x - 0.96951066233498113*exp(2*exp(x) + sin(x))) + 0.04565404525237474,0.0520710235474163*x*(cos(x) + 0.841470984807897) + 0.00641254463402485*x + 0.877815160533713*sin(x) - 0.0115108553476403*cos(x) - 0.0115108553476403*cos(x - 1) + 0.111570669979321*cos(x - 0.96951066233498113*exp(2*exp(x) + sin(x))) + 0.0456540452523747
SRB-2026-06-25-1715,sin-noise-1,25,0.006265288383905209,0.006265288301083158,114,95,-0.003086897049070872*x1*exp(x1) - 0.13872996916198292*x1*exp(x1 - 1.039267815218439*exp(x1)) + 0.001543448524535436*x1 + 0.011858389303169062*(-2*x1 + 2*exp(x1) + exp(sin(x1 + 0.34886194675898596)) + 0.09629110345925937)*exp(x1 - 1.039267815218439*exp(x1)) + 0.0015731725968474526*exp(x1) - 4.888856559164923e-68*exp(6.941486101412152*exp(x1) + sin(x1 - 0.38838478242262303)) + 2.3256139651593955e-11*exp(1.039267815218439*exp(x1)) + 0.5995087243996987*sin(x1 - 0.38838478242262303) + 0.49764931881973471*sin(x1 + 0.34886194675898596) + 0.001543448524535436*cos(1.039267815218439*exp(x1) + 3.0192582206918517) + 0.08932610691803824*cos(3*x1*exp(x1) + 7.960744322104004*exp(x1) - 2*sin(x1 - 0.38838478242262303) + cos(1.039267815218439*exp(x1) + 3.0192582206918517) - 2.388384782422623) + 0.00065143159961204362,-0.00308689704907087*x1*exp(x1) - 0.138729969161983*x1*exp(x1 - 1.039267815218439*exp(x1)) + 0.00154344852453544*x1 + 0.0118583893031691*(-2*x1 + 2*exp(x1) + exp(sin(x1 + 0.34886194675898596)) + 0.0962911034592594)*exp(x1 - 1.039267815218439*exp(x1)) + 0.00157317259684745*exp(x1) + 0.599508724399699*sin(x1 - 0.38838478242262303) + 0.497649318819735*sin(x1 + 0.34886194675898596) + 0.00154344852453544*cos(1.039267815218439*exp(x1) + 3.0192582206918517) + 0.0893261069180382*cos(3*x1*exp(x1) + 7.960744322104004*exp(x1) - 2*sin(x1 - 0.38838478242262303) + cos(1.039267815218439*exp(x1) + 3.0192582206918517) - 2.388384782422623) + 0.000651431599612044,-0.003086897049070872*x*exp(x) - 0.13872996916198292*x*exp(x - 1.039267815218439*exp(x)) + 0.001543448524535436*x + 0.011858389303169062*(-2*x + 2*exp(x) + exp(sin(x + 0.34886194675898596)) + 0.09629110345925937)*exp(x - 1.039267815218439*exp(x)) + 0.0015731725968474526*exp(x) - 4.888856559164923e-68*exp(6.941486101412152*exp(x) + sin(x - 0.38838478242262303)) + 2.3256139651593955e-11*exp(1.039267815218439*exp(x)) + 0.5995087243996987*sin(x - 0.38838478242262303) + 0.49764931881973471*sin(x + 0.34886194675898596) + 0.001543448524535436*cos(1.039267815218439*exp(x) + 3.0192582206918517) + 0.08932610691803824*cos(3*x*exp(x) + 7.960744322104004*exp(x) - 2*sin(x - 0.38838478242262303) + cos(1.039267815218439*exp(x) + 3.0192582206918517) - 2.388384782422623) + 0.00065143159961204362,-0.00308689704907087*x*exp(x) - 0.138729969161983*x*exp(x - 1.039267815218439*exp(x)) + 0.00154344852453544*x + 0.0118583893031691*(-2*x + 2*exp(x) + exp(sin(x + 0.34886194675898596)) + 0.0962911034592594)*exp(x - 1.039267815218439*exp(x)) + 0.00157317259684745*exp(x) + 0.599508724399699*sin(x - 0.38838478242262303) + 0.497649318819735*sin(x + 0.34886194675898596) + 0.00154344852453544*cos(1.039267815218439*exp(x) + 3.0192582206918517) + 0.0893261069180382*cos(3*x*exp(x) + 7.960744322104004*exp(x) - 2*sin(x - 0.38838478242262303) + cos(1.039267815218439*exp(x) + 3.0192582206918517) - 2.388384782422623) + 0.000651431599612044
SRB-2026-06-25-1715,sin-noise-1,26,0.006629439123523585,0.006629438949188902,73,54,-9.8814112367580163e-6*x1*(3*x1 + 2.617329619497147)*(1.048063124469119*exp(3*x1 + sin(x1)) + 0.04694381735695988) - 0.00047306136727337511*x1 + 0.00029229373385063445*exp(3*x1) + 0.0001017522203997662*exp(3*x1 + sin(x1)) + 1.001813217129654*sin(x1) + 0.086243122628378506*sin(sin(x1) + 1.9530561826430402) - 0.08586714722665831*sin(1.048063124469119*x1*exp(3*x1) + 3*x1 + 2.617329619497147) - 0.00037597540172019586*cos(3*x1 + 1.570385802140187) - 0.050086879283719701,-0.000473061367273375*x1 + 0.000292293733850634*exp(3*x1) + 0.000101752220399766*exp(3*x1 + sin(x1)) + 1.00181321712965*sin(x1) + 0.0862431226283785*sin(sin(x1) + 1.9530561826430402) - 0.0858671472266583*sin(1.048063124469119*x1*exp(3*x1) + 3*x1 + 2.617329619497147) - 0.000375975401720196*cos(3*x1 + 1.570385802140187) - 0.0500868792837197,-9.8814112367580163e-6*x*(3*x + 2.617329619497147)*(1.048063124469119*exp(3*x + sin(x)) + 0.04694381735695988) - 0.00047306136727337511*x + 0.00029229373385063445*exp(3*x) + 0.0001017522203997662*exp(3*x + sin(x)) + 1.001813217129654*sin(x) + 0.086243122628378506*sin(sin(x) + 1.9530561826430402) - 0.08586714722665831*sin(1.048063124469119*x*exp(3*x) + 3*x + 2.617329619497147) - 0.00037597540172019586*cos(3*x + 1.570385802140187) - 0.050086879283719701,-0.000473061367273375*x + 0.000292293733850634*exp(3*x) + 0.000101752220399766*exp(3*x + sin(x)) + 1.00181321712965*sin(x) + 0.0862431226283785*sin(sin(x) + 1.9530561826430402) - 0.0858671472266583*sin(1.048063124469119*x*exp(3*x) + 3*x + 2.617329619497147) - 0.000375975401720196*cos(3*x + 1.570385802140187) - 0.0500868792837197
SRB-2026-06-25-1715,sin-noise-1,27,0.0064117820697742215,0.0064122387071347394,87,63,-0.025499011107169334*x1**3 + 0.2125592597185909*x1 + 0.00023749734686835065*(-x1 + sin(2*x1 + 1.025462957055316) + 22.758124080265529)*exp(x1)*sin(x1 + 8.084178266617395) + 0.00024301869363597582*exp(2*x1) + 0.003970607263331821*exp(x1) - 7.2780466037246058e-16*exp(x1**3) + 0.7176738849711743*sin(x1) - 0.008140503909924424*sin(x1 + 3.0420891333086975) - 6.984092215429171e-16*sin(x1 + 8.084178266617395) - 6.984092215429171e-16*sin(x1 + 1.0420891333086975*exp(x1**3) + 2) + 0.08478364431270952*sin(2*x1 + 2.084178266617395*exp(x1**3) + 4.0279283086808524) - 0.0084577015004410881,-0.0254990111071693*x1**3 + 0.212559259718591*x1 + 0.000237497346868351*(-x1 + sin(2*x1 + 1.025462957055316) + 22.7581240802655)*exp(x1)*sin(x1 + 8.084178266617395) + 0.000243018693635976*exp(2*x1) + 0.00397060726333182*exp(x1) + 0.717673884971174*sin(x1) - 0.00814050390992442*sin(x1 + 3.0420891333086975) + 0.0847836443127095*sin(2*x1 + 2.084178266617395*exp(x1**3) + 4.0279283086808524) - 0.00845770150044109,-0.025499011107169334*x**3 + 0.2125592597185909*x + 0.00023749734686835065*(-x + sin(2*x + 1.025462957055316) + 22.758124080265529)*exp(x)*sin(x + 8.084178266617395) + 0.00024301869363597582*exp(2*x) + 0.003970607263331821*exp(x) - 7.2780466037246058e-16*exp(x**3) + 0.7176738849711743*sin(x) - 0.008140503909924424*sin(x + 3.0420891333086975) - 6.984092215429171e-16*sin(x + 8.084178266617395) - 6.984092215429171e-16*sin(x + 1.0420891333086975*exp(x**3) + 2) + 0.08478364431270952*sin(2*x + 2.084178266617395*exp(x**3) + 4.0279283086808524) - 0.0084577015004410881,-0.0254990111071693*x**3 + 0.212559259718591*x + 0.000237497346868351*(-x + sin(2*x + 1.025462957055316) + 22.7581240802655)*exp(x)*sin(x + 8.084178266617395) + 0.000243018693635976*exp(2*x) + 0.00397060726333182*exp(x) + 0.717673884971174*sin(x) - 0.00814050390992442*sin(x + 3.0420891333086975) + 0.0847836443127095*sin(2*x + 2.084178266617395*exp(x**3) + 4.0279283086808524) - 0.00845770150044109
SRB-2026-06-25-1715,sin-noise-1,28,0.006800691777355621,0.00680069142802098,268,236,0.26174194394630582*x1 + 0.3422175650371237*(0.010770745794823074 - x1)**2 - 0.1416995375408214*(1.000000508772036 - x1)**3 + 2.2556409858672595e-10*(1.015050903667289 - x1)**3*((cos(x1 + 0.018753898025673503) + 1.0)**3 + (2*x1 - cos(x1) - 2.0)**3 + 1)**3 + 0.0009315843962393613*(-2*x1 - 0.1685189007278518)**2 - 0.2544419563500281*(x1 + 0.007983152230850428)**3 + 0.002794753188718084*(cos(x1 + 0.018753898025673503) + 1.0)**3 + 0.00035463660069453846*(x1 + cos(x1 - 1.000000508772036) + 2.022456892384058)**3 + 0.002794753188718084*(2*x1 - cos(x1) - 2.0)**3 + 0.0009315843962393613*(x1 - (x1 + 0.007983152230850428)**3 - cos(x1 + 0.018753898025673503) - 2.9855262598467927)**2 + 0.0009315843962393613*(x1**3 - x1 - (x1 + 0.007983152230850428)**3 + cos(x1) - cos(0.003702994358384221*(0.010770745794823074 - x1)**2 + 6.9875159129612675e-5) - cos(x1 + cos(x1 + 0.018753898025673503) + 2.0187538980256736) - 0.98552676861882858)**2 + 0.3412859806408843*sin(cos(x1) + 2.0) - 0.2632504759125259*cos(x1) + 0.07739941078812765*cos((x1 + 0.022456892384057722)*((0.010770745794823074 - x1)**2 + sin(cos(x1) + 2.0) + 0.018869906990650203)*((cos(x1 + 0.018753898025673503) + 1.0)**3 + (2*x1 - cos(x1) - 2.0)**3 + 1)**3) + 0.1416995375408214*cos(x1 - 1.000000508772036) - 0.1416995375408214*cos(-0.003702994358384221*x1 + 0.003702994358384221*(0.010770745794823074 - x1)**2 + 0.003702994358384221*(x1 - (x1 + 0.007983152230850428)**3 - cos(x1 + 0.018753898025673503) - 2.9855262598467927)**2 + 0.00013975031825922533) + 0.3854890114660506,0.261741943946306*x1 + 0.342217565037124*(0.0107707457948231 - x1)**2 - 0.141699537540821*(1 - x1)**3 + 0.000931584396239361*(-2*x1 - 0.168518900727852)**2 - 0.254441956350028*(x1 + 0.00798315223085043)**3 + 0.00279475318871808*(cos(x1 + 0.018753898025673503) + 1)**3 + 0.000354636600694538*(x1 + cos(x1 - 1) + 2.02245689238406)**3 + 0.00279475318871808*(2*x1 - cos(x1) - 2)**3 + 0.000931584396239361*(x1 - (x1 + 0.00798315223085043)**3 - cos(x1 + 0.018753898025673503) - 2.98552625984679)**2 + 0.000931584396239361*(x1**3 - x1 - (x1 + 0.00798315223085043)**3 + cos(x1) - cos(0.003702994358384221*(0.010770745794823074 - x1)**2 + 6.9875159129612675e-5) - cos(x1 + cos(x1 + 0.018753898025673503) + 2.0187538980256736) - 0.985526768618829)**2 + 0.341285980640884*sin(cos(x1) + 2) - 0.263250475912526*cos(x1) + 0.0773994107881276*cos((x1 + 0.022456892384057722)*((0.010770745794823074 - x1)**2 + sin(cos(x1) + 2) + 0.018869906990650203)*((cos(x1 + 0.018753898025673503) + 1)**3 + (2*x1 - cos(x1) - 2)**3 + 1)**3) + 0.141699537540821*cos(x1 - 1) - 0.141699537540821*cos(-0.003702994358384221*x1 + 0.003702994358384221*(0.010770745794823074 - x1)**2 + 0.003702994358384221*(x1 - (x1 + 0.007983152230850428)**3 - cos(x1 + 0.018753898025673503) - 2.9855262598467927)**2 + 0.00013975031825922533) + 0.385489011466051,0.26174194394630582*x + 0.3422175650371237*(0.010770745794823074 - x)**2 - 0.1416995375408214*(1.000000508772036 - x)**3 + 2.2556409858672595e-10*(1.015050903667289 - x)**3*((cos(x + 0.018753898025673503) + 1.0)**3 + (2*x - cos(x) - 2.0)**3 + 1)**3 + 0.0009315843962393613*(-2*x - 0.1685189007278518)**2 - 0.2544419563500281*(x + 0.007983152230850428)**3 + 0.002794753188718084*(cos(x + 0.018753898025673503) + 1.0)**3 + 0.00035463660069453846*(x + cos(x - 1.000000508772036) + 2.022456892384058)**3 + 0.002794753188718084*(2*x - cos(x) - 2.0)**3 + 0.0009315843962393613*(x - (x + 0.007983152230850428)**3 - cos(x + 0.018753898025673503) - 2.9855262598467927)**2 + 0.0009315843962393613*(x**3 - x - (x + 0.007983152230850428)**3 + cos(x) - cos(0.003702994358384221*(0.010770745794823074 - x)**2 + 6.9875159129612675e-5) - cos(x + cos(x + 0.018753898025673503) + 2.0187538980256736) - 0.98552676861882858)**2 + 0.3412859806408843*sin(cos(x) + 2.0) - 0.2632504759125259*cos(x) + 0.07739941078812765*cos((x + 0.022456892384057722)*((0.010770745794823074 - x)**2 + sin(cos(x) + 2.0) + 0.018869906990650203)*((cos(x + 0.018753898025673503) + 1.0)**3 + (2*x - cos(x) - 2.0)**3 + 1)**3) + 0.1416995375408214*cos(x - 1.000000508772036) - 0.1416995375408214*cos(-0.003702994358384221*x + 0.003702994358384221*(0.010770745794823074 - x)**2 + 0.003702994358384221*(x - (x + 0.007983152230850428)**3 - cos(x + 0.018753898025673503) - 2.9855262598467927)**2 + 0.00013975031825922533) + 0.3854890114660506,0.261741943946306*x + 0.342217565037124*(0.0107707457948231 - x)**2 - 0.141699537540821*(1 - x)**3 + 0.000931584396239361*(-2*x - 0.168518900727852)**2 - 0.254441956350028*(x + 0.00798315223085043)**3 + 0.00279475318871808*(cos(x + 0.018753898025673503) + 1)**3 + 0.000354636600694538*(x + cos(x - 1) + 2.02245689238406)**3 + 0.00279475318871808*(2*x - cos(x) - 2)**3 + 0.000931584396239361*(x - (x + 0.00798315223085043)**3 - cos(x + 0.018753898025673503) - 2.98552625984679)**2 + 0.000931584396239361*(x**3 - x - (x + 0.00798315223085043)**3 + cos(x) - cos(0.003702994358384221*(0.010770745794823074 - x)**2 + 6.9875159129612675e-5) - cos(x + cos(x + 0.018753898025673503) + 2.0187538980256736) - 0.985526768618829)**2 + 0.341285980640884*sin(cos(x) + 2) - 0.263250475912526*cos(x) + 0.0773994107881276*cos((x + 0.022456892384057722)*((0.010770745794823074 - x)**2 + sin(cos(x) + 2) + 0.018869906990650203)*((cos(x + 0.018753898025673503) + 1)**3 + (2*x - cos(x) - 2)**3 + 1)**3) + 0.141699537540821*cos(x - 1) - 0.141699537540821*cos(-0.003702994358384221*x + 0.003702994358384221*(0.010770745794823074 - x)**2 + 0.003702994358384221*(x - (x + 0.007983152230850428)**3 - cos(x + 0.018753898025673503) - 2.9855262598467927)**2 + 0.00013975031825922533) + 0.385489011466051
SRB-2026-06-25-1715,sin-noise-1,29,0.006230167238579145,0.007902183400846518,112,78,-0.006096357129919116*x1**3 + 0.19634807281067348*x1 - 0.031613584959434299*exp(x1) + 0.0257256498413801*exp(x1 - sin(x1)) - 3.3229775534405761e-23*exp(2*x1 + 2.0030884621650557*exp(x1) - sin(x1 + 0.0015430399837732152)) + 0.9597308309279039*sin(x1) + 0.04515494580822604*sin(x1 - 1.9984569600162268) + 0.12397982983608839*sin(x1 + 0.0015430399837732152) + 0.1044414024671794*sin(-x1 + 1.0313500736682921*exp(x1 + 2.0030884621650557*exp(x1)) + cos((x1**3 + 1)*(1.0015442310825279*exp(x1) + 0.015434347545728413)**2) + 0.004938698432326989) - 2.4081768972391823e-22*cos((x1**3 + 1.90929742682568)*(1.0015442310825279*exp(x1) - 0.99106844279660007)**2) - 0.25909715073515405 + 0.76958391453323129*exp(-1.0015442310825279*exp(x1)),-0.00609635712991912*x1**3 + 0.196348072810673*x1 - 0.0316135849594343*exp(x1) + 0.0257256498413801*exp(x1 - sin(x1)) + 0.959730830927904*sin(x1) + 0.045154945808226*sin(x1 - 1.9984569600162268) + 0.123979829836088*sin(x1 + 0.0015430399837732152) + 0.104441402467179*sin(-x1 + 1.0313500736682921*exp(x1 + 2.0030884621650557*exp(x1)) + cos((x1**3 + 1)*(1.0015442310825279*exp(x1) + 0.015434347545728413)**2) + 0.004938698432326989) - 0.259097150735154 + 0.769583914533231*exp(-1.0015442310825279*exp(x1)),-0.006096357129919116*x**3 + 0.19634807281067348*x - 0.031613584959434299*exp(x) + 0.0257256498413801*exp(x - sin(x)) - 3.3229775534405761e-23*exp(2*x + 2.0030884621650557*exp(x) - sin(x + 0.0015430399837732152)) + 0.9597308309279039*sin(x) + 0.04515494580822604*sin(x - 1.9984569600162268) + 0.12397982983608839*sin(x + 0.0015430399837732152) + 0.1044414024671794*sin(-x + 1.0313500736682921*exp(x + 2.0030884621650557*exp(x)) + cos((x**3 + 1)*(1.0015442310825279*exp(x) + 0.015434347545728413)**2) + 0.004938698432326989) - 2.4081768972391823e-22*cos((x**3 + 1.90929742682568)*(1.0015442310825279*exp(x) - 0.99106844279660007)**2) - 0.25909715073515405 + 0.76958391453323129*exp(-1.0015442310825279*exp(x)),-0.00609635712991912*x**3 + 0.196348072810673*x - 0.0316135849594343*exp(x) + 0.0257256498413801*exp(x - sin(x)) + 0.959730830927904*sin(x) + 0.045154945808226*sin(x - 1.9984569600162268) + 0.123979829836088*sin(x + 0.0015430399837732152) + 0.104441402467179*sin(-x + 1.0313500736682921*exp(x + 2.0030884621650557*exp(x)) + cos((x**3 + 1)*(1.0015442310825279*exp(x) + 0.015434347545728413)**2) + 0.004938698432326989) - 0.259097150735154 + 0.769583914533231*exp(-1.0015442310825279*exp(x))
SRB-2026-06-25-1715,sin-noise-1,30,0.006877221151461532,0.006877221015782288,104,83,0.00032418630232355472*x1**3*(sin(x1) + 1)*(-0.018320927415291795*x1**4*exp(0.0008355113554574261*x1)*sin(x1) + x1 + 0.99983217650365288)*exp(0.0008355113554574261*x1) - 0.017694863091535885*x1 + 0.003397945426491687*(x1 - 0.05743842882991146)**2 + 2.7716825963008904e-7*exp(-0.018320927415291795*x1**4*exp(0.0008355113554574261*x1)*sin(x1) + x1 + (x1 - 0.05743842882991146)**2) + 0.98756113962682146*sin(x1) - 0.07073569916219899*sin(0.008395116645131574*exp(x1 + (x1 - 0.05743842882991146)**2)) - 0.07073569916219899*cos(1.090792011002264*exp(x1 + (x1 - 0.05743842882991146)**2) - 0.018320927415291795) + 0.052491199876365156*cos(x1 - 2*sin(x1) - 1.036641854830584 + sin(1)) - 0.038702285680468453,0.000324186302323555*x1**3*(sin(x1) + 1)*(-0.0183209274152918*x1**4*exp(0.0008355113554574261*x1)*sin(x1) + x1 + 0.999832176503653)*exp(0.0008355113554574261*x1) - 0.0176948630915359*x1 + 0.00339794542649169*(x1 - 0.0574384288299115)**2 + 0.987561139626821*sin(x1) - 0.070735699162199*sin(0.008395116645131574*exp(x1 + (x1 - 0.05743842882991146)**2)) - 0.070735699162199*cos(1.090792011002264*exp(x1 + (x1 - 0.05743842882991146)**2) - 0.018320927415291795) + 0.0524911998763652*cos(x1 - 2*sin(x1) - 1.036641854830584 + sin(1)) - 0.0387022856804685,0.00032418630232355472*x**3*(sin(x) + 1)*(-0.018320927415291795*x**4*exp(0.0008355113554574261*x)*sin(x) + x + 0.99983217650365288)*exp(0.0008355113554574261*x) - 0.017694863091535885*x + 0.003397945426491687*(x - 0.05743842882991146)**2 + 2.7716825963008904e-7*exp(-0.018320927415291795*x**4*exp(0.0008355113554574261*x)*sin(x) + x + (x - 0.05743842882991146)**2) + 0.98756113962682146*sin(x) - 0.07073569916219899*sin(0.008395116645131574*exp(x + (x - 0.05743842882991146)**2)) - 0.07073569916219899*cos(1.090792011002264*exp(x + (x - 0.05743842882991146)**2) - 0.018320927415291795) + 0.052491199876365156*cos(x - 2*sin(x) - 1.036641854830584 + sin(1)) - 0.038702285680468453,0.000324186302323555*x**3*(sin(x) + 1)*(-0.0183209274152918*x**4*exp(0.0008355113554574261*x)*sin(x) + x + 0.999832176503653)*exp(0.0008355113554574261*x) - 0.0176948630915359*x + 0.00339794542649169*(x - 0.0574384288299115)**2 + 0.987561139626821*sin(x) - 0.070735699162199*sin(0.008395116645131574*exp(x + (x - 0.05743842882991146)**2)) - 0.070735699162199*cos(1.090792011002264*exp(x + (x - 0.05743842882991146)**2) - 0.018320927415291795) + 0.0524911998763652*cos(x - 2*sin(x) - 1.036641854830584 + sin(1)) - 0.0387022856804685
SRB-2026-06-25-1715,sin-noise-1,31,0.0066527970871166,0.006652797012778785,190,139,-0.0743240004847445*x1**2 - 0.2625164700379821*x1 - 0.030635450482029996*(0.348816728183748 - 3*x1)**2 - 0.07681848366968154*(1 - sin(x1))**3 + 0.015547629364480507*(x1 + 4.3780540672269135)**3 + 0.05923617936719501*(-sin(x1 + sin(x1) - 1) + cos(sin(x1) - 1))**3 + 0.030512216472769697*(-3*x1 + sin(x1) + 1.7816924226425431)**2 - 1.063065071744968e-24*(x1 + (x1 + 4.3780540672269135)**3 + 6.868431846073909)**3 - 4.665885895878408e-8*(x1 + (x1 + 4.3780540672269135)**3 + 7.66045232358522)**3 + 1.063065071744968e-24*(x1 + (x1 + (x1 + 4.3780540672269135)**3 + 6.868431846073909)**3 + 10.41549370106578)**3 + 0.19252904266533312*sin(x1) + 0.3441314283844081*sin(x1 + sin(x1) - 1) - 0.089871583190366047*cos(x1 + 1.841739242322867) - 0.3441314283844081*cos(sin(x1) - 1) - 0.030635403823171037*cos(x1 - sin(x1) + 2.78151703876407 + 0.2745213313468878*exp(-(x1 + 4.3780540672269135)**3)) - 0.07639195624704141*cos(2*x1 + (x1 + 4.3780540672269135)**3 - (x1 + (x1 + 4.3780540672269135)**3 + 7.66045232358522)**3 - sin(x1) + 7.09056634028436) - 1.0116412263413451 - 5.836680776076068e-25*exp(-(x1 + 4.3780540672269135)**3),-0.0743240004847445*x1**2 - 0.262516470037982*x1 - 0.03063545048203*(0.348816728183748 - 3*x1)**2 - 0.0768184836696815*(1 - sin(x1))**3 + 0.0155476293644805*(x1 + 4.37805406722691)**3 + 0.059236179367195*(-sin(x1 + sin(x1) - 1) + cos(sin(x1) - 1))**3 + 0.0305122164727697*(-3*x1 + sin(x1) + 1.78169242264254)**2 + 0.192529042665333*sin(x1) + 0.344131428384408*sin(x1 + sin(x1) - 1) - 0.089871583190366*cos(x1 + 1.841739242322867) - 0.344131428384408*cos(sin(x1) - 1) - 0.030635403823171*cos(x1 - sin(x1) + 2.78151703876407 + 0.2745213313468878*exp(-(x1 + 4.3780540672269135)**3)) - 0.0763919562470414*cos(2*x1 + (x1 + 4.3780540672269135)**3 - (x1 + (x1 + 4.3780540672269135)**3 + 7.66045232358522)**3 - sin(x1) + 7.09056634028436) - 1.01164122634135,-0.0743240004847445*x**2 - 0.2625164700379821*x - 0.030635450482029996*(0.348816728183748 - 3*x)**2 - 0.07681848366968154*(1 - sin(x))**3 + 0.015547629364480507*(x + 4.3780540672269135)**3 + 0.05923617936719501*(-sin(x + sin(x) - 1) + cos(sin(x) - 1))**3 + 0.030512216472769697*(-3*x + sin(x) + 1.7816924226425431)**2 - 1.063065071744968e-24*(x + (x + 4.3780540672269135)**3 + 6.868431846073909)**3 - 4.665885895878408e-8*(x + (x + 4.3780540672269135)**3 + 7.66045232358522)**3 + 1.063065071744968e-24*(x + (x + (x + 4.3780540672269135)**3 + 6.868431846073909)**3 + 10.41549370106578)**3 + 0.19252904266533312*sin(x) + 0.3441314283844081*sin(x + sin(x) - 1) - 0.089871583190366047*cos(x + 1.841739242322867) - 0.3441314283844081*cos(sin(x) - 1) - 0.030635403823171037*cos(x - sin(x) + 2.78151703876407 + 0.2745213313468878*exp(-(x + 4.3780540672269135)**3)) - 0.07639195624704141*cos(2*x + (x + 4.3780540672269135)**3 - (x + (x + 4.3780540672269135)**3 + 7.66045232358522)**3 - sin(x) + 7.09056634028436) - 1.0116412263413451 - 5.836680776076068e-25*exp(-(x + 4.3780540672269135)**3),-0.0743240004847445*x**2 - 0.262516470037982*x - 0.03063545048203*(0.348816728183748 - 3*x)**2 - 0.0768184836696815*(1 - sin(x))**3 + 0.0155476293644805*(x + 4.37805406722691)**3 + 0.059236179367195*(-sin(x + sin(x) - 1) + cos(sin(x) - 1))**3 + 0.0305122164727697*(-3*x + sin(x) + 1.78169242264254)**2 + 0.192529042665333*sin(x) + 0.344131428384408*sin(x + sin(x) - 1) - 0.089871583190366*cos(x + 1.841739242322867) - 0.344131428384408*cos(sin(x) - 1) - 0.030635403823171*cos(x - sin(x) + 2.78151703876407 + 0.2745213313468878*exp(-(x + 4.3780540672269135)**3)) - 0.0763919562470414*cos(2*x + (x + 4.3780540672269135)**3 - (x + (x + 4.3780540672269135)**3 + 7.66045232358522)**3 - sin(x) + 7.09056634028436) - 1.01164122634135
SRB-2026-06-25-1715,sin-noise-1,32,0.006059354106948711,0.006061471832537095,131,131,-0.35655023603983017*x1 - 0.050826169883401628*exp(x1) + 0.0006024432487011469*exp(-2.0*x1 - cos(x1 + 0.03750705848312057) - 0.37318810793280841*exp(-1.0137172469171143*exp(x1))) - 0.016712802982610984*sin(3.0137172469171143*exp(x1) + 1.9524274028231508) + 0.09175753260994055*sin(2.55679626129996*exp(2*x1 + exp(x1)) + cos(0.03745868708035182*(x1 - 0.03745868708035182)*cos(x1**3)) - 0.023786298588424577) - 0.016712802982610984*sin(5.11359252259992*exp(2*x1 + exp(x1)) + 2*cos(0.03745868708035182*(x1 - 0.03745868708035182)*cos(x1**3)) + 1.952427402823151 + 0.37318810793280841*exp(-1.0137172469171143*exp(x1))) - 0.3934212802964859*cos(0.9999474397219401*x1) - 0.050138408947832952*cos(x1**3) + 0.075044729627329566*cos(x1 + 0.03750705848312057) - 0.1275589180685184*cos(x1 + sin(exp(x1) + 0.97621370141157542) + 0.9992966927376211) + 1.7759008537111387 - 3.9888416687010441*exp(-1.0137172469171143*exp(x1)),-0.35655023603983*x1 - 0.0508261698834016*exp(x1) + 0.000602443248701147*exp(-2*x1 - cos(x1 + 0.03750705848312057) - 0.37318810793280841*exp(-1.0137172469171143*exp(x1))) - 0.016712802982611*sin(3.0137172469171143*exp(x1) + 1.9524274028231508) + 0.0917575326099405*sin(2.55679626129996*exp(2*x1 + exp(x1)) + cos(0.03745868708035182*(x1 - 0.03745868708035182)*cos(x1**3)) - 0.023786298588424577) - 0.016712802982611*sin(5.11359252259992*exp(2*x1 + exp(x1)) + 2*cos(0.03745868708035182*(x1 - 0.03745868708035182)*cos(x1**3)) + 1.952427402823151 + 0.37318810793280841*exp(-1.0137172469171143*exp(x1))) - 0.393421280296486*cos(0.9999474397219401*x1) - 0.050138408947833*cos(x1**3) + 0.0750447296273296*cos(x1 + 0.03750705848312057) - 0.127558918068518*cos(x1 + sin(exp(x1) + 0.97621370141157542) + 0.9992966927376211) + 1.77590085371114 - 3.98884166870104*exp(-1.0137172469171143*exp(x1)),-0.35655023603983017*x - 0.050826169883401628*exp(x) + 0.0006024432487011469*exp(-2.0*x - cos(x + 0.03750705848312057) - 0.37318810793280841*exp(-1.0137172469171143*exp(x))) - 0.016712802982610984*sin(3.0137172469171143*exp(x) + 1.9524274028231508) + 0.09175753260994055*sin(2.55679626129996*exp(2*x + exp(x)) + cos(0.03745868708035182*(x - 0.03745868708035182)*cos(x**3)) - 0.023786298588424577) - 0.016712802982610984*sin(5.11359252259992*exp(2*x + exp(x)) + 2*cos(0.03745868708035182*(x - 0.03745868708035182)*cos(x**3)) + 1.952427402823151 + 0.37318810793280841*exp(-1.0137172469171143*exp(x))) - 0.3934212802964859*cos(0.9999474397219401*x) - 0.050138408947832952*cos(x**3) + 0.075044729627329566*cos(x + 0.03750705848312057) - 0.1275589180685184*cos(x + sin(exp(x) + 0.97621370141157542) + 0.9992966927376211) + 1.7759008537111387 - 3.9888416687010441*exp(-1.0137172469171143*exp(x)),-0.35655023603983*x - 0.0508261698834016*exp(x) + 0.000602443248701147*exp(-2*x - cos(x + 0.03750705848312057) - 0.37318810793280841*exp(-1.0137172469171143*exp(x))) - 0.016712802982611*sin(3.0137172469171143*exp(x) + 1.9524274028231508) + 0.0917575326099405*sin(2.55679626129996*exp(2*x + exp(x)) + cos(0.03745868708035182*(x - 0.03745868708035182)*cos(x**3)) - 0.023786298588424577) - 0.016712802982611*sin(5.11359252259992*exp(2*x + exp(x)) + 2*cos(0.03745868708035182*(x - 0.03745868708035182)*cos(x**3)) + 1.952427402823151 + 0.37318810793280841*exp(-1.0137172469171143*exp(x))) - 0.393421280296486*cos(0.9999474397219401*x) - 0.050138408947833*cos(x**3) + 0.0750447296273296*cos(x + 0.03750705848312057) - 0.127558918068518*cos(x + sin(exp(x) + 0.97621370141157542) + 0.9992966927376211) + 1.77590085371114 - 3.98884166870104*exp(-1.0137172469171143*exp(x))
SRB-2026-06-25-1715,sin-noise-2,1,5.906096230304162e-05,5.865251288908751e-05,165,102,0.004313238933795563*x1*(-sin(x1 + 1.2761130748278304e-5) - 0.0003507219056860958) + 1.84649144307686e-7*x1 - 0.0002693667734864578*(-x1 - sin(x1 + 1.2761130748278304e-5))**3 + 1.84649144307686e-7*(-x1**3 + sin(0.025088872533277646/x1))**3 - 2.4000922709011825e-16*((-x1 - sin(x1 + 1.2761130748278304e-5))**3 - (-x1**3 + sin(0.025088872533277646/x1))**3 + sin(0.025088872533277646/x1) + 2.078104942108567e-15)**3 - 0.0002693667734864578*sin(0.025088872533277646/x1) + 0.9919289630757067*sin(x1 + 1.2761130748278304e-5) - 0.004742835601453127*sin((-x1 - sin(x1 + 1.2761130748278304e-5))**3 + sin(0.025088872533277646/x1)) - 0.009931876541267206*cos(((-x1 - sin(x1 + 1.2761130748278304e-5))**3 + sin(0.025088872533277646/x1))**2*((-x1**3 + sin(0.025088872533277646/x1))**3 - 2.078104942108567e-15)**2) + 0.006924562998132078,0.00431323893379556*x1*(-sin(x1 + 1.2761130748278304e-5) - 0.000350721905686096) - 0.000269366773486458*(-x1 - sin(x1 + 1.2761130748278304e-5))**3 - 0.000269366773486458*sin(0.025088872533277646/x1) + 0.991928963075707*sin(x1 + 1.2761130748278304e-5) - 0.00474283560145313*sin((-x1 - sin(x1 + 1.2761130748278304e-5))**3 + sin(0.025088872533277646/x1)) - 0.00993187654126721*cos((-x1**3 + sin(0.025088872533277646/x1))**6*((-x1 - sin(x1 + 1.2761130748278304e-5))**3 + sin(0.025088872533277646/x1))**2) + 0.00692456299813208,0.004313238933795563*x*(-sin(x + 1.2761130748278304e-5) - 0.0003507219056860958) + 1.84649144307686e-7*x - 0.0002693667734864578*(-x - sin(x + 1.2761130748278304e-5))**3 + 1.84649144307686e-7*(-x**3 + sin(0.025088872533277646/x))**3 - 2.4000922709011825e-16*((-x - sin(x + 1.2761130748278304e-5))**3 - (-x**3 + sin(0.025088872533277646/x))**3 + sin(0.025088872533277646/x) + 2.078104942108567e-15)**3 - 0.0002693667734864578*sin(0.025088872533277646/x) + 0.9919289630757067*sin(x + 1.2761130748278304e-5) - 0.004742835601453127*sin((-x - sin(x + 1.2761130748278304e-5))**3 + sin(0.025088872533277646/x)) - 0.009931876541267206*cos(((-x - sin(x + 1.2761130748278304e-5))**3 + sin(0.025088872533277646/x))**2*((-x**3 + sin(0.025088872533277646/x))**3 - 2.078104942108567e-15)**2) + 0.006924562998132078,0.00431323893379556*x*(-sin(x + 1.2761130748278304e-5) - 0.000350721905686096) - 0.000269366773486458*(-x - sin(x + 1.2761130748278304e-5))**3 - 0.000269366773486458*sin(0.025088872533277646/x) + 0.991928963075707*sin(x + 1.2761130748278304e-5) - 0.00474283560145313*sin((-x - sin(x + 1.2761130748278304e-5))**3 + sin(0.025088872533277646/x)) - 0.00993187654126721*cos((-x**3 + sin(0.025088872533277646/x))**6*((-x - sin(x + 1.2761130748278304e-5))**3 + sin(0.025088872533277646/x))**2) + 0.00692456299813208
SRB-2026-06-25-1715,sin-noise-2,2,6.305575698587447e-05,6.304026899874428e-05,152,152,0.0001709236099308165*x1 - 0.001173503085001749*(-sin(x1 + 0.002424458803555288)**3 - sin(x1 + 0.002424458803555288))**3 - 0.00021228858163909776*(-sin(x1 + 3*sin(x1 + 0.002424458803555288) + 0.0025123616401723074) - 1.9760321149244142)**3 + 0.007759306299046257*exp(-sin(x1) + sin(x1 + 0.002424458803555288)**3) + 5.697453664360551e-5*sin(x1) + 0.8150940085984204*sin(x1 + 0.002424458803555288) + 0.0016429538125794223*sin(8*x1**3 - (-2*x1 - 0.002424458803555288)**3) - 0.007894778027722506*sin((-2*x1 - 0.014554353040915236)**3 + (8*x1**3 - 2*x1 - (-2*x1 - 0.002424458803555288)**3)**3) - 0.00037446296086177694*sin(x1 + 3*sin(x1 + 0.002424458803555288) + 0.0025123616401723074) + 0.0016429538125794223*sin(x1 + 3*sin(x1 + 3*sin(x1 + 0.002424458803555288) + 0.0025123616401723074) + 2.930608706413415) + 0.20392045648016033*sin(sin(x1 + 0.002424458803555288)) - 0.0096652545965326071,0.000170923609930817*x1 - 0.00117350308500175*(-sin(x1 + 0.002424458803555288)**3 - sin(x1 + 0.002424458803555288))**3 - 0.000212288581639098*(-sin(x1 + 3*sin(x1 + 0.002424458803555288) + 0.0025123616401723074) - 1.97603211492441)**3 + 0.00775930629904626*exp(-sin(x1) + sin(x1 + 0.002424458803555288)**3) + 5.69745366436055e-5*sin(x1) + 0.81509400859842*sin(x1 + 0.002424458803555288) + 0.00164295381257942*sin(8*x1**3 - (-2*x1 - 0.002424458803555288)**3) - 0.00789477802772251*sin((-2*x1 - 0.014554353040915236)**3 + (8*x1**3 - 2*x1 - (-2*x1 - 0.002424458803555288)**3)**3) - 0.000374462960861777*sin(x1 + 3*sin(x1 + 0.002424458803555288) + 0.0025123616401723074) + 0.00164295381257942*sin(x1 + 3*sin(x1 + 3*sin(x1 + 0.002424458803555288) + 0.0025123616401723074) + 2.930608706413415) + 0.20392045648016*sin(sin(x1 + 0.002424458803555288)) - 0.00966525459653261,0.0001709236099308165*x - 0.001173503085001749*(-sin(x + 0.002424458803555288)**3 - sin(x + 0.002424458803555288))**3 - 0.00021228858163909776*(-sin(x + 3*sin(x + 0.002424458803555288) + 0.0025123616401723074) - 1.9760321149244142)**3 + 0.007759306299046257*exp(-sin(x) + sin(x + 0.002424458803555288)**3) + 5.697453664360551e-5*sin(x) + 0.8150940085984204*sin(x + 0.002424458803555288) + 0.0016429538125794223*sin(8*x**3 - (-2*x - 0.002424458803555288)**3) - 0.007894778027722506*sin((-2*x - 0.014554353040915236)**3 + (8*x**3 - 2*x - (-2*x - 0.002424458803555288)**3)**3) - 0.00037446296086177694*sin(x + 3*sin(x + 0.002424458803555288) + 0.0025123616401723074) + 0.0016429538125794223*sin(x + 3*sin(x + 3*sin(x + 0.002424458803555288) + 0.0025123616401723074) + 2.930608706413415) + 0.20392045648016033*sin(sin(x + 0.002424458803555288)) - 0.0096652545965326071,0.000170923609930817*x - 0.00117350308500175*(-sin(x + 0.002424458803555288)**3 - sin(x + 0.002424458803555288))**3 - 0.000212288581639098*(-sin(x + 3*sin(x + 0.002424458803555288) + 0.0025123616401723074) - 1.97603211492441)**3 + 0.00775930629904626*exp(-sin(x) + sin(x + 0.002424458803555288)**3) + 5.69745366436055e-5*sin(x) + 0.81509400859842*sin(x + 0.002424458803555288) + 0.00164295381257942*sin(8*x**3 - (-2*x - 0.002424458803555288)**3) - 0.00789477802772251*sin((-2*x - 0.014554353040915236)**3 + (8*x**3 - 2*x - (-2*x - 0.002424458803555288)**3)**3) - 0.000374462960861777*sin(x + 3*sin(x + 0.002424458803555288) + 0.0025123616401723074) + 0.00164295381257942*sin(x + 3*sin(x + 3*sin(x + 0.002424458803555288) + 0.0025123616401723074) + 2.930608706413415) + 0.20392045648016*sin(sin(x + 0.002424458803555288)) - 0.00966525459653261
SRB-2026-06-25-1715,sin-noise-2,3,6.513343627331896e-05,6.513333194302462e-05,58,58,0.00019815634103723302*x1**4*cos(1.0258742086568587*exp(x1) + 0.012144703307518831)**4 - 0.0046689348905076129*x1**2 - 0.004207381095624884*x1 - 0.00010509353601158794*exp(2*x1) + 0.0043162437519920055*exp(x1) + 1.5574215579867563*sin(x1 - 0.51234830516320473) + 0.8419707763288897*cos(x1 + 0.44189495450102854) - 0.00926825667231181*cos(3.0948679929331327*exp(1.0258742086568587*exp(x1)) + 0.081530885837083354) - 8.9749621943566863e-5,0.000198156341037233*x1**4*cos(1.0258742086568587*exp(x1) + 0.012144703307518831)**4 - 0.00466893489050761*x1**2 - 0.00420738109562488*x1 - 0.000105093536011588*exp(2*x1) + 0.00431624375199201*exp(x1) + 1.55742155798676*sin(x1 - 0.51234830516320473) + 0.84197077632889*cos(x1 + 0.44189495450102854) - 0.00926825667231181*cos(3.0948679929331327*exp(1.0258742086568587*exp(x1)) + 0.081530885837083354) - 8.97496219435669e-5,0.00019815634103723302*x**4*cos(1.0258742086568587*exp(x) + 0.012144703307518831)**4 - 0.0046689348905076129*x**2 - 0.004207381095624884*x - 0.00010509353601158794*exp(2*x) + 0.0043162437519920055*exp(x) + 1.5574215579867563*sin(x - 0.51234830516320473) + 0.8419707763288897*cos(x + 0.44189495450102854) - 0.00926825667231181*cos(3.0948679929331327*exp(1.0258742086568587*exp(x)) + 0.081530885837083354) - 8.9749621943566863e-5,0.000198156341037233*x**4*cos(1.0258742086568587*exp(x) + 0.012144703307518831)**4 - 0.00466893489050761*x**2 - 0.00420738109562488*x - 0.000105093536011588*exp(2*x) + 0.00431624375199201*exp(x) + 1.55742155798676*sin(x - 0.51234830516320473) + 0.84197077632889*cos(x + 0.44189495450102854) - 0.00926825667231181*cos(3.0948679929331327*exp(1.0258742086568587*exp(x)) + 0.081530885837083354) - 8.97496219435669e-5
SRB-2026-06-25-1715,sin-noise-2,4,6.337871475604649e-05,6.337863479319441e-05,157,92,0.0017474928454386205*x1 + 0.0427568222492111*(-x1 + sin(x1))**2 - 0.04565167347763142*(-x1 + sin(x1) + 0.05551583020611276)**2 + 3.387054546775465e-5*(2*x1 + 0.3673128288058529*exp(x1 - exp(x1) - sin(x1)) - 3.1141136678156995)**2*(x1**2 - 2*x1 + 0.9202684273989167) - 5.416374513805744e-32*(2.722475017415089*exp(exp(x1)) - sin(x1 + 0.9414311689833963) + 2.1937440737808362)**3 + 0.00818026242414616*exp(x1 - exp(x1) - sin(x1)) - 4.8944916283807e-12*exp(-x1**2 + 2*x1 - exp(x1) - sin(x1) - cos(2*x1 + sin(x1) + 2.055530333502604)) + 1.336626268540852e-11*exp(exp(x1)) + 0.9992319656143877*sin(x1) - 4.909599757539519e-12*sin(x1 + 0.9414311689833963) + 0.007111364983384005*cos((2.722475017415089*exp(exp(x1)) - sin(x1 + 0.9414311689833963) + 2.1937440737808362)*sin(x1)) + 4.909599757539519e-12*cos(1.1141136678156995*sin(x1)) - 0.004489875767243484,0.00174749284543862*x1 + 0.0427568222492111*(-x1 + sin(x1))**2 - 0.0456516734776314*(-x1 + sin(x1) + 0.0555158302061128)**2 + 3.38705454677546e-5*(2*x1 + 0.367312828805853*exp(x1 - exp(x1) - sin(x1)) - 3.1141136678157)**2*(x1**2 - 2*x1 + 0.920268427398917) + 0.00818026242414616*exp(x1 - exp(x1) - sin(x1)) + 0.999231965614388*sin(x1) + 0.007111364983384*cos((2.722475017415089*exp(exp(x1)) - sin(x1 + 0.9414311689833963) + 2.1937440737808362)*sin(x1)) - 0.00448987576724348,0.0017474928454386205*x + 0.0427568222492111*(-x + sin(x))**2 - 0.04565167347763142*(-x + sin(x) + 0.05551583020611276)**2 + 3.387054546775465e-5*(2*x + 0.3673128288058529*exp(x - exp(x) - sin(x)) - 3.1141136678156995)**2*(x**2 - 2*x + 0.9202684273989167) - 5.416374513805744e-32*(2.722475017415089*exp(exp(x)) - sin(x + 0.9414311689833963) + 2.1937440737808362)**3 + 0.00818026242414616*exp(x - exp(x) - sin(x)) - 4.8944916283807e-12*exp(-x**2 + 2*x - exp(x) - sin(x) - cos(2*x + sin(x) + 2.055530333502604)) + 1.336626268540852e-11*exp(exp(x)) + 0.9992319656143877*sin(x) - 4.909599757539519e-12*sin(x + 0.9414311689833963) + 0.007111364983384005*cos((2.722475017415089*exp(exp(x)) - sin(x + 0.9414311689833963) + 2.1937440737808362)*sin(x)) + 4.909599757539519e-12*cos(1.1141136678156995*sin(x)) - 0.004489875767243484,0.00174749284543862*x + 0.0427568222492111*(-x + sin(x))**2 - 0.0456516734776314*(-x + sin(x) + 0.0555158302061128)**2 + 3.38705454677546e-5*(2*x + 0.367312828805853*exp(x - exp(x) - sin(x)) - 3.1141136678157)**2*(x**2 - 2*x + 0.920268427398917) + 0.00818026242414616*exp(x - exp(x) - sin(x)) + 0.999231965614388*sin(x) + 0.007111364983384*cos((2.722475017415089*exp(exp(x)) - sin(x + 0.9414311689833963) + 2.1937440737808362)*sin(x)) - 0.00448987576724348
SRB-2026-06-25-1715,sin-noise-2,5,6.488504571312202e-05,7.656523884158018e-05,71,52,0.00018608829837338462*x1**4 - 0.0010835953693078156*x1**2 - 0.00030466626252195127*x1 + 1.2246063824161805e-85*(-x1 - 6.023583874084741*exp(2*(x1 + 0.04880614103184287)**3) - 1.083603195363264)**3 + 0.9985725845386992*sin(x1) - 0.0027083765620050283*sin(2*x1 + 1.9999984108617565) - 0.00030466626252195127*sin(sin(x1) + 0.0035655447431532125) - 0.008152420249894677*sin(2*x1 + 3.01179193704237*exp(2*(x1 + 0.04880614103184287)**3) + 0.541801597681632) + 0.0017603221356445001,0.000186088298373385*x1**4 - 0.00108359536930782*x1**2 - 0.000304666262521951*x1 + 0.998572584538699*sin(x1) - 0.00270837656200503*sin(2*x1 + 2) - 0.000304666262521951*sin(sin(x1) + 0.0035655447431532125) - 0.00815242024989468*sin(2*x1 + 3.01179193704237*exp(2*(x1 + 0.04880614103184287)**3) + 0.541801597681632) + 0.0017603221356445,0.00018608829837338462*x**4 - 0.0010835953693078156*x**2 - 0.00030466626252195127*x + 1.2246063824161805e-85*(-x - 6.023583874084741*exp(2*(x + 0.04880614103184287)**3) - 1.083603195363264)**3 + 0.9985725845386992*sin(x) - 0.0027083765620050283*sin(2*x + 1.9999984108617565) - 0.00030466626252195127*sin(sin(x) + 0.0035655447431532125) - 0.008152420249894677*sin(2*x + 3.01179193704237*exp(2*(x + 0.04880614103184287)**3) + 0.541801597681632) + 0.0017603221356445001,0.000186088298373385*x**4 - 0.00108359536930782*x**2 - 0.000304666262521951*x + 0.998572584538699*sin(x) - 0.00270837656200503*sin(2*x + 2) - 0.000304666262521951*sin(sin(x) + 0.0035655447431532125) - 0.00815242024989468*sin(2*x + 3.01179193704237*exp(2*(x + 0.04880614103184287)**3) + 0.541801597681632) + 0.0017603221356445
SRB-2026-06-25-1715,sin-noise-2,6,5.901364615743334e-05,5.901362476996808e-05,230,113,-3.661043845971117e-8*(sin(x1) + 0.019579894640420636)*((x1**2 + x1 + 1.0)**3 + 2.71828182845905*exp(x1**2 + 1.0195811459210897*x1) + 1.0195811459210898) - 1.4788512790687093e-40*(x1**2 + x1 + 1.0)**3*((x1**2 + x1 + 1.0)**3 + 2.71828182845905*exp(x1**2 + 1.0195811459210897*x1) + 1.0195811459210898)**6*cos(1)**3 + 3.782063777648729e-8*(x1**2 + x1 + 1.0)**3 + 3.782063777648729e-8*(x1**2 + x1 + 1.0195811459210897)**2 - 1.259210138964505e-6*(x1**2 + 2*x1 + 1.1399326478027546)**3 + 1.028071524085571e-7*exp(x1**2 + 1.0195811459210897*x1) + 0.99713594665095839*sin(x1) - 0.004876302270227775*sin(((x1**2 + x1 + 1.9932323576947382)**3 + 1.0)**3*(7.507827946441285e-6*sin(x1) + cos(x1**2 + x1 + 2.0) + 1.6829412792448366)) - 0.004876302270227775*sin(((x1**2 + x1 + 1.9932323576947382)**3 + 1.0)**2) - 0.0022301619210133663*cos(x1**2 + x1 + 1.0) - 1.4788512790687093e-40*cos(x1**2 + x1 + 2.0) + 0.0023273555029141063*cos((x1**2 + x1 + 1.0)**3 + 2.71828182845905*exp(x1**2 + 1.0195811459210897*x1) + 1.0195811459210898) - 0.004876302270227775*cos(x1**2 + x1 + (x1**2 + x1 + 1.0)**3 + (x1**2 + x1 + 1.0195811459210897)**2 + 2.71828182845905*exp(x1**2 + 1.0195811459210897*x1) + 4.01958114592109) + 0.00091654853171299299,0.997135946650958*sin(x1) - 0.00487630227022777*sin(((x1**2 + x1 + 1.9932323576947382)**3 + 1)**3*(cos(x1**2 + x1 + 2) + 1.6829412792448366)) - 0.00487630227022777*sin(((x1**2 + x1 + 1.9932323576947382)**3 + 1)**2) - 0.00223016192101337*cos(x1**2 + x1 + 1) + 0.00232735550291411*cos((x1**2 + x1 + 1)**3 + 2.71828182845905*exp(x1**2 + 1.0195811459210897*x1) + 1.0195811459210898) - 0.00487630227022777*cos(x1**2 + x1 + (x1**2 + x1 + 1)**3 + (x1**2 + x1 + 1.0195811459210897)**2 + 2.71828182845905*exp(x1**2 + 1.0195811459210897*x1) + 4.01958114592109) + 0.000916548531712993,-3.661043845971117e-8*(sin(x) + 0.019579894640420636)*((x**2 + x + 1.0)**3 + 2.71828182845905*exp(x**2 + 1.0195811459210897*x) + 1.0195811459210898) - 1.4788512790687093e-40*(x**2 + x + 1.0)**3*((x**2 + x + 1.0)**3 + 2.71828182845905*exp(x**2 + 1.0195811459210897*x) + 1.0195811459210898)**6*cos(1)**3 + 3.782063777648729e-8*(x**2 + x + 1.0)**3 + 3.782063777648729e-8*(x**2 + x + 1.0195811459210897)**2 - 1.259210138964505e-6*(x**2 + 2*x + 1.1399326478027546)**3 + 1.028071524085571e-7*exp(x**2 + 1.0195811459210897*x) + 0.99713594665095839*sin(x) - 0.004876302270227775*sin(((x**2 + x + 1.9932323576947382)**3 + 1.0)**3*(7.507827946441285e-6*sin(x) + cos(x**2 + x + 2.0) + 1.6829412792448366)) - 0.004876302270227775*sin(((x**2 + x + 1.9932323576947382)**3 + 1.0)**2) - 0.0022301619210133663*cos(x**2 + x + 1.0) - 1.4788512790687093e-40*cos(x**2 + x + 2.0) + 0.0023273555029141063*cos((x**2 + x + 1.0)**3 + 2.71828182845905*exp(x**2 + 1.0195811459210897*x) + 1.0195811459210898) - 0.004876302270227775*cos(x**2 + x + (x**2 + x + 1.0)**3 + (x**2 + x + 1.0195811459210897)**2 + 2.71828182845905*exp(x**2 + 1.0195811459210897*x) + 4.01958114592109) + 0.00091654853171299299,0.997135946650958*sin(x) - 0.00487630227022777*sin(((x**2 + x + 1.9932323576947382)**3 + 1)**3*(cos(x**2 + x + 2) + 1.6829412792448366)) - 0.00487630227022777*sin(((x**2 + x + 1.9932323576947382)**3 + 1)**2) - 0.00223016192101337*cos(x**2 + x + 1) + 0.00232735550291411*cos((x**2 + x + 1)**3 + 2.71828182845905*exp(x**2 + 1.0195811459210897*x) + 1.0195811459210898) - 0.00487630227022777*cos(x**2 + x + (x**2 + x + 1)**3 + (x**2 + x + 1.0195811459210897)**2 + 2.71828182845905*exp(x**2 + 1.0195811459210897*x) + 4.01958114592109) + 0.000916548531712993
SRB-2026-06-25-1715,sin-noise-2,7,6.369597344361438e-05,6.369592374299278e-05,72,46,-0.0005003483861834579*x1 - 0.00027663876811540543*(1.0296482520006674 - x1)**2 + 4.051441609460427e-13*exp(x1) + 6.7575516066594519e-7*exp(x1**2) + 1.0594325631258261e-7*exp(x1 + sin(x1 - 0.9784328099499961)) - 1.102397896033452e-12*exp(1.045391302072741*exp(x1)) + 0.9950031141073951*sin(x1) + 0.00027663876811540543*sin(1.045391302072741*exp(x1) + 0.023736969123289341) - 0.010319551082813072*sin(-x1 + 1.045391302072741*exp(x1) + 2.844511369102869*exp(1.045391302072741*exp(x1)) + 1.0237369691232894) + 0.002513229051538772,-0.000500348386183458*x1 - 0.000276638768115405*(1.02964825200067 - x1)**2 + 0.995003114107395*sin(x1) + 0.000276638768115405*sin(1.045391302072741*exp(x1) + 0.023736969123289341) - 0.0103195510828131*sin(-x1 + 1.045391302072741*exp(x1) + 2.844511369102869*exp(1.045391302072741*exp(x1)) + 1.0237369691232894) + 0.00251322905153877,-0.0005003483861834579*x - 0.00027663876811540543*(1.0296482520006674 - x)**2 + 4.051441609460427e-13*exp(x) + 6.7575516066594519e-7*exp(x**2) + 1.0594325631258261e-7*exp(x + sin(x - 0.9784328099499961)) - 1.102397896033452e-12*exp(1.045391302072741*exp(x)) + 0.9950031141073951*sin(x) + 0.00027663876811540543*sin(1.045391302072741*exp(x) + 0.023736969123289341) - 0.010319551082813072*sin(-x + 1.045391302072741*exp(x) + 2.844511369102869*exp(1.045391302072741*exp(x)) + 1.0237369691232894) + 0.002513229051538772,-0.000500348386183458*x - 0.000276638768115405*(1.02964825200067 - x)**2 + 0.995003114107395*sin(x) + 0.000276638768115405*sin(1.045391302072741*exp(x) + 0.023736969123289341) - 0.0103195510828131*sin(-x + 1.045391302072741*exp(x) + 2.844511369102869*exp(1.045391302072741*exp(x)) + 1.0237369691232894) + 0.00251322905153877
SRB-2026-06-25-1715,sin-noise-2,8,6.506099887981914e-05,6.506094273897969e-05,104,60,-0.01793764253305252*x1**3 + 0.15036212988732369*x1 + 8.420255762303725e-16*(sin(x1 + 0.00406741077945863) - 0.00406741077945863)*(x1**3 + 2*sin(x1 + 0.00406741077945863) + 0.991865178441083)**3 + 2.8490827113754318e-6*(x1**3 + 2*sin(x1 + 0.00406741077945863) + 0.991865178441083)**3 + 0.007276552945647333*sin((x1 - sin(x1 + 0.00406741077945863) - 2.008131002815706)*(x1**3 + 2*sin(x1 + 0.00406741077945863) + 0.991865178441083)**6) + 0.83786063183843856*sin(x1 + 0.00406741077945863) + 0.0171022434693012*sin(x1 + sin(x1 + 0.00406741077945863)) - 0.023040117047689849 + 0.017103668010656889*exp(-sin(x1 + 0.00406741077945863)) + 4.630795389185143e-16*exp(-x1**3),-0.0179376425330525*x1**3 + 0.150362129887324*x1 + 0.00727655294564733*sin((x1 - sin(x1 + 0.00406741077945863) - 2.008131002815706)*(x1**3 + 2*sin(x1 + 0.00406741077945863) + 0.991865178441083)**6) + 0.837860631838439*sin(x1 + 0.00406741077945863) + 0.0171022434693012*sin(x1 + sin(x1 + 0.00406741077945863)) - 0.0230401170476899 + 0.0171036680106569*exp(-sin(x1 + 0.00406741077945863)),-0.01793764253305252*x**3 + 0.15036212988732369*x + 8.420255762303725e-16*(sin(x + 0.00406741077945863) - 0.00406741077945863)*(x**3 + 2*sin(x + 0.00406741077945863) + 0.991865178441083)**3 + 2.8490827113754318e-6*(x**3 + 2*sin(x + 0.00406741077945863) + 0.991865178441083)**3 + 0.007276552945647333*sin((x - sin(x + 0.00406741077945863) - 2.008131002815706)*(x**3 + 2*sin(x + 0.00406741077945863) + 0.991865178441083)**6) + 0.83786063183843856*sin(x + 0.00406741077945863) + 0.0171022434693012*sin(x + sin(x + 0.00406741077945863)) - 0.023040117047689849 + 0.017103668010656889*exp(-sin(x + 0.00406741077945863)) + 4.630795389185143e-16*exp(-x**3),-0.0179376425330525*x**3 + 0.150362129887324*x + 0.00727655294564733*sin((x - sin(x + 0.00406741077945863) - 2.008131002815706)*(x**3 + 2*sin(x + 0.00406741077945863) + 0.991865178441083)**6) + 0.837860631838439*sin(x + 0.00406741077945863) + 0.0171022434693012*sin(x + sin(x + 0.00406741077945863)) - 0.0230401170476899 + 0.0171036680106569*exp(-sin(x + 0.00406741077945863))
SRB-2026-06-25-1715,sin-noise-2,9,6.211028648155776e-05,6.210989472640506e-05,168,168,0.16414478901100357*(sin(x1) + 0.07423921142231324)**2 + 0.0017516213969810224*(cos(sin(x1) - 0.106584575630538) + 7.3031790280236304)**3 + 0.004210564397544643*(sin(x1) - cos(sin(x1) - 0.106584575630538) + 0.12004204393580901)**2 - 0.00010038335203673954*exp(x1 + sin(x1)) + 0.9457775812642013*sin(x1) - 0.004210564397544643*sin(8*x1**3 - 0.948102853067538*exp(x1)) + 0.004210564397544643*sin(-x1 + 0.948102853067538*exp(x1) + sin(x1)) + 0.005461172106123938*sin(27.285651361417727*x1**9 + (8*x1**3 + 2*x1 - sin(x1) + 0.19428125535812224)**3 - 0.912983478856064*exp(x1) - 0.037745206183527905) - 0.005461172106123938*sin(-x1 + 0.912983478856064*exp(x1) + sin(8*x1**3 - 0.948102853067538*exp(x1)) - sin(-x1 + 0.948102853067538*exp(x1) + sin(x1)) + 0.037745206183527905) + 0.009902452820194805*cos(-sin(8*x1**3 - 0.948102853067538*exp(x1)) + sin(-x1 + 0.948102853067538*exp(x1) + sin(x1)) + 0.106584575630538) - 1.0107729964042418,0.164144789011004*(sin(x1) + 0.0742392114223132)**2 + 0.00175162139698102*(cos(sin(x1) - 0.106584575630538) + 7.30317902802363)**3 + 0.00421056439754464*(sin(x1) - cos(sin(x1) - 0.106584575630538) + 0.120042043935809)**2 - 0.00010038335203674*exp(x1 + sin(x1)) + 0.945777581264201*sin(x1) - 0.00421056439754464*sin(8*x1**3 - 0.948102853067538*exp(x1)) + 0.00421056439754464*sin(-x1 + 0.948102853067538*exp(x1) + sin(x1)) + 0.00546117210612394*sin(27.285651361417727*x1**9 + (8*x1**3 + 2*x1 - sin(x1) + 0.19428125535812224)**3 - 0.912983478856064*exp(x1) - 0.037745206183527905) - 0.00546117210612394*sin(-x1 + 0.912983478856064*exp(x1) + sin(8*x1**3 - 0.948102853067538*exp(x1)) - sin(-x1 + 0.948102853067538*exp(x1) + sin(x1)) + 0.037745206183527905) + 0.00990245282019481*cos(-sin(8*x1**3 - 0.948102853067538*exp(x1)) + sin(-x1 + 0.948102853067538*exp(x1) + sin(x1)) + 0.106584575630538) - 1.01077299640424,0.16414478901100357*(sin(x) + 0.07423921142231324)**2 + 0.0017516213969810224*(cos(sin(x) - 0.106584575630538) + 7.3031790280236304)**3 + 0.004210564397544643*(sin(x) - cos(sin(x) - 0.106584575630538) + 0.12004204393580901)**2 - 0.00010038335203673954*exp(x + sin(x)) + 0.9457775812642013*sin(x) - 0.004210564397544643*sin(8*x**3 - 0.948102853067538*exp(x)) + 0.004210564397544643*sin(-x + 0.948102853067538*exp(x) + sin(x)) + 0.005461172106123938*sin(27.285651361417727*x**9 + (8*x**3 + 2*x - sin(x) + 0.19428125535812224)**3 - 0.912983478856064*exp(x) - 0.037745206183527905) - 0.005461172106123938*sin(-x + 0.912983478856064*exp(x) + sin(8*x**3 - 0.948102853067538*exp(x)) - sin(-x + 0.948102853067538*exp(x) + sin(x)) + 0.037745206183527905) + 0.009902452820194805*cos(-sin(8*x**3 - 0.948102853067538*exp(x)) + sin(-x + 0.948102853067538*exp(x) + sin(x)) + 0.106584575630538) - 1.0107729964042418,0.164144789011004*(sin(x) + 0.0742392114223132)**2 + 0.00175162139698102*(cos(sin(x) - 0.106584575630538) + 7.30317902802363)**3 + 0.00421056439754464*(sin(x) - cos(sin(x) - 0.106584575630538) + 0.120042043935809)**2 - 0.00010038335203674*exp(x + sin(x)) + 0.945777581264201*sin(x) - 0.00421056439754464*sin(8*x**3 - 0.948102853067538*exp(x)) + 0.00421056439754464*sin(-x + 0.948102853067538*exp(x) + sin(x)) + 0.00546117210612394*sin(27.285651361417727*x**9 + (8*x**3 + 2*x - sin(x) + 0.19428125535812224)**3 - 0.912983478856064*exp(x) - 0.037745206183527905) - 0.00546117210612394*sin(-x + 0.912983478856064*exp(x) + sin(8*x**3 - 0.948102853067538*exp(x)) - sin(-x + 0.948102853067538*exp(x) + sin(x)) + 0.037745206183527905) + 0.00990245282019481*cos(-sin(8*x**3 - 0.948102853067538*exp(x)) + sin(-x + 0.948102853067538*exp(x) + sin(x)) + 0.106584575630538) - 1.01077299640424
SRB-2026-06-25-1715,sin-noise-2,10,6.502447886080583e-05,7.529091328766126e-05,115,36,-4.4376074795470514e-16*(1.9982086644587719 - sin(x1))*(0.36853389506497866*exp((-2*x1 - 0.001781743360330439)**2) + 4.7208245413744317)*(sin(x1) + 1.0025309162893218) - 0.00181443174919089*(sin(x1) - 1.981904881877012)**3 + 4.8644284143368476e-16*exp((-2*x1 - 0.001781743360330439)**2) - 1.5876783045191563e-16*exp((-2*x1 - 0.001781743360330439)**2 - sin(x1)) + 1.0218385311388579*sin(x1) - 1.3199405752024974e-15*sin(1.002763503030021*(0.00091215891424850359 - 0.00045648831899924121*sin(x1))*(0.36853389506497866*exp((-2*x1 - 0.001781743360330439)**2) + 4.7208245413744317)) - 0.00761984689280677*sin(0.36853389506497866*exp((-2*x1 - 0.001781743360330439)**2) + 3.7208245413744317) + 1.3199405752024974e-15*sin(sin(x1) - 9.026660099328522) - 0.00181443174919089*cos(sin(x1) - 8.023896596298501) - 0.022782024022700798,-0.00181443174919089*(sin(x1) - 1.98190488187701)**3 + 1.02183853113886*sin(x1) - 0.00761984689280677*sin(0.36853389506497866*exp((-2*x1 - 0.001781743360330439)**2) + 3.7208245413744317) - 0.00181443174919089*cos(sin(x1) - 8.023896596298501) - 0.0227820240227008,-4.4376074795470514e-16*(1.9982086644587719 - sin(x))*(0.36853389506497866*exp((-2*x - 0.001781743360330439)**2) + 4.7208245413744317)*(sin(x) + 1.0025309162893218) - 0.00181443174919089*(sin(x) - 1.981904881877012)**3 + 4.8644284143368476e-16*exp((-2*x - 0.001781743360330439)**2) - 1.5876783045191563e-16*exp((-2*x - 0.001781743360330439)**2 - sin(x)) + 1.0218385311388579*sin(x) - 1.3199405752024974e-15*sin(1.002763503030021*(0.00091215891424850359 - 0.00045648831899924121*sin(x))*(0.36853389506497866*exp((-2*x - 0.001781743360330439)**2) + 4.7208245413744317)) - 0.00761984689280677*sin(0.36853389506497866*exp((-2*x - 0.001781743360330439)**2) + 3.7208245413744317) + 1.3199405752024974e-15*sin(sin(x) - 9.026660099328522) - 0.00181443174919089*cos(sin(x) - 8.023896596298501) - 0.022782024022700798,-0.00181443174919089*(sin(x) - 1.98190488187701)**3 + 1.02183853113886*sin(x) - 0.00761984689280677*sin(0.36853389506497866*exp((-2*x - 0.001781743360330439)**2) + 3.7208245413744317) - 0.00181443174919089*cos(sin(x) - 8.023896596298501) - 0.0227820240227008
SRB-2026-06-25-1715,sin-noise-2,11,6.223252812563995e-05,8.700861811257918e-05,79,79,-0.0027586821309468685*x1 - 0.0014605460838058094*(0.016724627581810293 - x1)**2 + 0.0051169126694867876*(x1 + 0.091317963693978209)**2 - 1.2616863291394155e-5*(x1**2 + cos(x1 + cos(x1 + 0.016724627581810293) + 1.0167246275818103) + 1.9993280664939426)**3 + 1.0062655638778055*sin(x1) + 0.008993925641749504*cos((2.0084347687510988 - x1)*(7.0284839426037338*exp(x1 + 2*(x1 + 0.016724627581810293)**3) + 2)) + 0.008993925641749504*cos(x1 + cos(x1 + cos(x1 + 0.016724627581810293) + 1.0167246275818103) + 1.0161925473996811) - 0.0085777633422817449,-0.00275868213094687*x1 - 0.00146054608380581*(0.0167246275818103 - x1)**2 + 0.00511691266948679*(x1 + 0.0913179636939782)**2 - 1.26168632913942e-5*(x1**2 + cos(x1 + cos(x1 + 0.016724627581810293) + 1.0167246275818103) + 1.99932806649394)**3 + 1.00626556387781*sin(x1) + 0.0089939256417495*cos((2.0084347687510988 - x1)*(7.0284839426037338*exp(x1 + 2*(x1 + 0.016724627581810293)**3) + 2)) + 0.0089939256417495*cos(x1 + cos(x1 + cos(x1 + 0.016724627581810293) + 1.0167246275818103) + 1.0161925473996811) - 0.00857776334228175,-0.0027586821309468685*x - 0.0014605460838058094*(0.016724627581810293 - x)**2 + 0.0051169126694867876*(x + 0.091317963693978209)**2 - 1.2616863291394155e-5*(x**2 + cos(x + cos(x + 0.016724627581810293) + 1.0167246275818103) + 1.9993280664939426)**3 + 1.0062655638778055*sin(x) + 0.008993925641749504*cos((2.0084347687510988 - x)*(7.0284839426037338*exp(x + 2*(x + 0.016724627581810293)**3) + 2)) + 0.008993925641749504*cos(x + cos(x + cos(x + 0.016724627581810293) + 1.0167246275818103) + 1.0161925473996811) - 0.0085777633422817449,-0.00275868213094687*x - 0.00146054608380581*(0.0167246275818103 - x)**2 + 0.00511691266948679*(x + 0.0913179636939782)**2 - 1.26168632913942e-5*(x**2 + cos(x + cos(x + 0.016724627581810293) + 1.0167246275818103) + 1.99932806649394)**3 + 1.00626556387781*sin(x) + 0.0089939256417495*cos((2.0084347687510988 - x)*(7.0284839426037338*exp(x + 2*(x + 0.016724627581810293)**3) + 2)) + 0.0089939256417495*cos(x + cos(x + cos(x + 0.016724627581810293) + 1.0167246275818103) + 1.0161925473996811) - 0.00857776334228175
SRB-2026-06-25-1715,sin-noise-2,12,6.121688702740134e-05,6.123795002315572e-05,168,168,-0.00050952701694211011*x1 - 0.0047670497228643853*(x1 - 0.006998000696455619)**2 + 0.003766360575506982*(x1 + 0.01991047254550839)**2 + 0.99666373384199905*sin(x1) - 0.0023295111055985323*sin(x1 + (x1 - 0.006998000696455619)**2 + sin(x1)) - 0.0014516082743706153*sin(x1 + (x1 - 0.006998000696455619)**2 + sin(x1) + cos(x1) + cos(x1 - 0.020950092296790276) - 0.006998000696455619) + 0.0033641216009076707*sin((x1 - 0.006998000696455619)**2 + sin(x1) + 2*sin((x1 - 0.006998000696455619)**2 + sin(x1) - cos(x1) - cos(x1 - 0.020950092296790276) + 1) + cos(x1) + cos(x1 - 0.020950092296790276) - 0.006998000696455619) + 0.0073793007843017105*sin(exp(3*(x1 - 0.006998000696455619)**2 + 3*sin(x1)) - sin(x1) + sin(x1 + (x1 - 0.006998000696455619)**2 + sin(x1)) - cos(x1 - 0.020950092296790276) - cos(2*x1 + cos(x1) + cos(x1 - 0.020950092296790276)) + 0.0010834724263006075) - 0.00010802751166731975*cos(x1) - 0.0024375386172658525*cos(x1 - 0.020950092296790276) - 0.0023295111055985323*cos(2*x1 + cos(x1) + cos(x1 - 0.020950092296790276)) + 0.0032649889499587928,-0.00050952701694211*x1 - 0.00476704972286439*(x1 - 0.00699800069645562)**2 + 0.00376636057550698*(x1 + 0.0199104725455084)**2 + 0.996663733841999*sin(x1) - 0.00232951110559853*sin(x1 + (x1 - 0.006998000696455619)**2 + sin(x1)) - 0.00145160827437062*sin(x1 + (x1 - 0.006998000696455619)**2 + sin(x1) + cos(x1) + cos(x1 - 0.020950092296790276) - 0.006998000696455619) + 0.00336412160090767*sin((x1 - 0.006998000696455619)**2 + sin(x1) + 2*sin((x1 - 0.006998000696455619)**2 + sin(x1) - cos(x1) - cos(x1 - 0.020950092296790276) + 1) + cos(x1) + cos(x1 - 0.020950092296790276) - 0.006998000696455619) + 0.00737930078430171*sin(exp(3*(x1 - 0.006998000696455619)**2 + 3*sin(x1)) - sin(x1) + sin(x1 + (x1 - 0.006998000696455619)**2 + sin(x1)) - cos(x1 - 0.020950092296790276) - cos(2*x1 + cos(x1) + cos(x1 - 0.020950092296790276)) + 0.0010834724263006075) - 0.00010802751166732*cos(x1) - 0.00243753861726585*cos(x1 - 0.020950092296790276) - 0.00232951110559853*cos(2*x1 + cos(x1) + cos(x1 - 0.020950092296790276)) + 0.00326498894995879,-0.00050952701694211011*x - 0.0047670497228643853*(x - 0.006998000696455619)**2 + 0.003766360575506982*(x + 0.01991047254550839)**2 + 0.99666373384199905*sin(x) - 0.0023295111055985323*sin(x + (x - 0.006998000696455619)**2 + sin(x)) - 0.0014516082743706153*sin(x + (x - 0.006998000696455619)**2 + sin(x) + cos(x) + cos(x - 0.020950092296790276) - 0.006998000696455619) + 0.0033641216009076707*sin((x - 0.006998000696455619)**2 + sin(x) + 2*sin((x - 0.006998000696455619)**2 + sin(x) - cos(x) - cos(x - 0.020950092296790276) + 1) + cos(x) + cos(x - 0.020950092296790276) - 0.006998000696455619) + 0.0073793007843017105*sin(exp(3*(x - 0.006998000696455619)**2 + 3*sin(x)) - sin(x) + sin(x + (x - 0.006998000696455619)**2 + sin(x)) - cos(x - 0.020950092296790276) - cos(2*x + cos(x) + cos(x - 0.020950092296790276)) + 0.0010834724263006075) - 0.00010802751166731975*cos(x) - 0.0024375386172658525*cos(x - 0.020950092296790276) - 0.0023295111055985323*cos(2*x + cos(x) + cos(x - 0.020950092296790276)) + 0.0032649889499587928,-0.00050952701694211*x - 0.00476704972286439*(x - 0.00699800069645562)**2 + 0.00376636057550698*(x + 0.0199104725455084)**2 + 0.996663733841999*sin(x) - 0.00232951110559853*sin(x + (x - 0.006998000696455619)**2 + sin(x)) - 0.00145160827437062*sin(x + (x - 0.006998000696455619)**2 + sin(x) + cos(x) + cos(x - 0.020950092296790276) - 0.006998000696455619) + 0.00336412160090767*sin((x - 0.006998000696455619)**2 + sin(x) + 2*sin((x - 0.006998000696455619)**2 + sin(x) - cos(x) - cos(x - 0.020950092296790276) + 1) + cos(x) + cos(x - 0.020950092296790276) - 0.006998000696455619) + 0.00737930078430171*sin(exp(3*(x - 0.006998000696455619)**2 + 3*sin(x)) - sin(x) + sin(x + (x - 0.006998000696455619)**2 + sin(x)) - cos(x - 0.020950092296790276) - cos(2*x + cos(x) + cos(x - 0.020950092296790276)) + 0.0010834724263006075) - 0.00010802751166732*cos(x) - 0.00243753861726585*cos(x - 0.020950092296790276) - 0.00232951110559853*cos(2*x + cos(x) + cos(x - 0.020950092296790276)) + 0.00326498894995879
SRB-2026-06-25-1715,sin-noise-2,13,6.111514054595194e-05,6.111572103140567e-05,113,84,-6.150882615175996e-8*sqrt(1.006583079742307*exp(exp(-x1)) + 0.99671924704868099 + exp(-x1/2)) - 1.672504140941661e-7*exp(2*x1) - 0.017294634574894481*exp(-x1 - exp(x1) - cos(sin(x1) + 0.023498954461572328)) + 0.019347537818586983*exp(-x1 - 2.7283203498776534*exp(x1 + exp(x1)) - 1.0204349690288939*exp(exp(x1))) + 0.9935803729856004*sin(x1) - 6.150882615175996e-8*sin(x1 - 2.0201018420643004) - 0.0016807304084370436*sin(x1 + 1.0138399062038482) - 0.009892043844467497*sin(2.7283203498776534*exp(x1 + exp(x1)) + 1.0204349690288939*exp(exp(x1)) + 1.9862726730117018) - 0.00989465407625026*cos(0.023786417704253621 - 0.36293570819219631*exp(-x1)) - 0.013226907156493306*cos(sin(x1) + 0.023498954461572328) + 0.022016648350606915,-0.0172946345748945*exp(-x1 - exp(x1) - cos(sin(x1) + 0.023498954461572328)) + 0.019347537818587*exp(-x1 - 2.7283203498776534*exp(x1 + exp(x1)) - 1.0204349690288939*exp(exp(x1))) + 0.9935803729856*sin(x1) - 0.00168073040843704*sin(x1 + 1.0138399062038482) - 0.0098920438444675*sin(2.7283203498776534*exp(x1 + exp(x1)) + 1.0204349690288939*exp(exp(x1)) + 1.9862726730117018) - 0.00989465407625026*cos(0.023786417704253621 - 0.36293570819219631*exp(-x1)) - 0.0132269071564933*cos(sin(x1) + 0.023498954461572328) + 0.0220166483506069,-6.150882615175996e-8*sqrt(1.006583079742307*exp(exp(-x)) + 0.99671924704868099 + exp(-x/2)) - 1.672504140941661e-7*exp(2*x) - 0.017294634574894481*exp(-x - exp(x) - cos(sin(x) + 0.023498954461572328)) + 0.019347537818586983*exp(-x - 2.7283203498776534*exp(x + exp(x)) - 1.0204349690288939*exp(exp(x))) + 0.9935803729856004*sin(x) - 6.150882615175996e-8*sin(x - 2.0201018420643004) - 0.0016807304084370436*sin(x + 1.0138399062038482) - 0.009892043844467497*sin(2.7283203498776534*exp(x + exp(x)) + 1.0204349690288939*exp(exp(x)) + 1.9862726730117018) - 0.00989465407625026*cos(0.023786417704253621 - 0.36293570819219631*exp(-x)) - 0.013226907156493306*cos(sin(x) + 0.023498954461572328) + 0.022016648350606915,-0.0172946345748945*exp(-x - exp(x) - cos(sin(x) + 0.023498954461572328)) + 0.019347537818587*exp(-x - 2.7283203498776534*exp(x + exp(x)) - 1.0204349690288939*exp(exp(x))) + 0.9935803729856*sin(x) - 0.00168073040843704*sin(x + 1.0138399062038482) - 0.0098920438444675*sin(2.7283203498776534*exp(x + exp(x)) + 1.0204349690288939*exp(exp(x)) + 1.9862726730117018) - 0.00989465407625026*cos(0.023786417704253621 - 0.36293570819219631*exp(-x)) - 0.0132269071564933*cos(sin(x) + 0.023498954461572328) + 0.0220166483506069
SRB-2026-06-25-1715,sin-noise-2,14,5.7396333985898844e-05,5.739614911826936e-05,117,23,6.08892035357307e-6*(x1 + 0.021285886077778537)**6 - 8.675256436249032e-7*(0.97530694833400226*exp(x1) + 1)**3 - 9.989624134204935e-30*(2.6511591548261632*exp(x1 + 0.97530694833400226*exp(x1)) + 1.9752312551771955)**3 + 6.588091590514584e-14*(x1 + (x1 + 0.021285886077778537)**3 + 0.97530694833400226*exp(x1) + 1.0212858860777785)**6 + 9.98958209664773e-30*(x1 + (x1 + (x1 + 0.021285886077778537)**3 + 0.97530694833400226*exp(x1) + 1.0212858860777785)**3 + 2.6511591548261632*exp(x1 + 0.97530694833400226*exp(x1)) + 1.9965171412549741)**3 + 0.998444691899865*sin(x1) - 6.08892035357307e-6*sin(x1 - 0.0037171526474479646) - 6.588091590514584e-14*sin(x1 + sin(x1 - 0.025003038725226502) - 0.0037171526474479646) - 0.010042165743008973*cos(-x1 + 2.6511591548261632*exp(x1 + 0.97530694833400226*exp(x1)) + 1.9752312551771955) - 0.00082144944252875402,0.998444691899865*sin(x1) - 0.010042165743009*cos(-x1 + 2.6511591548261632*exp(x1 + 0.97530694833400226*exp(x1)) + 1.9752312551771955) - 0.000821449442528754,6.08892035357307e-6*(x + 0.021285886077778537)**6 - 8.675256436249032e-7*(0.97530694833400226*exp(x) + 1)**3 - 9.989624134204935e-30*(2.6511591548261632*exp(x + 0.97530694833400226*exp(x)) + 1.9752312551771955)**3 + 6.588091590514584e-14*(x + (x + 0.021285886077778537)**3 + 0.97530694833400226*exp(x) + 1.0212858860777785)**6 + 9.98958209664773e-30*(x + (x + (x + 0.021285886077778537)**3 + 0.97530694833400226*exp(x) + 1.0212858860777785)**3 + 2.6511591548261632*exp(x + 0.97530694833400226*exp(x)) + 1.9965171412549741)**3 + 0.998444691899865*sin(x) - 6.08892035357307e-6*sin(x - 0.0037171526474479646) - 6.588091590514584e-14*sin(x + sin(x - 0.025003038725226502) - 0.0037171526474479646) - 0.010042165743008973*cos(-x + 2.6511591548261632*exp(x + 0.97530694833400226*exp(x)) + 1.9752312551771955) - 0.00082144944252875402,0.998444691899865*sin(x) - 0.010042165743009*cos(-x + 2.6511591548261632*exp(x + 0.97530694833400226*exp(x)) + 1.9752312551771955) - 0.000821449442528754
SRB-2026-06-25-1715,sin-noise-2,15,6.592876000194013e-05,6.593332140530074e-05,208,157,-3.5338754322369066e-5*x1**3 - 6.323404276977324e-5*x1 - 3.458622066656755e-5*(x1 + 0.006526078360070062)**3 - 2.864782210320569e-5*(x1 + 0.013052156720140123)**3 + 6.6909322191633761e-6*(-x1**3 - 1.00652607836007)**2 + 3.5338754322369066e-5*(x1**3 + (-x1 - cos(x1) + 1.053830006876936)**2)*(sin(x1) - 0.006526078360070062)**2*(sin(x1 + 2) + sin(3*x1 + 1) - 0.8449790960309509) - 1.968635496467859e-13*(-sin(sin(x1) - 0.006526078360070062) - 0.006526078360070062)*exp(x1**3 + cos(x1)) - 3.5338754322369066e-5*(-x1 - cos(x1) + 1.053830006876936)**2 - 4.136604047589615e-27*(-x1 + 0.9671530799272078*exp(x1**3 + cos(x1)) - cos(x1) + 0.05383000687693608)**2 + 0.98410510998580859*sin(x1) - 0.0049392964200350095*sin(x1 + 1.934306159854416*exp(x1**3 + cos(x1))) + 1.0018027260800766*sin(sin(x1) - 0.019578235080210185) - 0.98414044873952031*sin(sin(x1) - 0.006526078360070062) + 0.0049392964200350095*sin(0.9671530799272078*exp(x1**3 + cos(x1)) + sin(sin(x1) - 0.006526078360070062) + 0.006526078360070062) - 0.0049392964200350095*sin(x1**3 + 3*x1 + (-x1 - cos(x1) + 1.053830006876936)**2 + 0.9671530799272078*exp(x1**3 + cos(x1))) - 6.323404276977324e-5*cos(x1) + 0.0076633011798234446,-3.53387543223691e-5*x1**3 - 6.32340427697732e-5*x1 - 3.45862206665675e-5*(x1 + 0.00652607836007006)**3 - 2.86478221032057e-5*(x1 + 0.0130521567201401)**3 + 3.53387543223691e-5*(x1**3 + (-x1 - cos(x1) + 1.05383000687694)**2)*(sin(x1) - 0.00652607836007006)**2*(sin(x1 + 2) + sin(3*x1 + 1) - 0.844979096030951) - 3.53387543223691e-5*(-x1 - cos(x1) + 1.05383000687694)**2 + 0.984105109985809*sin(x1) - 0.00493929642003501*sin(x1 + 1.934306159854416*exp(x1**3 + cos(x1))) + 1.00180272608008*sin(sin(x1) - 0.019578235080210185) - 0.98414044873952*sin(sin(x1) - 0.006526078360070062) + 0.00493929642003501*sin(0.9671530799272078*exp(x1**3 + cos(x1)) + sin(sin(x1) - 0.006526078360070062) + 0.006526078360070062) - 0.00493929642003501*sin(x1**3 + 3*x1 + (-x1 - cos(x1) + 1.053830006876936)**2 + 0.9671530799272078*exp(x1**3 + cos(x1))) - 6.32340427697732e-5*cos(x1) + 0.00766330117982344,-3.5338754322369066e-5*x**3 - 6.323404276977324e-5*x - 3.458622066656755e-5*(x + 0.006526078360070062)**3 - 2.864782210320569e-5*(x + 0.013052156720140123)**3 + 6.6909322191633761e-6*(-x**3 - 1.00652607836007)**2 + 3.5338754322369066e-5*(x**3 + (-x - cos(x) + 1.053830006876936)**2)*(sin(x) - 0.006526078360070062)**2*(sin(x + 2) + sin(3*x + 1) - 0.8449790960309509) - 1.968635496467859e-13*(-sin(sin(x) - 0.006526078360070062) - 0.006526078360070062)*exp(x**3 + cos(x)) - 3.5338754322369066e-5*(-x - cos(x) + 1.053830006876936)**2 - 4.136604047589615e-27*(-x + 0.9671530799272078*exp(x**3 + cos(x)) - cos(x) + 0.05383000687693608)**2 + 0.98410510998580859*sin(x) - 0.0049392964200350095*sin(x + 1.934306159854416*exp(x**3 + cos(x))) + 1.0018027260800766*sin(sin(x) - 0.019578235080210185) - 0.98414044873952031*sin(sin(x) - 0.006526078360070062) + 0.0049392964200350095*sin(0.9671530799272078*exp(x**3 + cos(x)) + sin(sin(x) - 0.006526078360070062) + 0.006526078360070062) - 0.0049392964200350095*sin(x**3 + 3*x + (-x - cos(x) + 1.053830006876936)**2 + 0.9671530799272078*exp(x**3 + cos(x))) - 6.323404276977324e-5*cos(x) + 0.0076633011798234446,-3.53387543223691e-5*x**3 - 6.32340427697732e-5*x - 3.45862206665675e-5*(x + 0.00652607836007006)**3 - 2.86478221032057e-5*(x + 0.0130521567201401)**3 + 3.53387543223691e-5*(x**3 + (-x - cos(x) + 1.05383000687694)**2)*(sin(x) - 0.00652607836007006)**2*(sin(x + 2) + sin(3*x + 1) - 0.844979096030951) - 3.53387543223691e-5*(-x - cos(x) + 1.05383000687694)**2 + 0.984105109985809*sin(x) - 0.00493929642003501*sin(x + 1.934306159854416*exp(x**3 + cos(x))) + 1.00180272608008*sin(sin(x) - 0.019578235080210185) - 0.98414044873952*sin(sin(x) - 0.006526078360070062) + 0.00493929642003501*sin(0.9671530799272078*exp(x**3 + cos(x)) + sin(sin(x) - 0.006526078360070062) + 0.006526078360070062) - 0.00493929642003501*sin(x**3 + 3*x + (-x - cos(x) + 1.053830006876936)**2 + 0.9671530799272078*exp(x**3 + cos(x))) - 6.32340427697732e-5*cos(x) + 0.00766330117982344
SRB-2026-06-25-1715,sin-noise-2,16,5.715714979974187e-05,5.831824760994897e-05,149,84,-2.9277293179928925e-16*exp(4*x1) - 3.1794460639456346e-16*exp(3*x1 + exp(x1)) + 1.043266517041382e-17*exp(4*x1 + sin(2*x1 + exp(3*x1) + 1.027874708487514*exp(x1))) + 8.760744918850631e-17*exp(3*x1 + 1.009036385941084*exp(x1) + sin(2*x1 + exp(3*x1) + 1.027874708487514*exp(x1))) + 0.9961914872468874*sin(x1) - 0.0021341830196394*sin(2*x1 + exp(3*x1) + 1.027874708487514*exp(x1)) - 0.003479111179370168*sin(2*x1 + 1.0261348685845395*exp(4*x1) + exp(3*x1) + 1.027874708487514*exp(x1) + 1.1143586427023665*exp(3*x1 + exp(x1)) + 1.016806249701573) + 0.0042164472319839936*cos(exp(3*x1) + 1.027874708487514*exp(x1)) - 0.011568812499379385*cos(1.0261348685845395*exp(4*x1) + 1.1143586427023665*exp(3*x1 + exp(x1)) - 1) - 0.003479111179370168*sin(0.05160410362286967 + E) + 0.0033846592702444107,0.996191487246887*sin(x1) - 0.0021341830196394*sin(2*x1 + exp(3*x1) + 1.027874708487514*exp(x1)) - 0.00347911117937017*sin(2*x1 + 1.0261348685845395*exp(4*x1) + exp(3*x1) + 1.027874708487514*exp(x1) + 1.1143586427023665*exp(3*x1 + exp(x1)) + 1.016806249701573) + 0.00421644723198399*cos(exp(3*x1) + 1.027874708487514*exp(x1)) - 0.0115688124993794*cos(1.0261348685845395*exp(4*x1) + 1.1143586427023665*exp(3*x1 + exp(x1)) - 1) + 0.00212102477111731,-2.9277293179928925e-16*exp(4*x) - 3.1794460639456346e-16*exp(3*x + exp(x)) + 1.043266517041382e-17*exp(4*x + sin(2*x + exp(3*x) + 1.027874708487514*exp(x))) + 8.760744918850631e-17*exp(3*x + 1.009036385941084*exp(x) + sin(2*x + exp(3*x) + 1.027874708487514*exp(x))) + 0.9961914872468874*sin(x) - 0.0021341830196394*sin(2*x + exp(3*x) + 1.027874708487514*exp(x)) - 0.003479111179370168*sin(2*x + 1.0261348685845395*exp(4*x) + exp(3*x) + 1.027874708487514*exp(x) + 1.1143586427023665*exp(3*x + exp(x)) + 1.016806249701573) + 0.0042164472319839936*cos(exp(3*x) + 1.027874708487514*exp(x)) - 0.011568812499379385*cos(1.0261348685845395*exp(4*x) + 1.1143586427023665*exp(3*x + exp(x)) - 1) - 0.003479111179370168*sin(0.05160410362286967 + E) + 0.0033846592702444107,0.996191487246887*sin(x) - 0.0021341830196394*sin(2*x + exp(3*x) + 1.027874708487514*exp(x)) - 0.00347911117937017*sin(2*x + 1.0261348685845395*exp(4*x) + exp(3*x) + 1.027874708487514*exp(x) + 1.1143586427023665*exp(3*x + exp(x)) + 1.016806249701573) + 0.00421644723198399*cos(exp(3*x) + 1.027874708487514*exp(x)) - 0.0115688124993794*cos(1.0261348685845395*exp(4*x) + 1.1143586427023665*exp(3*x + exp(x)) - 1) + 0.00212102477111731
SRB-2026-06-25-1715,sin-noise-2,17,6.50304155860399e-05,7.151297707834207e-05,112,112,-0.001596906676301579*x1 + 0.002295805348004446*(sin((0.0165835066725463 - x1)**6*(1 - x1**3)) + 0.16076948918302517)**2 + 0.009396932365092946*sin((-x1 - (0.0165835066725463 - x1)**3 + 0.0165835066725463)**6*((0.14418598251047887 - x1)**3 + exp((0.0165835066725463 - x1)**3) + 1.9998637847615225)) + 0.1337215034133207*sin(sin(x1 + 0.025846828652170847) + 0.025846828652170847) + 0.002295805348004446*sin(x1 + sin(x1 + 0.025846828652170847) + 0.025846828652170847) + 34.136530803855518*cos(x1) - 34.13449788696429*cos(x1 + 0.025846828652170847) - 0.010544402921445336*cos(x1 - cos(x1)) - 0.010544402921445336*cos(x1 + sin(x1 + 0.025846828652170847) + 0.025846828652170847) - 0.0069233283361136234,-0.00159690667630158*x1 + 0.00229580534800445*(sin((0.0165835066725463 - x1)**6*(1 - x1**3)) + 0.160769489183025)**2 + 0.00939693236509295*sin((-x1 - (0.0165835066725463 - x1)**3 + 0.0165835066725463)**6*((0.14418598251047887 - x1)**3 + exp((0.0165835066725463 - x1)**3) + 1.9998637847615225)) + 0.133721503413321*sin(sin(x1 + 0.025846828652170847) + 0.025846828652170847) + 0.00229580534800445*sin(x1 + sin(x1 + 0.025846828652170847) + 0.025846828652170847) + 34.1365308038555*cos(x1) - 34.1344978869643*cos(x1 + 0.025846828652170847) - 0.0105444029214453*cos(x1 - cos(x1)) - 0.0105444029214453*cos(x1 + sin(x1 + 0.025846828652170847) + 0.025846828652170847) - 0.00692332833611362,-0.001596906676301579*x + 0.002295805348004446*(sin((0.0165835066725463 - x)**6*(1 - x**3)) + 0.16076948918302517)**2 + 0.009396932365092946*sin((-x - (0.0165835066725463 - x)**3 + 0.0165835066725463)**6*((0.14418598251047887 - x)**3 + exp((0.0165835066725463 - x)**3) + 1.9998637847615225)) + 0.1337215034133207*sin(sin(x + 0.025846828652170847) + 0.025846828652170847) + 0.002295805348004446*sin(x + sin(x + 0.025846828652170847) + 0.025846828652170847) + 34.136530803855518*cos(x) - 34.13449788696429*cos(x + 0.025846828652170847) - 0.010544402921445336*cos(x - cos(x)) - 0.010544402921445336*cos(x + sin(x + 0.025846828652170847) + 0.025846828652170847) - 0.0069233283361136234,-0.00159690667630158*x + 0.00229580534800445*(sin((0.0165835066725463 - x)**6*(1 - x**3)) + 0.160769489183025)**2 + 0.00939693236509295*sin((-x - (0.0165835066725463 - x)**3 + 0.0165835066725463)**6*((0.14418598251047887 - x)**3 + exp((0.0165835066725463 - x)**3) + 1.9998637847615225)) + 0.133721503413321*sin(sin(x + 0.025846828652170847) + 0.025846828652170847) + 0.00229580534800445*sin(x + sin(x + 0.025846828652170847) + 0.025846828652170847) + 34.1365308038555*cos(x) - 34.1344978869643*cos(x + 0.025846828652170847) - 0.0105444029214453*cos(x - cos(x)) - 0.0105444029214453*cos(x + sin(x + 0.025846828652170847) + 0.025846828652170847) - 0.00692332833611362
SRB-2026-06-25-1715,sin-noise-2,18,6.70468755694116e-05,6.704683867478113e-05,175,73,-2.4633013562473117e-13*x1**3 - 5.583670482725157e-5*x1 - 1.0320105193773784e-38*((-sin(x1 + 0.00021199743511839526) - 0.006036032101542652)**2 + 0.006036032101542652)*(x1 + exp(x1**3 + 2*x1) - 0.987855068429853)*(7.491023718056995*exp(x1 + exp(x1)) - sin(x1) - sin(x1 + 0.00021199743511839526))**2 + 4.9266027124946234e-13*(-sin(x1 + 0.00021199743511839526) - 0.006036032101542652)**2 - 0.000108908682546833*(-0.006072465785073505*x1 - 0.006072465785073505*exp(x1) - sin(x1 + 0.00021199743511839526) + 0.98024028494421956)**2 - 5.5836704580998955e-5*exp(x1) - 1.8452648884370574e-12*exp(x1 + exp(x1)) + 7.7521263489440125e-17*exp(x1**3 + 2*x1) + 2.4633013562473117e-13*sin(x1) + 0.99711257271726714*sin(x1 + 0.00021199743511839526) - 5.5836704580998955e-5*sin(x1 + exp(x1)) - 2.4625261436124173e-13*sin(-x1**3 + exp(x1**3 + 2*x1) + 0.01214493157014701) - 0.006077957048914964*sin(-x1 - 7.491023718056995*exp(x1 + exp(x1)) + sin(x1) + sin(x1 + 0.00021199743511839526) + 0.9999704501577169) - 0.0033891403566679613*cos(2*x1 + 2*exp(x1) - 0.007669434066238528) - 7.0005575841346964e-7,-5.58367048272516e-5*x1 - 0.000108908682546833*(-0.00607246578507351*x1 - 0.00607246578507351*exp(x1) - sin(x1 + 0.00021199743511839526) + 0.98024028494422)**2 - 5.5836704580999e-5*exp(x1) + 0.997112572717267*sin(x1 + 0.00021199743511839526) - 5.5836704580999e-5*sin(x1 + exp(x1)) - 0.00607795704891496*sin(-x1 - 7.491023718056995*exp(x1 + exp(x1)) + sin(x1) + sin(x1 + 0.00021199743511839526) + 0.9999704501577169) - 0.00338914035666796*cos(2*x1 + 2*exp(x1) - 0.007669434066238528),-2.4633013562473117e-13*x**3 - 5.583670482725157e-5*x - 1.0320105193773784e-38*((-sin(x + 0.00021199743511839526) - 0.006036032101542652)**2 + 0.006036032101542652)*(x + exp(x**3 + 2*x) - 0.987855068429853)*(7.491023718056995*exp(x + exp(x)) - sin(x) - sin(x + 0.00021199743511839526))**2 + 4.9266027124946234e-13*(-sin(x + 0.00021199743511839526) - 0.006036032101542652)**2 - 0.000108908682546833*(-0.006072465785073505*x - 0.006072465785073505*exp(x) - sin(x + 0.00021199743511839526) + 0.98024028494421956)**2 - 5.5836704580998955e-5*exp(x) - 1.8452648884370574e-12*exp(x + exp(x)) + 7.7521263489440125e-17*exp(x**3 + 2*x) + 2.4633013562473117e-13*sin(x) + 0.99711257271726714*sin(x + 0.00021199743511839526) - 5.5836704580998955e-5*sin(x + exp(x)) - 2.4625261436124173e-13*sin(-x**3 + exp(x**3 + 2*x) + 0.01214493157014701) - 0.006077957048914964*sin(-x - 7.491023718056995*exp(x + exp(x)) + sin(x) + sin(x + 0.00021199743511839526) + 0.9999704501577169) - 0.0033891403566679613*cos(2*x + 2*exp(x) - 0.007669434066238528) - 7.0005575841346964e-7,-5.58367048272516e-5*x - 0.000108908682546833*(-0.00607246578507351*x - 0.00607246578507351*exp(x) - sin(x + 0.00021199743511839526) + 0.98024028494422)**2 - 5.5836704580999e-5*exp(x) + 0.997112572717267*sin(x + 0.00021199743511839526) - 5.5836704580999e-5*sin(x + exp(x)) - 0.00607795704891496*sin(-x - 7.491023718056995*exp(x + exp(x)) + sin(x) + sin(x + 0.00021199743511839526) + 0.9999704501577169) - 0.00338914035666796*cos(2*x + 2*exp(x) - 0.007669434066238528)
SRB-2026-06-25-1715,sin-noise-2,19,6.796189895103789e-05,6.79618288999031e-05,252,98,-0.0046285548531932349*x1 - 2.865988313435097e-7*(0.9938341051960639 - 8*x1**3)**3 - 1.7921309257749703e-15*(x1 - (x1**3 + 2.98703074594906)**3 - (-x1 - sin(x1) + 0.006166129247260486)**3)**3 - 3.0019592816729155e-7*(8*x1**3 - x1 - sin(x1) + 0.006166129247260486)**3 - 1.7921309257749703e-15*(8*x1**3 - (x1**3 + x1)**3 - (-x1**3 - sin(x1) + 0.006166129247260486)**3 - 2*sin(x1) - 3.9808646167017997)**3 + 0.99994882070056111*sin(x1) + 0.006682248406883341*cos(x1 - 3*(x1**3 + 2.98703074594906)**3 + 0.006166129247260486) - 1.7921309257749703e-15*cos(-0.9999912709312558*x1**3 + 0.04117996440621373*x1 + 0.93495420032939571) - 1.7921309257749703e-15*cos(x1**3 + 0.020589982203106864*x1 - 0.012332024051196596) - 2.865988313435097e-7*cos(cos(-0.9999912709312558*x1**3 + 0.04117996440621373*x1 + 0.93495420032939571) + cos(x1**3 + 0.020589982203106864*x1 - 0.012332024051196596) - 0.006485614871180713 + 0.97328766104352221*exp(-cos(x1 + 0.006166129247260486))) + 0.003165543737359882*cos(1.7458137488284945e-5*x1**3 + 0.04117996440621373*x1 + (-x1 - sin(x1) + 0.006166129247260486)**3 + cos(x1 + 0.006166129247260486) + 1.90899677060368) + 0.003165543737359882*cos(0.020589982203106864*x1 + (x1**3 + 1.006165894803936)**3 + (x1**3 + x1)**3 + (-x1**3 - sin(x1) + 0.006166129247260486)**3 + sin(x1) + 4.9746982530112148) - 0.0052419863931677962 + 0.0083749846152166496*exp(-cos(x1 + 0.006166129247260486)),-0.00462855485319323*x1 + 0.999948820700561*sin(x1) + 0.00668224840688334*cos(x1 - 3*(x1**3 + 2.98703074594906)**3 + 0.006166129247260486) + 0.00316554373735988*cos(1.7458137488284945e-5*x1**3 + 0.04117996440621373*x1 + (-x1 - sin(x1) + 0.006166129247260486)**3 + cos(x1 + 0.006166129247260486) + 1.90899677060368) + 0.00316554373735988*cos(0.020589982203106864*x1 + (x1**3 + 1.006165894803936)**3 + (x1**3 + x1)**3 + (-x1**3 - sin(x1) + 0.006166129247260486)**3 + sin(x1) + 4.9746982530112148) - 0.0052419863931678 + 0.00837498461521665*exp(-cos(x1 + 0.006166129247260486)),-0.0046285548531932349*x - 2.865988313435097e-7*(0.9938341051960639 - 8*x**3)**3 - 1.7921309257749703e-15*(x - (x**3 + 2.98703074594906)**3 - (-x - sin(x) + 0.006166129247260486)**3)**3 - 3.0019592816729155e-7*(8*x**3 - x - sin(x) + 0.006166129247260486)**3 - 1.7921309257749703e-15*(8*x**3 - (x**3 + x)**3 - (-x**3 - sin(x) + 0.006166129247260486)**3 - 2*sin(x) - 3.9808646167017997)**3 + 0.99994882070056111*sin(x) + 0.006682248406883341*cos(x - 3*(x**3 + 2.98703074594906)**3 + 0.006166129247260486) - 1.7921309257749703e-15*cos(-0.9999912709312558*x**3 + 0.04117996440621373*x + 0.93495420032939571) - 1.7921309257749703e-15*cos(x**3 + 0.020589982203106864*x - 0.012332024051196596) - 2.865988313435097e-7*cos(cos(-0.9999912709312558*x**3 + 0.04117996440621373*x + 0.93495420032939571) + cos(x**3 + 0.020589982203106864*x - 0.012332024051196596) - 0.006485614871180713 + 0.97328766104352221*exp(-cos(x + 0.006166129247260486))) + 0.003165543737359882*cos(1.7458137488284945e-5*x**3 + 0.04117996440621373*x + (-x - sin(x) + 0.006166129247260486)**3 + cos(x + 0.006166129247260486) + 1.90899677060368) + 0.003165543737359882*cos(0.020589982203106864*x + (x**3 + 1.006165894803936)**3 + (x**3 + x)**3 + (-x**3 - sin(x) + 0.006166129247260486)**3 + sin(x) + 4.9746982530112148) - 0.0052419863931677962 + 0.0083749846152166496*exp(-cos(x + 0.006166129247260486)),-0.00462855485319323*x + 0.999948820700561*sin(x) + 0.00668224840688334*cos(x - 3*(x**3 + 2.98703074594906)**3 + 0.006166129247260486) + 0.00316554373735988*cos(1.7458137488284945e-5*x**3 + 0.04117996440621373*x + (-x - sin(x) + 0.006166129247260486)**3 + cos(x + 0.006166129247260486) + 1.90899677060368) + 0.00316554373735988*cos(0.020589982203106864*x + (x**3 + 1.006165894803936)**3 + (x**3 + x)**3 + (-x**3 - sin(x) + 0.006166129247260486)**3 + sin(x) + 4.9746982530112148) - 0.0052419863931678 + 0.00837498461521665*exp(-cos(x + 0.006166129247260486))
SRB-2026-06-25-1715,sin-noise-2,20,6.50276970091413e-05,9.939406658678336e-05,80,74,-0.0008754435409138039*x1 - 0.0012260196594604523*(x1 + 0.009848427905374388)**2 + 0.0005110987681084129*(-x1 + sin(1.009897083266577*exp(2*x1)) - 1.9704547162838768)**2 + 0.0005110987681084129*(x1 + sin(x1)**3 + 0.009848427905374388)**2 - 4.34902508425021e-6*exp(2*x1) + 0.005334225918413798*sin(x1)**3 + 0.9910165130403819*sin(x1) - 0.00807685405876937*sin(-(x1 + 0.009848427905374388)**2 + 1.009897083266577*exp(2*x1 + 1.009897083266577*exp(2*x1)) + 0.9627793043554431) - 0.0017977734406667111,-0.000875443540913804*x1 - 0.00122601965946045*(x1 + 0.00984842790537439)**2 + 0.000511098768108413*(-x1 + sin(1.009897083266577*exp(2*x1)) - 1.97045471628388)**2 + 0.000511098768108413*(x1 + sin(x1)**3 + 0.00984842790537439)**2 + 0.0053342259184138*sin(x1)**3 + 0.991016513040382*sin(x1) - 0.00807685405876937*sin(-(x1 + 0.009848427905374388)**2 + 1.009897083266577*exp(2*x1 + 1.009897083266577*exp(2*x1)) + 0.9627793043554431) - 0.00179777344066671,-0.0008754435409138039*x - 0.0012260196594604523*(x + 0.009848427905374388)**2 + 0.0005110987681084129*(-x + sin(1.009897083266577*exp(2*x)) - 1.9704547162838768)**2 + 0.0005110987681084129*(x + sin(x)**3 + 0.009848427905374388)**2 - 4.34902508425021e-6*exp(2*x) + 0.005334225918413798*sin(x)**3 + 0.9910165130403819*sin(x) - 0.00807685405876937*sin(-(x + 0.009848427905374388)**2 + 1.009897083266577*exp(2*x + 1.009897083266577*exp(2*x)) + 0.9627793043554431) - 0.0017977734406667111,-0.000875443540913804*x - 0.00122601965946045*(x + 0.00984842790537439)**2 + 0.000511098768108413*(-x + sin(1.009897083266577*exp(2*x)) - 1.97045471628388)**2 + 0.000511098768108413*(x + sin(x)**3 + 0.00984842790537439)**2 + 0.0053342259184138*sin(x)**3 + 0.991016513040382*sin(x) - 0.00807685405876937*sin(-(x + 0.009848427905374388)**2 + 1.009897083266577*exp(2*x + 1.009897083266577*exp(2*x)) + 0.9627793043554431) - 0.00179777344066671
SRB-2026-06-25-1715,sin-noise-2,21,6.269271519399601e-05,6.276074828321683e-05,187,129,-0.0001635446622511481*x1**3 - 2.1386356122198467e-18*x1**2 + 8.177233112557404e-5*(0.02420317331626457 - x1)**2 - 2.1386356122198467e-18*(2*x1**3 - (-x1 - sin(x1) - cos(x1) + 0.99483363348851034)**3 + 0.004177315656602114*cos(x1) - cos(x1*cos(x1 + 3.649483184222854e-5)) - 2.0139534869910234)**3 - 7.8759465122030359e-16*exp(3*(0.02420317331626457 - x1)**2) + 0.9086278813379901*sin(x1) - 0.001365062110714681*sin(x1**2 + 1.0) + 0.002730124221429362*sin(x1**3 - 1.976113787541319) - 0.001365062110714681*sin((0.02420317331626457 - x1)**2 + 1.97766151210046) - 0.0006503711289060464*sin(sin(x1) + 0.0051628524385132713) + 0.1046386074194492*sin(sin(x1) + 0.02420317331626457) - 0.007129723756534365*sin((x1**3 - 2.9948347839276974)**3 + (-x1 - sin(x1) - cos(x1) + 0.99483363348851034)**3 + 19.605908166539502*exp(3*x1**2) + sin(x1)*cos(x1 + 3.649483184222854e-5) + 1.995822684343398*cos(x1) + 1.9429620213090689) - 0.00065037112890605068*cos(x1) + 8.177233112557404e-5*cos(x1*cos(x1 + 3.649483184222854e-5)) + 0.0042837058851365965*cos(x1 + cos(x1) + 0.0051993243343751286) - 0.0012939733913538362,-0.000163544662251148*x1**3 + 8.1772331125574e-5*(0.0242031733162646 - x1)**2 + 0.90862788133799*sin(x1) - 0.00136506211071468*sin(x1**2 + 1) + 0.00273012422142936*sin(x1**3 - 1.976113787541319) - 0.00136506211071468*sin((0.02420317331626457 - x1)**2 + 1.97766151210046) - 0.000650371128906046*sin(sin(x1) + 0.0051628524385132713) + 0.104638607419449*sin(sin(x1) + 0.02420317331626457) - 0.00712972375653436*sin((x1**3 - 2.9948347839276974)**3 + (-x1 - sin(x1) - cos(x1) + 0.99483363348851034)**3 + 19.605908166539502*exp(3*x1**2) + sin(x1)*cos(x1 + 3.649483184222854e-5) + 1.995822684343398*cos(x1) + 1.9429620213090689) - 0.000650371128906051*cos(x1) + 8.1772331125574e-5*cos(x1*cos(x1 + 3.649483184222854e-5)) + 0.0042837058851366*cos(x1 + cos(x1) + 0.0051993243343751286) - 0.00129397339135384,-0.0001635446622511481*x**3 - 2.1386356122198467e-18*x**2 + 8.177233112557404e-5*(0.02420317331626457 - x)**2 - 2.1386356122198467e-18*(2*x**3 - (-x - sin(x) - cos(x) + 0.99483363348851034)**3 + 0.004177315656602114*cos(x) - cos(x*cos(x + 3.649483184222854e-5)) - 2.0139534869910234)**3 - 7.8759465122030359e-16*exp(3*(0.02420317331626457 - x)**2) + 0.9086278813379901*sin(x) - 0.001365062110714681*sin(x**2 + 1.0) + 0.002730124221429362*sin(x**3 - 1.976113787541319) - 0.001365062110714681*sin((0.02420317331626457 - x)**2 + 1.97766151210046) - 0.0006503711289060464*sin(sin(x) + 0.0051628524385132713) + 0.1046386074194492*sin(sin(x) + 0.02420317331626457) - 0.007129723756534365*sin((x**3 - 2.9948347839276974)**3 + (-x - sin(x) - cos(x) + 0.99483363348851034)**3 + 19.605908166539502*exp(3*x**2) + sin(x)*cos(x + 3.649483184222854e-5) + 1.995822684343398*cos(x) + 1.9429620213090689) - 0.00065037112890605068*cos(x) + 8.177233112557404e-5*cos(x*cos(x + 3.649483184222854e-5)) + 0.0042837058851365965*cos(x + cos(x) + 0.0051993243343751286) - 0.0012939733913538362,-0.000163544662251148*x**3 + 8.1772331125574e-5*(0.0242031733162646 - x)**2 + 0.90862788133799*sin(x) - 0.00136506211071468*sin(x**2 + 1) + 0.00273012422142936*sin(x**3 - 1.976113787541319) - 0.00136506211071468*sin((0.02420317331626457 - x)**2 + 1.97766151210046) - 0.000650371128906046*sin(sin(x) + 0.0051628524385132713) + 0.104638607419449*sin(sin(x) + 0.02420317331626457) - 0.00712972375653436*sin((x**3 - 2.9948347839276974)**3 + (-x - sin(x) - cos(x) + 0.99483363348851034)**3 + 19.605908166539502*exp(3*x**2) + sin(x)*cos(x + 3.649483184222854e-5) + 1.995822684343398*cos(x) + 1.9429620213090689) - 0.000650371128906051*cos(x) + 8.1772331125574e-5*cos(x*cos(x + 3.649483184222854e-5)) + 0.0042837058851366*cos(x + cos(x) + 0.0051993243343751286) - 0.00129397339135384
SRB-2026-06-25-1715,sin-noise-2,22,6.2844123116345e-05,6.350013125731643e-05,98,94,0.0016272397096504343*x1 + 0.9775754471807396*sin(x1) + 0.0008527727345980216*sin(2*exp(7.5760553196325673*exp(x1)) + sin(0.00286468641061481*x1 + 3.844335671218511) + 10.30422120827803 + 1.025295116241329*exp(-sin(x1))) - 0.01227649364559699*sin(0.00286468641061481*x1 + 0.065986944504962692*exp(1.025295116241329*exp(x1)) + sin(0.00286468641061481*x1 + 3.844335671218511) + 8.233391770149162 + 0.1328727118571871*exp(-x1)) - 0.030513963205524214*sin(1.025295116241329*exp(-sin(x1))) + 0.012226251488539636*cos(x1 - 5.401240336669456) - 0.0016272397096504343*cos(exp(7.5760553196325673*exp(x1)) - 0.02784517584469473) + 0.012226251488539636*cos(2) + 0.049738219757021907 - 0.01589169021277537*exp(-sin(x1)),0.00162723970965043*x1 + 0.97757544718074*sin(x1) + 0.000852772734598022*sin(2*exp(7.5760553196325673*exp(x1)) + sin(0.00286468641061481*x1 + 3.844335671218511) + 10.30422120827803 + 1.025295116241329*exp(-sin(x1))) - 0.012276493645597*sin(0.00286468641061481*x1 + 0.065986944504962692*exp(1.025295116241329*exp(x1)) + sin(0.00286468641061481*x1 + 3.844335671218511) + 8.233391770149162 + 0.1328727118571871*exp(-x1)) - 0.0305139632055242*sin(1.025295116241329*exp(-sin(x1))) + 0.0122262514885396*cos(x1 - 5.401240336669456) - 0.00162723970965043*cos(exp(7.5760553196325673*exp(x1)) - 0.02784517584469473) + 0.0446503038772363 - 0.0158916902127754*exp(-sin(x1)),0.0016272397096504343*x + 0.9775754471807396*sin(x) + 0.0008527727345980216*sin(2*exp(7.5760553196325673*exp(x)) + sin(0.00286468641061481*x + 3.844335671218511) + 10.30422120827803 + 1.025295116241329*exp(-sin(x))) - 0.01227649364559699*sin(0.00286468641061481*x + 0.065986944504962692*exp(1.025295116241329*exp(x)) + sin(0.00286468641061481*x + 3.844335671218511) + 8.233391770149162 + 0.1328727118571871*exp(-x)) - 0.030513963205524214*sin(1.025295116241329*exp(-sin(x))) + 0.012226251488539636*cos(x - 5.401240336669456) - 0.0016272397096504343*cos(exp(7.5760553196325673*exp(x)) - 0.02784517584469473) + 0.012226251488539636*cos(2) + 0.049738219757021907 - 0.01589169021277537*exp(-sin(x)),0.00162723970965043*x + 0.97757544718074*sin(x) + 0.000852772734598022*sin(2*exp(7.5760553196325673*exp(x)) + sin(0.00286468641061481*x + 3.844335671218511) + 10.30422120827803 + 1.025295116241329*exp(-sin(x))) - 0.012276493645597*sin(0.00286468641061481*x + 0.065986944504962692*exp(1.025295116241329*exp(x)) + sin(0.00286468641061481*x + 3.844335671218511) + 8.233391770149162 + 0.1328727118571871*exp(-x)) - 0.0305139632055242*sin(1.025295116241329*exp(-sin(x))) + 0.0122262514885396*cos(x - 5.401240336669456) - 0.00162723970965043*cos(exp(7.5760553196325673*exp(x)) - 0.02784517584469473) + 0.0446503038772363 - 0.0158916902127754*exp(-sin(x))
SRB-2026-06-25-1715,sin-noise-2,23,6.227697345592768e-05,6.227692022103704e-05,118,64,1.5118086316358473e-38*x1 + 1.5118086316358473e-38*(3*x1 + 0.9812678694701679)**3 - 1.5526671789842981e-45*(0.21097912998163518*exp(-x1**3 - sin(x1 - 0.0017675242197335924) - sin(x1 - 0.0008837621098667962)) - 0.0008837619948252087)**3*(x1**3 + x1 - 9.771567626067931e-8*(x1 - 0.009366065264916085)**3 + 1.5309362406032236)**3 + 0.005905940552741083*sin((x1**3 + 1.5403023058681398)**2*cos(2*x1 + 0.015693754569494966)) - 0.006851278743511154*sin(((3*x1 + 0.9812678694701679)**3 + 1.5403023058681398)**2*cos(2*x1 + 0.015693754569494966)) + 0.9973503005948009*sin(x1 - 0.0017675242197335924) + 0.004774048430126564*cos(2*x1 + 0.015693754569494966)**2 - 0.004467625053452916*cos(2*x1 + 0.015693857272121903) - 0.0022728484847676835,0.00590594055274108*sin((x1**3 + 1.5403023058681398)**2*cos(2*x1 + 0.015693754569494966)) - 0.00685127874351115*sin(((3*x1 + 0.9812678694701679)**3 + 1.5403023058681398)**2*cos(2*x1 + 0.015693754569494966)) + 0.997350300594801*sin(x1 - 0.0017675242197335924) + 0.00477404843012656*cos(2*x1 + 0.015693754569494966)**2 - 0.00446762505345292*cos(2*x1 + 0.015693857272121903) - 0.00227284848476768,1.5118086316358473e-38*x + 1.5118086316358473e-38*(3*x + 0.9812678694701679)**3 - 1.5526671789842981e-45*(0.21097912998163518*exp(-x**3 - sin(x - 0.0017675242197335924) - sin(x - 0.0008837621098667962)) - 0.0008837619948252087)**3*(x**3 + x - 9.771567626067931e-8*(x - 0.009366065264916085)**3 + 1.5309362406032236)**3 + 0.005905940552741083*sin((x**3 + 1.5403023058681398)**2*cos(2*x + 0.015693754569494966)) - 0.006851278743511154*sin(((3*x + 0.9812678694701679)**3 + 1.5403023058681398)**2*cos(2*x + 0.015693754569494966)) + 0.9973503005948009*sin(x - 0.0017675242197335924) + 0.004774048430126564*cos(2*x + 0.015693754569494966)**2 - 0.004467625053452916*cos(2*x + 0.015693857272121903) - 0.0022728484847676835,0.00590594055274108*sin((x**3 + 1.5403023058681398)**2*cos(2*x + 0.015693754569494966)) - 0.00685127874351115*sin(((3*x + 0.9812678694701679)**3 + 1.5403023058681398)**2*cos(2*x + 0.015693754569494966)) + 0.997350300594801*sin(x - 0.0017675242197335924) + 0.00477404843012656*cos(2*x + 0.015693754569494966)**2 - 0.00446762505345292*cos(2*x + 0.015693857272121903) - 0.00227284848476768
SRB-2026-06-25-1715,sin-noise-2,24,6.739461448148055e-05,7.727336091177973e-05,145,141,9.632363549359716e-5*x1*(cos(sin(x1) + 1.0442783350172) + 1)*((x1 - 0.0044742508666685485)**3 + exp(x1) - 0.20756197961376777) - 0.0001391915418207194*(x1 - 0.0044742508666685485)**3 + 0.0070425418159063315*(cos(sin(x1) + 1.0442783350172) + 1)**3 - 0.0001391915418207194*exp(x1) + 0.94173440282880161*sin(x1) - 0.09050852719792984*sin(x1 - 0.04965336947010767) - 0.057983241358793486*sin(cos(sin(x1) + 1.0442783350172) + 1) + 0.0016855558282093325*sin(x1 + (x1 - 0.04965336947010767)**3 + (x1 - 0.0044742508666685485)**3 + exp(x1) - 0.25721534908387544) + 0.0070425418159063315*cos(x1*((x1 + (x1 - 0.0044742508666685485)**3 + exp(x1) + sin(x1) + 0.86757193782062758)**3 + 0.81256287787901347*exp(x1 + (x1 - 0.0044742508666685485)**3 + exp(x1)) + sin(x1) + 2.8367163554034327)) - 6.959577091035969e-5*cos(sin(x1) + 1.0442783350172) - 0.057983241358793486*cos(sin(x1 - 0.04965336947010767) - 0.0044742508666685485) - 0.20636449277579114*cos(sin(x1) + sin(2) + 1.0397940747068212) - 0.90471645300680186 + 0.9997176441875951*sin(2),9.63236354935972e-5*x1*(cos(sin(x1) + 1.0442783350172) + 1)*((x1 - 0.00447425086666855)**3 + exp(x1) - 0.207561979613768) - 0.000139191541820719*(x1 - 0.00447425086666855)**3 + 0.00704254181590633*(cos(sin(x1) + 1.0442783350172) + 1)**3 - 0.000139191541820719*exp(x1) + 0.941734402828802*sin(x1) - 0.0905085271979298*sin(x1 - 0.04965336947010767) - 0.0579832413587935*sin(cos(sin(x1) + 1.0442783350172) + 1) + 0.00168555582820933*sin(x1 + (x1 - 0.04965336947010767)**3 + (x1 - 0.0044742508666685485)**3 + exp(x1) - 0.25721534908387544) + 0.00704254181590633*cos(x1*((x1 + (x1 - 0.0044742508666685485)**3 + exp(x1) + sin(x1) + 0.86757193782062758)**3 + 0.81256287787901347*exp(x1 + (x1 - 0.0044742508666685485)**3 + exp(x1)) + sin(x1) + 2.8367163554034327)) - 6.95957709103597e-5*cos(sin(x1) + 1.0442783350172) - 0.0579832413587935*cos(sin(x1 - 0.04965336947010767) - 0.0044742508666685485) - 0.206364492775791*cos(sin(x1) + sin(2) + 1.0397940747068212) + 0.00432422840521085,9.632363549359716e-5*x*(cos(sin(x) + 1.0442783350172) + 1)*((x - 0.0044742508666685485)**3 + exp(x) - 0.20756197961376777) - 0.0001391915418207194*(x - 0.0044742508666685485)**3 + 0.0070425418159063315*(cos(sin(x) + 1.0442783350172) + 1)**3 - 0.0001391915418207194*exp(x) + 0.94173440282880161*sin(x) - 0.09050852719792984*sin(x - 0.04965336947010767) - 0.057983241358793486*sin(cos(sin(x) + 1.0442783350172) + 1) + 0.0016855558282093325*sin(x + (x - 0.04965336947010767)**3 + (x - 0.0044742508666685485)**3 + exp(x) - 0.25721534908387544) + 0.0070425418159063315*cos(x*((x + (x - 0.0044742508666685485)**3 + exp(x) + sin(x) + 0.86757193782062758)**3 + 0.81256287787901347*exp(x + (x - 0.0044742508666685485)**3 + exp(x)) + sin(x) + 2.8367163554034327)) - 6.959577091035969e-5*cos(sin(x) + 1.0442783350172) - 0.057983241358793486*cos(sin(x - 0.04965336947010767) - 0.0044742508666685485) - 0.20636449277579114*cos(sin(x) + sin(2) + 1.0397940747068212) - 0.90471645300680186 + 0.9997176441875951*sin(2),9.63236354935972e-5*x*(cos(sin(x) + 1.0442783350172) + 1)*((x - 0.00447425086666855)**3 + exp(x) - 0.207561979613768) - 0.000139191541820719*(x - 0.00447425086666855)**3 + 0.00704254181590633*(cos(sin(x) + 1.0442783350172) + 1)**3 - 0.000139191541820719*exp(x) + 0.941734402828802*sin(x) - 0.0905085271979298*sin(x - 0.04965336947010767) - 0.0579832413587935*sin(cos(sin(x) + 1.0442783350172) + 1) + 0.00168555582820933*sin(x + (x - 0.04965336947010767)**3 + (x - 0.0044742508666685485)**3 + exp(x) - 0.25721534908387544) + 0.00704254181590633*cos(x*((x + (x - 0.0044742508666685485)**3 + exp(x) + sin(x) + 0.86757193782062758)**3 + 0.81256287787901347*exp(x + (x - 0.0044742508666685485)**3 + exp(x)) + sin(x) + 2.8367163554034327)) - 6.95957709103597e-5*cos(sin(x) + 1.0442783350172) - 0.0579832413587935*cos(sin(x - 0.04965336947010767) - 0.0044742508666685485) - 0.206364492775791*cos(sin(x) + sin(2) + 1.0397940747068212) + 0.00432422840521085
SRB-2026-06-25-1715,sin-noise-2,25,5.8957524148283524e-05,6.378019652700438e-05,84,48,1.7087286467257668e-60*x1**6 - 5.4194543866901792e-21*x1**2 + 0.01087421522522649*(2.2663455536081969e-10 - 2.4579776188373993e-10*x1)*sin(x1 - 0.00020025943533547076) - 7.94985903882776e-9*(2.4579776188373993e-10*x1 - 2.2663455536081969e-10)**2 - 4.5881718751725458e-9*exp(4*x1) + 0.0069594201597113479*exp(sin(x1 - 0.00020025943533547076)) + 0.8380187653509843*sin(x1 - 0.00020025943533547076) - 0.007756877969868281*sin((-1.0012832170223428*exp(4*x1) - 0.0009333643014238717)**3 - 0.0022157586991460405) + 0.01087421522522649*sin(1.0001745287891516*exp(4*x1) + 1.909206230871662) + 0.179403004851971*sin(sin(x1 - 0.00020025943533547076)) - 0.013616075015034948,0.00695942015971135*exp(sin(x1 - 0.00020025943533547076)) + 0.838018765350984*sin(x1 - 0.00020025943533547076) - 0.00775687796986828*sin((-1.0012832170223428*exp(4*x1) - 0.0009333643014238717)**3 - 0.0022157586991460405) + 0.0108742152252265*sin(1.0001745287891516*exp(4*x1) + 1.909206230871662) + 0.179403004851971*sin(sin(x1 - 0.00020025943533547076)) - 0.0136160750150349,1.7087286467257668e-60*x**6 - 5.4194543866901792e-21*x**2 + 0.01087421522522649*(2.2663455536081969e-10 - 2.4579776188373993e-10*x)*sin(x - 0.00020025943533547076) - 7.94985903882776e-9*(2.4579776188373993e-10*x - 2.2663455536081969e-10)**2 - 4.5881718751725458e-9*exp(4*x) + 0.0069594201597113479*exp(sin(x - 0.00020025943533547076)) + 0.8380187653509843*sin(x - 0.00020025943533547076) - 0.007756877969868281*sin((-1.0012832170223428*exp(4*x) - 0.0009333643014238717)**3 - 0.0022157586991460405) + 0.01087421522522649*sin(1.0001745287891516*exp(4*x) + 1.909206230871662) + 0.179403004851971*sin(sin(x - 0.00020025943533547076)) - 0.013616075015034948,0.00695942015971135*exp(sin(x - 0.00020025943533547076)) + 0.838018765350984*sin(x - 0.00020025943533547076) - 0.00775687796986828*sin((-1.0012832170223428*exp(4*x) - 0.0009333643014238717)**3 - 0.0022157586991460405) + 0.0108742152252265*sin(1.0001745287891516*exp(4*x) + 1.909206230871662) + 0.179403004851971*sin(sin(x - 0.00020025943533547076)) - 0.0136160750150349
SRB-2026-06-25-1715,sin-noise-2,26,6.047591182802616e-05,6.998506075037957e-05,127,99,-1.0709683401327262e-8*((exp(x1) + sin(x1 + 0.006502459570078599) + 0.013004919140157199)**2 + exp(x1) + sin(x1 - 0.0026154107509272183) - 0.0038593212476744545)**2 - 1.0709683401327262e-8*exp(x1) - 0.05801768166414096*sin(1.0236418401513528*(exp(x1) + 0.006502459570078599)*(exp(x1) + 1.0)**2) + 0.009569478137275265*sin(1.037041159191948*(exp(x1 + sin(x1 + 0.006502459570078599)) + 1.0)**2*((exp(x1) + sin(x1 + 0.006502459570078599) + 0.013004919140157199)**2 + exp(x1) + 0.006502459570078599)*exp(exp(x1))) + 1.0162271167087369*sin(x1 - 0.0026154107509272183) - 0.06758715980141623*sin(x1 + 0.006502459570078599) + 0.05854448334113078*sin(sin(1.0236418401513528*(exp(x1) + 0.006502459570078599)*(exp(x1) + 1.0)**2) - 9.512221223007157e-6) + 0.05854448334113078*sin(sin(x1 + 0.006502459570078599) - 0.029049082564601796) - 0.0011325163224406437*sin(x1 + 3*sin(x1 + 0.006502459570078599) + 0.016891967959308578) - 0.00066347159606186534,-0.058017681664141*sin(1.0236418401513528*(exp(x1) + 0.006502459570078599)*(exp(x1) + 1)**2) + 0.00956947813727527*sin(1.037041159191948*(exp(x1 + sin(x1 + 0.006502459570078599)) + 1)**2*((exp(x1) + sin(x1 + 0.006502459570078599) + 0.013004919140157199)**2 + exp(x1) + 0.006502459570078599)*exp(exp(x1))) + 1.01622711670874*sin(x1 - 0.0026154107509272183) - 0.0675871598014162*sin(x1 + 0.006502459570078599) + 0.0585444833411308*sin(sin(x1 + 0.006502459570078599) - 0.029049082564601796) - 0.00113251632244064*sin(x1 + 3*sin(x1 + 0.006502459570078599) + 0.016891967959308578) + 0.0585444833411308*sin(sin(1.0236418401513528*(exp(x1) + 0.006502459570078599)*(exp(x1) + 1)**2)) - 0.000663471596061865,-1.0709683401327262e-8*((exp(x) + sin(x + 0.006502459570078599) + 0.013004919140157199)**2 + exp(x) + sin(x - 0.0026154107509272183) - 0.0038593212476744545)**2 - 1.0709683401327262e-8*exp(x) - 0.05801768166414096*sin(1.0236418401513528*(exp(x) + 0.006502459570078599)*(exp(x) + 1.0)**2) + 0.009569478137275265*sin(1.037041159191948*(exp(x + sin(x + 0.006502459570078599)) + 1.0)**2*((exp(x) + sin(x + 0.006502459570078599) + 0.013004919140157199)**2 + exp(x) + 0.006502459570078599)*exp(exp(x))) + 1.0162271167087369*sin(x - 0.0026154107509272183) - 0.06758715980141623*sin(x + 0.006502459570078599) + 0.05854448334113078*sin(sin(1.0236418401513528*(exp(x) + 0.006502459570078599)*(exp(x) + 1.0)**2) - 9.512221223007157e-6) + 0.05854448334113078*sin(sin(x + 0.006502459570078599) - 0.029049082564601796) - 0.0011325163224406437*sin(x + 3*sin(x + 0.006502459570078599) + 0.016891967959308578) - 0.00066347159606186534,-0.058017681664141*sin(1.0236418401513528*(exp(x) + 0.006502459570078599)*(exp(x) + 1)**2) + 0.00956947813727527*sin(1.037041159191948*(exp(x + sin(x + 0.006502459570078599)) + 1)**2*((exp(x) + sin(x + 0.006502459570078599) + 0.013004919140157199)**2 + exp(x) + 0.006502459570078599)*exp(exp(x))) + 1.01622711670874*sin(x - 0.0026154107509272183) - 0.0675871598014162*sin(x + 0.006502459570078599) + 0.0585444833411308*sin(sin(x + 0.006502459570078599) - 0.029049082564601796) - 0.00113251632244064*sin(x + 3*sin(x + 0.006502459570078599) + 0.016891967959308578) + 0.0585444833411308*sin(sin(1.0236418401513528*(exp(x) + 0.006502459570078599)*(exp(x) + 1)**2)) - 0.000663471596061865
SRB-2026-06-25-1715,sin-noise-2,27,6.212581826750465e-05,6.64339485081624e-05,90,55,-0.0075121603793985159*x1*(x1 + 0.019103451695811709)**2 + 0.033516230623820398*x1 + 1.5703406188556608e-21*(x1 - sin(x1) - 0.023150882752549123)**3 + 0.003998912651369747*(x1 - sin(x1) + sin(sin(x1) + 0.06272574842006504) - 0.0440579421624058)**3 - 1.8801805553286358e-33*exp((x1 - sin(x1) - 0.023150882752549123)**3 + 2.042257397301838*exp(x1)) + 1.5703406188556608e-21*exp(2.042257397301838*exp(x1)) + 0.0079937311693825382*exp(sin(x1)) + 0.93408695457190153*sin(x1) + 0.008948196798268287*sin(exp(2.042257397301838*exp(x1)) + 0.0025376702631813) + 0.025869311828900676*sin(sin(x1) + 0.06272574842006504) - 0.01405720511613713,-0.00751216037939852*x1*(x1 + 0.0191034516958117)**2 + 0.0335162306238204*x1 + 0.00399891265136975*(x1 - sin(x1) + sin(sin(x1) + 0.06272574842006504) - 0.0440579421624058)**3 + 0.00799373116938254*exp(sin(x1)) + 0.934086954571901*sin(x1) + 0.00894819679826829*sin(exp(2.042257397301838*exp(x1)) + 0.0025376702631813) + 0.0258693118289007*sin(sin(x1) + 0.06272574842006504) - 0.0140572051161371,-0.0075121603793985159*x*(x + 0.019103451695811709)**2 + 0.033516230623820398*x + 1.5703406188556608e-21*(x - sin(x) - 0.023150882752549123)**3 + 0.003998912651369747*(x - sin(x) + sin(sin(x) + 0.06272574842006504) - 0.0440579421624058)**3 - 1.8801805553286358e-33*exp((x - sin(x) - 0.023150882752549123)**3 + 2.042257397301838*exp(x)) + 1.5703406188556608e-21*exp(2.042257397301838*exp(x)) + 0.0079937311693825382*exp(sin(x)) + 0.93408695457190153*sin(x) + 0.008948196798268287*sin(exp(2.042257397301838*exp(x)) + 0.0025376702631813) + 0.025869311828900676*sin(sin(x) + 0.06272574842006504) - 0.01405720511613713,-0.00751216037939852*x*(x + 0.0191034516958117)**2 + 0.0335162306238204*x + 0.00399891265136975*(x - sin(x) + sin(sin(x) + 0.06272574842006504) - 0.0440579421624058)**3 + 0.00799373116938254*exp(sin(x)) + 0.934086954571901*sin(x) + 0.00894819679826829*sin(exp(2.042257397301838*exp(x)) + 0.0025376702631813) + 0.0258693118289007*sin(sin(x) + 0.06272574842006504) - 0.0140572051161371
SRB-2026-06-25-1715,sin-noise-2,28,6.487964432434431e-05,6.488718267475289e-05,75,45,-9.760156747129453e-6*x1**3 - 3.326734458912689e-16*x1 - 0.07511395066509242*(-sin(x1)**3 - 0.0021437615703764666*sin(x1)**2 + sin(x1))**3 - 3.4664524763864655e-16*exp(x1**3) - 0.00016102640083497896*sin(x1)**2 + 0.9982502205972672*sin(x1) - 0.00918612415446955*sin(2*x1 + 2.0839970963714621*exp(x1**3) + 0.9328942679375752) + 0.00032076915779322717 + 0.95969423541054202*(5.995568761602211e-15*x1 - 2.775994675880126e-16)*exp(-x1**3)/x1**3,-0.0751139506650924*(-sin(x1)**3 - 0.00214376157037647*sin(x1)**2 + sin(x1))**3 - 0.000161026400834979*sin(x1)**2 + 0.998250220597267*sin(x1) - 0.00918612415446955*sin(2*x1 + 2.0839970963714621*exp(x1**3) + 0.9328942679375752) + 0.000320769157793227,-9.760156747129453e-6*x**3 - 3.326734458912689e-16*x - 0.07511395066509242*(-sin(x)**3 - 0.0021437615703764666*sin(x)**2 + sin(x))**3 - 3.4664524763864655e-16*exp(x**3) - 0.00016102640083497896*sin(x)**2 + 0.9982502205972672*sin(x) - 0.00918612415446955*sin(2*x + 2.0839970963714621*exp(x**3) + 0.9328942679375752) + 0.00032076915779322717 + 0.95969423541054202*(5.995568761602211e-15*x - 2.775994675880126e-16)*exp(-x**3)/x**3,-0.0751139506650924*(-sin(x)**3 - 0.00214376157037647*sin(x)**2 + sin(x))**3 - 0.000161026400834979*sin(x)**2 + 0.998250220597267*sin(x) - 0.00918612415446955*sin(2*x + 2.0839970963714621*exp(x**3) + 0.9328942679375752) + 0.000320769157793227
SRB-2026-06-25-1715,sin-noise-2,29,6.675163690985474e-05,6.675144189007007e-05,84,84,0.018845172292374736*x1 - 0.001489377511943803*(x1 + 0.026612663252705164)**3 - 0.0016747747230782613*(x1 + 1.023413742882494)**3 + 0.018981102286083712*(sin(x1 + sin(x1) + 1.994527651081156) - 0.035240315212972227)**2 + 0.004873834384079068*exp(x1) + 0.018981102286083712*exp(sin(x1)) + 0.94075033951609183*sin(x1) + 0.018845172292374736*sin(x1 + sin(x1) + sin(2*x1 + 0.017985171269130823) + 0.017985171269130823) + 0.012910604636654863*cos(0.017985171269130823*x1 + 0.018141009469859999*exp(x1) + 0.018311563970991237*exp(1.008664816053025*exp(x1)) + 0.017985171269130823*cos(sin(x1) + 0.00935767928555648) + 0.00016829946463233105) - 0.044510840269702163,0.0188451722923747*x1 - 0.0014893775119438*(x1 + 0.0266126632527052)**3 - 0.00167477472307826*(x1 + 1.02341374288249)**3 + 0.0189811022860837*(sin(x1 + sin(x1) + 1.994527651081156) - 0.0352403152129722)**2 + 0.00487383438407907*exp(x1) + 0.0189811022860837*exp(sin(x1)) + 0.940750339516092*sin(x1) + 0.0188451722923747*sin(x1 + sin(x1) + sin(2*x1 + 0.017985171269130823) + 0.017985171269130823) + 0.0129106046366549*cos(0.017985171269130823*x1 + 0.018141009469859999*exp(x1) + 0.018311563970991237*exp(1.008664816053025*exp(x1)) + 0.017985171269130823*cos(sin(x1) + 0.00935767928555648) + 0.00016829946463233105) - 0.0445108402697022,0.018845172292374736*x - 0.001489377511943803*(x + 0.026612663252705164)**3 - 0.0016747747230782613*(x + 1.023413742882494)**3 + 0.018981102286083712*(sin(x + sin(x) + 1.994527651081156) - 0.035240315212972227)**2 + 0.004873834384079068*exp(x) + 0.018981102286083712*exp(sin(x)) + 0.94075033951609183*sin(x) + 0.018845172292374736*sin(x + sin(x) + sin(2*x + 0.017985171269130823) + 0.017985171269130823) + 0.012910604636654863*cos(0.017985171269130823*x + 0.018141009469859999*exp(x) + 0.018311563970991237*exp(1.008664816053025*exp(x)) + 0.017985171269130823*cos(sin(x) + 0.00935767928555648) + 0.00016829946463233105) - 0.044510840269702163,0.0188451722923747*x - 0.0014893775119438*(x + 0.0266126632527052)**3 - 0.00167477472307826*(x + 1.02341374288249)**3 + 0.0189811022860837*(sin(x + sin(x) + 1.994527651081156) - 0.0352403152129722)**2 + 0.00487383438407907*exp(x) + 0.0189811022860837*exp(sin(x)) + 0.940750339516092*sin(x) + 0.0188451722923747*sin(x + sin(x) + sin(2*x + 0.017985171269130823) + 0.017985171269130823) + 0.0129106046366549*cos(0.017985171269130823*x + 0.018141009469859999*exp(x) + 0.018311563970991237*exp(1.008664816053025*exp(x)) + 0.017985171269130823*cos(sin(x) + 0.00935767928555648) + 0.00016829946463233105) - 0.0445108402697022
SRB-2026-06-25-1715,sin-noise-2,30,6.077852748741403e-05,6.077846951815962e-05,104,56,1.2031782590456014e-14*x1**4 + 2.5045504298486897e-14*x1**2*(x1**2 + 3.71828182845905)*(cos(x1) + 2.274661704637116) - 0.0002181698715344077*(x1 + 2*cos(x1) + 4.549323409274232)**2 - 3.4898967977259954e-25*(exp(x1) + 89.38778067649528*exp(exp(x1)) + 2.875449068138521)**2 + 0.00063735007350163798*exp(x1) + 4.6602341759363e-12*exp(exp(x1)) + 0.005717748587883099*sin(x1**2 + 3.71828182845905) - 0.9980369390424708*cos(x1 + 1.578918614548177) + 0.002973875836066645*cos(1.4803968986634821*x1**2 - 2.3713438866833267) - 3.4898967977259954e-25*cos(0.3042569099110611/(cos(x1) + 2.274661704637116)) - 0.007421110384313498*cos(x1 - exp(x1) - 89.38778067649528*exp(exp(x1)) + 1.5456323173133022) + 0.004078674846417951,-0.000218169871534408*(x1 + 2*cos(x1) + 4.54932340927423)**2 + 0.000637350073501638*exp(x1) + 0.0057177485878831*sin(x1**2 + 3.71828182845905) - 0.998036939042471*cos(x1 + 1.578918614548177) + 0.00297387583606665*cos(1.4803968986634821*x1**2 - 2.3713438866833267) - 0.0074211103843135*cos(x1 - exp(x1) - 89.38778067649528*exp(exp(x1)) + 1.5456323173133022) + 0.00407867484641795,1.2031782590456014e-14*x**4 + 2.5045504298486897e-14*x**2*(x**2 + 3.71828182845905)*(cos(x) + 2.274661704637116) - 0.0002181698715344077*(x + 2*cos(x) + 4.549323409274232)**2 - 3.4898967977259954e-25*(exp(x) + 89.38778067649528*exp(exp(x)) + 2.875449068138521)**2 + 0.00063735007350163798*exp(x) + 4.6602341759363e-12*exp(exp(x)) + 0.005717748587883099*sin(x**2 + 3.71828182845905) - 0.9980369390424708*cos(x + 1.578918614548177) + 0.002973875836066645*cos(1.4803968986634821*x**2 - 2.3713438866833267) - 3.4898967977259954e-25*cos(0.3042569099110611/(cos(x) + 2.274661704637116)) - 0.007421110384313498*cos(x - exp(x) - 89.38778067649528*exp(exp(x)) + 1.5456323173133022) + 0.004078674846417951,-0.000218169871534408*(x + 2*cos(x) + 4.54932340927423)**2 + 0.000637350073501638*exp(x) + 0.0057177485878831*sin(x**2 + 3.71828182845905) - 0.998036939042471*cos(x + 1.578918614548177) + 0.00297387583606665*cos(1.4803968986634821*x**2 - 2.3713438866833267) - 0.0074211103843135*cos(x - exp(x) - 89.38778067649528*exp(exp(x)) + 1.5456323173133022) + 0.00407867484641795
SRB-2026-06-25-1715,sin-noise-2,31,6.548428441422603e-05,6.548533590928135e-05,80,80,-0.0032519424475642486*x1 - 0.010221180578695549*sin(x1) + 1.0124183517721247*sin(x1 - 0.015255628287454682) - 0.006739290216380756*sin(1.0153725893995243*exp(x1) + 1.8276420858074598) + 0.009217287769989882*sin(2.323088880392615*exp(x1 + 1.0153725893995243*exp(x1)) - sin(1.0153725893995243*exp(x1) + 1.8276420858074598) + cos(x1) - 5.5507525165348482) + 0.008595209354913425*cos(x1) + 0.005458332062916975*cos(sin(x1) + sin(x1 - 0.015255628287454682) + sin(1.0153725893995243*exp(x1) + 1.8276420858074598) - cos(x1) - 3.9920914992881657) - 0.0026051573923823994*cos(sin(x1)) + 0.0054677368790210361,-0.00325194244756425*x1 - 0.0102211805786955*sin(x1) + 1.01241835177212*sin(x1 - 0.015255628287454682) - 0.00673929021638076*sin(1.0153725893995243*exp(x1) + 1.8276420858074598) + 0.00921728776998988*sin(2.323088880392615*exp(x1 + 1.0153725893995243*exp(x1)) - sin(1.0153725893995243*exp(x1) + 1.8276420858074598) + cos(x1) - 5.5507525165348482) + 0.00859520935491342*cos(x1) + 0.00545833206291698*cos(sin(x1) + sin(x1 - 0.015255628287454682) + sin(1.0153725893995243*exp(x1) + 1.8276420858074598) - cos(x1) - 3.9920914992881657) - 0.0026051573923824*cos(sin(x1)) + 0.00546773687902104,-0.0032519424475642486*x - 0.010221180578695549*sin(x) + 1.0124183517721247*sin(x - 0.015255628287454682) - 0.006739290216380756*sin(1.0153725893995243*exp(x) + 1.8276420858074598) + 0.009217287769989882*sin(2.323088880392615*exp(x + 1.0153725893995243*exp(x)) - sin(1.0153725893995243*exp(x) + 1.8276420858074598) + cos(x) - 5.5507525165348482) + 0.008595209354913425*cos(x) + 0.005458332062916975*cos(sin(x) + sin(x - 0.015255628287454682) + sin(1.0153725893995243*exp(x) + 1.8276420858074598) - cos(x) - 3.9920914992881657) - 0.0026051573923823994*cos(sin(x)) + 0.0054677368790210361,-0.00325194244756425*x - 0.0102211805786955*sin(x) + 1.01241835177212*sin(x - 0.015255628287454682) - 0.00673929021638076*sin(1.0153725893995243*exp(x) + 1.8276420858074598) + 0.00921728776998988*sin(2.323088880392615*exp(x + 1.0153725893995243*exp(x)) - sin(1.0153725893995243*exp(x) + 1.8276420858074598) + cos(x) - 5.5507525165348482) + 0.00859520935491342*cos(x) + 0.00545833206291698*cos(sin(x) + sin(x - 0.015255628287454682) + sin(1.0153725893995243*exp(x) + 1.8276420858074598) - cos(x) - 3.9920914992881657) - 0.0026051573923824*cos(sin(x)) + 0.00546773687902104
SRB-2026-06-25-1715,sin-noise-2,32,6.410844008606557e-05,6.410834901021641e-05,306,255,-3.020703654241949e-8*x1**3*(x1**2 + 2.0003460593116604)**3*(cos(5.8873901732370738*x1**2) + cos(17.649027039436178*x1**2*((0.00969392340287465 - x1)**3 + 0.99982697533398917)) + 0.5403023058681398)**3 + 0.0016771308115210792*x1**2 - 0.0013593882261860446*x1 + 3.205726175352293e-6*(-x1**2 + 2*x1 - 1.98139733052327)**3 + 0.9925303015549148*sin(x1) - 0.006035043854940637*sin(x1**2 - sin(x1) + 0.9819534116062841) + 0.001960522853148171*sin(-x1**2 + 2*x1 + sin(x1) + 0.0173609073973893) + 0.0011563079910955742*cos(5.8873901732370738*x1**2) + 0.0011563079910955742*cos(17.649027039436178*x1**2*((0.00969392340287465 - x1)**3 + 0.99982697533398917)) + 0.0051689236606226015*cos(((-x1**2 + 2*x1 - 1.98139733052327)**3 + 1)*(sin(x1**2 - sin(x1) + 0.9819534116062841) + cos(x1 - 4.0097003610298687))*(2*x1**2 - 2*x1 + 3.5406483651798002)*(3*x1 + (0.00969392340287465 - x1)**3 + sin(x1) + 1.0184296448107193)) + 0.0051689236606226015*cos(3.0*(2*x1 + 0.9801491308169347)*((-x1 - 2.51110357259386)**3 + 0.5410557969195898)*((-x1**2 + 2*x1 - 1.98139733052327)**3 + 1)*(2*x1**2 - 2*x1 + 3.5406483651798002)*(3*x1 + (0.00969392340287465 - x1)**3 + sin(x1) + 1.0184296448107193)) - 0.006035043854940637*cos(x1 - 4.0097003610298687) + 0.0003177425853350346*cos(sin(x1) - sin(x1**2 - sin(x1) + 0.9819534116062841) - cos(x1 - 4.0097003610298687) + 0.018602669476730158) - 0.001960522853148171*cos(-16.39291576602724*x1**3*(x1**2 + 2.0)**3 + 2*x1**2 + x1 + (-x1**2 + 2*x1 - 1.98139733052327)**3 - 2*sin(x1) + cos(sin(x1) - 0.96262270929979636) + 4.512778015063566) - 0.0025488420102148711,0.00167713081152108*x1**2 - 0.00135938822618604*x1 + 0.992530301554915*sin(x1) - 0.00603504385494064*sin(x1**2 - sin(x1) + 0.9819534116062841) + 0.00196052285314817*sin(-x1**2 + 2*x1 + sin(x1) + 0.0173609073973893) + 0.00115630799109557*cos(5.8873901732370738*x1**2) + 0.00115630799109557*cos(17.649027039436178*x1**2*((0.00969392340287465 - x1)**3 + 0.99982697533398917)) + 0.0051689236606226*cos(((-x1**2 + 2*x1 - 1.98139733052327)**3 + 1)*(sin(x1**2 - sin(x1) + 0.9819534116062841) + cos(x1 - 4.0097003610298687))*(2*x1**2 - 2*x1 + 3.5406483651798002)*(3*x1 + (0.00969392340287465 - x1)**3 + sin(x1) + 1.0184296448107193)) + 0.0051689236606226*cos(3*(2*x1 + 0.9801491308169347)*((-x1 - 2.51110357259386)**3 + 0.5410557969195898)*((-x1**2 + 2*x1 - 1.98139733052327)**3 + 1)*(2*x1**2 - 2*x1 + 3.5406483651798002)*(3*x1 + (0.00969392340287465 - x1)**3 + sin(x1) + 1.0184296448107193)) - 0.00603504385494064*cos(x1 - 4.0097003610298687) + 0.000317742585335035*cos(sin(x1) - sin(x1**2 - sin(x1) + 0.9819534116062841) - cos(x1 - 4.0097003610298687) + 0.018602669476730158) - 0.00196052285314817*cos(-16.39291576602724*x1**3*(x1**2 + 2)**3 + 2*x1**2 + x1 + (-x1**2 + 2*x1 - 1.98139733052327)**3 - 2*sin(x1) + cos(sin(x1) - 0.96262270929979636) + 4.512778015063566) - 0.00254884201021487,-3.020703654241949e-8*x**3*(x**2 + 2.0003460593116604)**3*(cos(5.8873901732370738*x**2) + cos(17.649027039436178*x**2*((0.00969392340287465 - x)**3 + 0.99982697533398917)) + 0.5403023058681398)**3 + 0.0016771308115210792*x**2 - 0.0013593882261860446*x + 3.205726175352293e-6*(-x**2 + 2*x - 1.98139733052327)**3 + 0.9925303015549148*sin(x) - 0.006035043854940637*sin(x**2 - sin(x) + 0.9819534116062841) + 0.001960522853148171*sin(-x**2 + 2*x + sin(x) + 0.0173609073973893) + 0.0011563079910955742*cos(5.8873901732370738*x**2) + 0.0011563079910955742*cos(17.649027039436178*x**2*((0.00969392340287465 - x)**3 + 0.99982697533398917)) + 0.0051689236606226015*cos(((-x**2 + 2*x - 1.98139733052327)**3 + 1)*(sin(x**2 - sin(x) + 0.9819534116062841) + cos(x - 4.0097003610298687))*(2*x**2 - 2*x + 3.5406483651798002)*(3*x + (0.00969392340287465 - x)**3 + sin(x) + 1.0184296448107193)) + 0.0051689236606226015*cos(3.0*(2*x + 0.9801491308169347)*((-x - 2.51110357259386)**3 + 0.5410557969195898)*((-x**2 + 2*x - 1.98139733052327)**3 + 1)*(2*x**2 - 2*x + 3.5406483651798002)*(3*x + (0.00969392340287465 - x)**3 + sin(x) + 1.0184296448107193)) - 0.006035043854940637*cos(x - 4.0097003610298687) + 0.0003177425853350346*cos(sin(x) - sin(x**2 - sin(x) + 0.9819534116062841) - cos(x - 4.0097003610298687) + 0.018602669476730158) - 0.001960522853148171*cos(-16.39291576602724*x**3*(x**2 + 2.0)**3 + 2*x**2 + x + (-x**2 + 2*x - 1.98139733052327)**3 - 2*sin(x) + cos(sin(x) - 0.96262270929979636) + 4.512778015063566) - 0.0025488420102148711,0.00167713081152108*x**2 - 0.00135938822618604*x + 0.992530301554915*sin(x) - 0.00603504385494064*sin(x**2 - sin(x) + 0.9819534116062841) + 0.00196052285314817*sin(-x**2 + 2*x + sin(x) + 0.0173609073973893) + 0.00115630799109557*cos(5.8873901732370738*x**2) + 0.00115630799109557*cos(17.649027039436178*x**2*((0.00969392340287465 - x)**3 + 0.99982697533398917)) + 0.0051689236606226*cos(((-x**2 + 2*x - 1.98139733052327)**3 + 1)*(sin(x**2 - sin(x) + 0.9819534116062841) + cos(x - 4.0097003610298687))*(2*x**2 - 2*x + 3.5406483651798002)*(3*x + (0.00969392340287465 - x)**3 + sin(x) + 1.0184296448107193)) + 0.0051689236606226*cos(3*(2*x + 0.9801491308169347)*((-x - 2.51110357259386)**3 + 0.5410557969195898)*((-x**2 + 2*x - 1.98139733052327)**3 + 1)*(2*x**2 - 2*x + 3.5406483651798002)*(3*x + (0.00969392340287465 - x)**3 + sin(x) + 1.0184296448107193)) - 0.00603504385494064*cos(x - 4.0097003610298687) + 0.000317742585335035*cos(sin(x) - sin(x**2 - sin(x) + 0.9819534116062841) - cos(x - 4.0097003610298687) + 0.018602669476730158) - 0.00196052285314817*cos(-16.39291576602724*x**3*(x**2 + 2)**3 + 2*x**2 + x + (-x**2 + 2*x - 1.98139733052327)**3 - 2*sin(x) + cos(sin(x) - 0.96262270929979636) + 4.512778015063566) - 0.00254884201021487
SRB-2026-06-25-1715-L2,sin-noise-0,1,0.010000000001,2.0928596821776095e-28,6,2,0.999999999999979*sin(x1) - 8.030973482802198e-17,sin(x1),0.999999999999979*sin(x) - 8.030973482802198e-17,sin(x)
SRB-2026-06-25-1715-L2,sin-noise-0,2,0.010000000001,2.0928596821776095e-28,6,2,0.999999999999979*sin(x1) - 7.997664597095328e-17,sin(x1),0.999999999999979*sin(x) - 7.997664597095328e-17,sin(x)
SRB-2026-06-25-1715-L2,sin-noise-0,3,0.010000000001,2.0928596821776095e-28,6,2,0.999999999999979*sin(x1) - 8.048252954926186e-17,sin(x1),0.999999999999979*sin(x) - 8.048252954926186e-17,sin(x)
SRB-2026-06-25-1715-L2,sin-noise-0,4,0.010000000001,2.0928596821776095e-28,6,2,0.999999999999979*sin(x1) - 8.001412032943023e-17,sin(x1),0.999999999999979*sin(x) - 8.001412032943023e-17,sin(x)
SRB-2026-06-25-1715-L2,sin-noise-0,5,0.010000000001,2.0928596821776095e-28,6,2,0.999999999999979*sin(x1) - 8.02851708725516e-17,sin(x1),0.999999999999979*sin(x) - 8.02851708725516e-17,sin(x)
SRB-2026-06-25-1715-L2,sin-noise-0,6,0.010000000001,2.0928597369462425e-28,6,2,0.999999999999979*sin(x1) - 8.135582051788104e-17,sin(x1),0.999999999999979*sin(x) - 8.135582051788104e-17,sin(x)
SRB-2026-06-25-1715-L2,sin-noise-0,7,0.010000000001,2.0928596821776095e-28,6,2,0.999999999999979*sin(x1) - 7.99766459709532e-17,sin(x1),0.999999999999979*sin(x) - 7.99766459709532e-17,sin(x)
SRB-2026-06-25-1715-L2,sin-noise-0,8,0.010000000001,2.0928596821776095e-28,6,2,0.999999999999979*sin(x1) - 8.061043152429725e-17,sin(x1),0.999999999999979*sin(x) - 8.061043152429725e-17,sin(x)
SRB-2026-06-25-1715-L2,sin-noise-0,9,0.010000000001,2.0928435097827545e-28,6,2,0.999999999999979*sin(x1) - 7.110814597859234e-17,sin(x1),0.999999999999979*sin(x) - 7.110814597859234e-17,sin(x)
SRB-2026-06-25-1715-L2,sin-noise-0,10,0.010000000001,2.0928596821776095e-28,6,2,0.999999999999979*sin(x1) - 8.03584392224891e-17,sin(x1),0.999999999999979*sin(x) - 8.03584392224891e-17,sin(x)
SRB-2026-06-25-1715-L2,sin-noise-0,11,0.010000000001,2.0928596821776095e-28,6,2,0.999999999999979*sin(x1) - 7.997664597095321e-17,sin(x1),0.999999999999979*sin(x) - 7.997664597095321e-17,sin(x)
SRB-2026-06-25-1715-L2,sin-noise-0,12,0.010000000001,2.0928596821776095e-28,6,2,0.999999999999979*sin(x1) - 8.04410249348464e-17,sin(x1),0.999999999999979*sin(x) - 8.04410249348464e-17,sin(x)
SRB-2026-06-25-1715-L2,sin-noise-0,13,0.010000000001,2.0928597369462425e-28,6,2,0.999999999999979*sin(x1) - 8.131516293641283e-17,sin(x1),0.999999999999979*sin(x) - 8.131516293641283e-17,sin(x)
SRB-2026-06-25-1715-L2,sin-noise-0,14,0.010000000001,2.0928596821776095e-28,6,2,0.999999999999979*sin(x1) - 8.017675065530305e-17,sin(x1),0.999999999999979*sin(x) - 8.017675065530305e-17,sin(x)
SRB-2026-06-25-1715-L2,sin-noise-0,15,0.010000000001,2.0928596821776095e-28,6,2,0.999999999999979*sin(x1) - 8.020385570961519e-17,sin(x1),0.999999999999979*sin(x) - 8.020385570961519e-17,sin(x)
SRB-2026-06-25-1715-L2,sin-noise-0,16,0.010000000001,2.0928596821776095e-28,6,2,0.999999999999979*sin(x1) - 8.028855900434062e-17,sin(x1),0.999999999999979*sin(x) - 8.028855900434062e-17,sin(x)
SRB-2026-06-25-1715-L2,sin-noise-0,17,0.010000000001,2.0928596821776095e-28,6,2,0.999999999999979*sin(x1) - 8.01665597901564e-17,sin(x1),0.999999999999979*sin(x) - 8.01665597901564e-17,sin(x)
SRB-2026-06-25-1715-L2,sin-noise-0,18,0.010000000001,2.0928596821776095e-28,6,2,0.999999999999979*sin(x1) - 7.997664597095291e-17,sin(x1),0.999999999999979*sin(x) - 7.997664597095291e-17,sin(x)
SRB-2026-06-25-1715-L2,sin-noise-0,19,0.010000000001,2.092859487779056e-28,6,2,0.999999999999979*sin(x1) - 8.196568423990414e-17,sin(x1),0.999999999999979*sin(x) - 8.196568423990414e-17,sin(x)
SRB-2026-06-25-1715-L2,sin-noise-0,20,0.010000000001,2.0928596821776095e-28,6,2,0.999999999999979*sin(x1) - 8.038512076032761e-17,sin(x1),0.999999999999979*sin(x) - 8.038512076032761e-17,sin(x)
SRB-2026-06-25-1715-L2,sin-noise-0,21,0.010000000001,2.0928596821776095e-28,6,2,0.999999999999979*sin(x1) - 7.997664597095316e-17,sin(x1),0.999999999999979*sin(x) - 7.997664597095316e-17,sin(x)
SRB-2026-06-25-1715-L2,sin-noise-0,22,0.010000000001,2.0928596821776095e-28,6,2,0.999999999999979*sin(x1) - 7.997664597095316e-17,sin(x1),0.999999999999979*sin(x) - 7.997664597095316e-17,sin(x)
SRB-2026-06-25-1715-L2,sin-noise-0,23,0.010000000001,2.0928596821776095e-28,6,2,0.999999999999979*sin(x1) - 8.018860911656461e-17,sin(x1),0.999999999999979*sin(x) - 8.018860911656461e-17,sin(x)
SRB-2026-06-25-1715-L2,sin-noise-0,24,0.010000000001,2.0928596821776095e-28,6,2,0.999999999999979*sin(x1) - 8.027500647718455e-17,sin(x1),0.999999999999979*sin(x) - 8.027500647718455e-17,sin(x)
SRB-2026-06-25-1715-L2,sin-noise-0,25,0.010000000001,2.0928596821776095e-28,6,2,0.999999999999979*sin(x1) - 8.037665043085507e-17,sin(x1),0.999999999999979*sin(x) - 8.037665043085507e-17,sin(x)
SRB-2026-06-25-1715-L2,sin-noise-0,26,0.010000000001,2.0928596821776095e-28,6,2,0.999999999999979*sin(x1) - 8.033091065170334e-17,sin(x1),0.999999999999979*sin(x) - 8.033091065170334e-17,sin(x)
SRB-2026-06-25-1715-L2,sin-noise-0,27,0.010000000001,2.092064211721561e-28,6,2,0.999999999999979*sin(x1) - 8.359198749863239e-17,sin(x1),0.999999999999979*sin(x) - 8.359198749863239e-17,sin(x)
SRB-2026-06-25-1715-L2,sin-noise-0,28,0.010000000001,2.0928596821776095e-28,6,2,0.9999999999999791*sin(x1) - 8.001412032943023e-17,sin(x1),0.9999999999999791*sin(x) - 8.001412032943023e-17,sin(x)
SRB-2026-06-25-1715-L2,sin-noise-0,29,0.010000000001,2.0928597369462425e-28,6,2,0.999999999999979*sin(x1) - 8.070868734617875e-17,sin(x1),0.999999999999979*sin(x) - 8.070868734617875e-17,sin(x)
SRB-2026-06-25-1715-L2,sin-noise-0,30,0.010000000001,2.0928597369462425e-28,6,2,0.999999999999979*sin(x1) - 8.12101308509533e-17,sin(x1),0.999999999999979*sin(x) - 8.12101308509533e-17,sin(x)
SRB-2026-06-25-1715-L2,sin-noise-0,31,0.010000000001,2.0928589033796883e-28,6,2,0.999999999999979*sin(x1) - 7.681572392059799e-17,sin(x1),0.999999999999979*sin(x) - 7.681572392059799e-17,sin(x)
SRB-2026-06-25-1715-L2,sin-noise-0,32,0.010000000001,2.0928596821776095e-28,6,2,0.999999999999979*sin(x1) - 7.997664597095326e-17,sin(x1),0.999999999999979*sin(x) - 7.997664597095326e-17,sin(x)
SRB-2026-06-25-1715-L2,sin-noise-1,1,0.01985803461730444,0.009858034616355794,6,6,0.9739867134223519*sin(x1) + 0.001002835949261577,0.973986713422352*sin(x1) + 0.00100283594926158,0.9739867134223519*sin(x) + 0.001002835949261577,0.973986713422352*sin(x) + 0.00100283594926158
SRB-2026-06-25-1715-L2,sin-noise-1,2,0.019858034617304444,0.009858034616355794,6,6,0.9739867134223518*sin(x1) + 0.0010028359492615768,0.973986713422352*sin(x1) + 0.00100283594926158,0.9739867134223518*sin(x) + 0.0010028359492615768,0.973986713422352*sin(x) + 0.00100283594926158
SRB-2026-06-25-1715-L2,sin-noise-1,3,0.01985803461730444,0.009858034616355794,6,6,0.9739867134223519*sin(x1) + 0.001002835949261577,0.973986713422352*sin(x1) + 0.00100283594926158,0.9739867134223519*sin(x) + 0.001002835949261577,0.973986713422352*sin(x) + 0.00100283594926158
SRB-2026-06-25-1715-L2,sin-noise-1,4,0.019858034617304444,0.009858034616355794,6,6,0.9739867134223518*sin(x1) + 0.0010028359492615666,0.973986713422352*sin(x1) + 0.00100283594926157,0.9739867134223518*sin(x) + 0.0010028359492615666,0.973986713422352*sin(x) + 0.00100283594926157
SRB-2026-06-25-1715-L2,sin-noise-1,5,0.01985803461730444,0.009858034616355794,6,6,0.9739867134223519*sin(x1) + 0.001002835949261577,0.973986713422352*sin(x1) + 0.00100283594926158,0.9739867134223519*sin(x) + 0.001002835949261577,0.973986713422352*sin(x) + 0.00100283594926158
SRB-2026-06-25-1715-L2,sin-noise-1,6,0.01985803461730444,0.009858034616355794,6,6,0.9739867134223519*sin(x1) + 0.001002835949261577,0.973986713422352*sin(x1) + 0.00100283594926158,0.9739867134223519*sin(x) + 0.001002835949261577,0.973986713422352*sin(x) + 0.00100283594926158
SRB-2026-06-25-1715-L2,sin-noise-1,7,0.01985803461730444,0.009858034616355794,6,6,0.9739867134223519*sin(x1) + 0.001002835949261577,0.973986713422352*sin(x1) + 0.00100283594926158,0.9739867134223519*sin(x) + 0.001002835949261577,0.973986713422352*sin(x) + 0.00100283594926158
SRB-2026-06-25-1715-L2,sin-noise-1,8,0.01985803461730444,0.009858034616355794,6,6,0.9739867134223519*sin(x1) + 0.001002835949261577,0.973986713422352*sin(x1) + 0.00100283594926158,0.9739867134223519*sin(x) + 0.001002835949261577,0.973986713422352*sin(x) + 0.00100283594926158
SRB-2026-06-25-1715-L2,sin-noise-1,9,0.019858034617304444,0.009858034616355794,6,6,0.9739867134223519*sin(x1) + 0.0010028359492615737,0.973986713422352*sin(x1) + 0.00100283594926157,0.9739867134223519*sin(x) + 0.0010028359492615737,0.973986713422352*sin(x) + 0.00100283594926157
SRB-2026-06-25-1715-L2,sin-noise-1,10,0.01985803461730444,0.009858034616355794,6,6,0.9739867134223519*sin(x1) + 0.001002835949261577,0.973986713422352*sin(x1) + 0.00100283594926158,0.9739867134223519*sin(x) + 0.001002835949261577,0.973986713422352*sin(x) + 0.00100283594926158
SRB-2026-06-25-1715-L2,sin-noise-1,11,0.019858034617304444,0.009858034616355794,6,6,0.9739867134223518*sin(x1) + 0.0010028359492615688,0.973986713422352*sin(x1) + 0.00100283594926157,0.9739867134223518*sin(x) + 0.0010028359492615688,0.973986713422352*sin(x) + 0.00100283594926157
SRB-2026-06-25-1715-L2,sin-noise-1,12,0.01985803461730444,0.009858034616355794,6,6,0.9739867134223519*sin(x1) + 0.001002835949261577,0.973986713422352*sin(x1) + 0.00100283594926158,0.9739867134223519*sin(x) + 0.001002835949261577,0.973986713422352*sin(x) + 0.00100283594926158
SRB-2026-06-25-1715-L2,sin-noise-1,13,0.01985803461730444,0.009858034616355794,6,6,0.9739867134223519*sin(x1) + 0.001002835949261577,0.973986713422352*sin(x1) + 0.00100283594926158,0.9739867134223519*sin(x) + 0.001002835949261577,0.973986713422352*sin(x) + 0.00100283594926158
SRB-2026-06-25-1715-L2,sin-noise-1,14,0.019858034617304444,0.009858034616355794,6,6,0.9739867134223518*sin(x1) + 0.0010028359492615688,0.973986713422352*sin(x1) + 0.00100283594926157,0.9739867134223518*sin(x) + 0.0010028359492615688,0.973986713422352*sin(x) + 0.00100283594926157
SRB-2026-06-25-1715-L2,sin-noise-1,15,0.019858034617304444,0.009858034616355794,6,6,0.9739867134223518*sin(x1) + 0.0010028359492615677,0.973986713422352*sin(x1) + 0.00100283594926157,0.9739867134223518*sin(x) + 0.0010028359492615677,0.973986713422352*sin(x) + 0.00100283594926157
SRB-2026-06-25-1715-L2,sin-noise-1,16,0.01985803461730444,0.009858034616355794,6,6,0.9739867134223519*sin(x1) + 0.001002835949261577,0.973986713422352*sin(x1) + 0.00100283594926158,0.9739867134223519*sin(x) + 0.001002835949261577,0.973986713422352*sin(x) + 0.00100283594926158
SRB-2026-06-25-1715-L2,sin-noise-1,17,0.01985803461730444,0.009858034616355794,6,6,0.9739867134223519*sin(x1) + 0.001002835949261577,0.973986713422352*sin(x1) + 0.00100283594926158,0.9739867134223519*sin(x) + 0.001002835949261577,0.973986713422352*sin(x) + 0.00100283594926158
SRB-2026-06-25-1715-L2,sin-noise-1,18,0.019858034617304444,0.009858034616355794,6,6,0.973986713422352*sin(x1) + 0.001002835949261573,0.973986713422352*sin(x1) + 0.00100283594926157,0.973986713422352*sin(x) + 0.001002835949261573,0.973986713422352*sin(x) + 0.00100283594926157
SRB-2026-06-25-1715-L2,sin-noise-1,19,0.019858034617304444,0.009858034616355794,6,6,0.9739867134223518*sin(x1) + 0.0010028359492615618,0.973986713422352*sin(x1) + 0.00100283594926156,0.9739867134223518*sin(x) + 0.0010028359492615618,0.973986713422352*sin(x) + 0.00100283594926156
SRB-2026-06-25-1715-L2,sin-noise-1,20,0.019858034617304444,0.009858034616355794,6,6,0.9739867134223518*sin(x1) + 0.001002835949261572,0.973986713422352*sin(x1) + 0.00100283594926157,0.9739867134223518*sin(x) + 0.001002835949261572,0.973986713422352*sin(x) + 0.00100283594926157
SRB-2026-06-25-1715-L2,sin-noise-1,21,0.01985803461730444,0.009858034616355794,6,6,0.9739867134223519*sin(x1) + 0.001002835949261577,0.973986713422352*sin(x1) + 0.00100283594926158,0.9739867134223519*sin(x) + 0.001002835949261577,0.973986713422352*sin(x) + 0.00100283594926158
SRB-2026-06-25-1715-L2,sin-noise-1,22,0.01985803461730444,0.009858034616355794,6,6,0.9739867134223519*sin(x1) + 0.001002835949261577,0.973986713422352*sin(x1) + 0.00100283594926158,0.9739867134223519*sin(x) + 0.001002835949261577,0.973986713422352*sin(x) + 0.00100283594926158
SRB-2026-06-25-1715-L2,sin-noise-1,23,0.01985803461730444,0.009858034616355794,6,6,0.9739867134223519*sin(x1) + 0.001002835949261577,0.973986713422352*sin(x1) + 0.00100283594926158,0.9739867134223519*sin(x) + 0.001002835949261577,0.973986713422352*sin(x) + 0.00100283594926158
SRB-2026-06-25-1715-L2,sin-noise-1,24,0.019858034617304444,0.009858034616355794,6,6,0.9739867134223518*sin(x1) + 0.0010028359492615596,0.973986713422352*sin(x1) + 0.00100283594926156,0.9739867134223518*sin(x) + 0.0010028359492615596,0.973986713422352*sin(x) + 0.00100283594926156
SRB-2026-06-25-1715-L2,sin-noise-1,25,0.019858034617304444,0.009858034616355794,6,6,0.9739867134223515*sin(x1) + 0.0010028359492615727,0.973986713422352*sin(x1) + 0.00100283594926157,0.9739867134223515*sin(x) + 0.0010028359492615727,0.973986713422352*sin(x) + 0.00100283594926157
SRB-2026-06-25-1715-L2,sin-noise-1,26,0.019858034617304444,0.009858034616355794,6,6,0.9739867134223518*sin(x1) + 0.0010028359492615679,0.973986713422352*sin(x1) + 0.00100283594926157,0.9739867134223518*sin(x) + 0.0010028359492615679,0.973986713422352*sin(x) + 0.00100283594926157
SRB-2026-06-25-1715-L2,sin-noise-1,27,0.019858034617304444,0.009858034616355794,6,6,0.9739867134223518*sin(x1) + 0.0010028359492615666,0.973986713422352*sin(x1) + 0.00100283594926157,0.9739867134223518*sin(x) + 0.0010028359492615666,0.973986713422352*sin(x) + 0.00100283594926157
SRB-2026-06-25-1715-L2,sin-noise-1,28,0.01985803461730444,0.009858034616355794,6,6,0.9739867134223519*sin(x1) + 0.001002835949261577,0.973986713422352*sin(x1) + 0.00100283594926158,0.9739867134223519*sin(x) + 0.001002835949261577,0.973986713422352*sin(x) + 0.00100283594926158
SRB-2026-06-25-1715-L2,sin-noise-1,29,0.01985803461730444,0.009858034616355794,6,6,0.9739867134223519*sin(x1) + 0.001002835949261577,0.973986713422352*sin(x1) + 0.00100283594926158,0.9739867134223519*sin(x) + 0.001002835949261577,0.973986713422352*sin(x) + 0.00100283594926158
SRB-2026-06-25-1715-L2,sin-noise-1,30,0.01985803461730444,0.009858034616355794,6,6,0.9739867134223519*sin(x1) + 0.001002835949261577,0.973986713422352*sin(x1) + 0.00100283594926158,0.9739867134223519*sin(x) + 0.001002835949261577,0.973986713422352*sin(x) + 0.00100283594926158
SRB-2026-06-25-1715-L2,sin-noise-1,31,0.019858034617304444,0.009858034616355794,6,6,0.9739867134223518*sin(x1) + 0.0010028359492615666,0.973986713422352*sin(x1) + 0.00100283594926157,0.9739867134223518*sin(x) + 0.0010028359492615666,0.973986713422352*sin(x) + 0.00100283594926157
SRB-2026-06-25-1715-L2,sin-noise-1,32,0.019858034617304444,0.009858034616355794,6,6,0.9739867134223518*sin(x1) + 0.0010028359492615688,0.973986713422352*sin(x1) + 0.00100283594926157,0.9739867134223518*sin(x) + 0.0010028359492615688,0.973986713422352*sin(x) + 0.00100283594926157
SRB-2026-06-25-1715-L2,sin-noise-2,1,0.010098580347158362,9.858034616355783e-05,6,6,0.9973986713422164*sin(x1) + 0.00010028359492525998,0.997398671342216*sin(x1) + 0.00010028359492526,0.9973986713422164*sin(x) + 0.00010028359492525998,0.997398671342216*sin(x) + 0.00010028359492526
SRB-2026-06-25-1715-L2,sin-noise-2,2,0.010098580347158362,9.858034616355783e-05,6,6,0.9973986713422164*sin(x1) + 0.00010028359492525942,0.997398671342216*sin(x1) + 0.000100283594925259,0.9973986713422164*sin(x) + 0.00010028359492525942,0.997398671342216*sin(x) + 0.000100283594925259
SRB-2026-06-25-1715-L2,sin-noise-2,3,0.010098580347158362,9.858034616355783e-05,6,6,0.9973986713422164*sin(x1) + 0.00010028359492527273,0.997398671342216*sin(x1) + 0.000100283594925273,0.9973986713422164*sin(x) + 0.00010028359492527273,0.997398671342216*sin(x) + 0.000100283594925273
SRB-2026-06-25-1715-L2,sin-noise-2,4,0.010098580347158362,9.85803461635578e-05,6,6,0.9973986713422163*sin(x1) + 0.00010028359492526796,0.997398671342216*sin(x1) + 0.000100283594925268,0.9973986713422163*sin(x) + 0.00010028359492526796,0.997398671342216*sin(x) + 0.000100283594925268
SRB-2026-06-25-1715-L2,sin-noise-2,5,0.010098580347158362,9.85803461635578e-05,6,6,0.9973986713422164*sin(x1) + 0.00010028359492526723,0.997398671342216*sin(x1) + 0.000100283594925267,0.9973986713422164*sin(x) + 0.00010028359492526723,0.997398671342216*sin(x) + 0.000100283594925267
SRB-2026-06-25-1715-L2,sin-noise-2,6,0.010098580347158362,9.85803461635578e-05,6,6,0.9973986713422164*sin(x1) + 0.00010028359492526579,0.997398671342216*sin(x1) + 0.000100283594925266,0.9973986713422164*sin(x) + 0.00010028359492526579,0.997398671342216*sin(x) + 0.000100283594925266
SRB-2026-06-25-1715-L2,sin-noise-2,7,0.010098580347158362,9.85803461635578e-05,6,6,0.9973986713422164*sin(x1) + 0.00010028359492526747,0.997398671342216*sin(x1) + 0.000100283594925267,0.9973986713422164*sin(x) + 0.00010028359492526747,0.997398671342216*sin(x) + 0.000100283594925267
SRB-2026-06-25-1715-L2,sin-noise-2,8,0.010098580347158362,9.85803461635578e-05,6,6,0.9973986713422163*sin(x1) + 0.0001002835949252675,0.997398671342216*sin(x1) + 0.000100283594925267,0.9973986713422163*sin(x) + 0.0001002835949252675,0.997398671342216*sin(x) + 0.000100283594925267
SRB-2026-06-25-1715-L2,sin-noise-2,9,0.010098580347158362,9.85803461635578e-05,6,6,0.9973986713422164*sin(x1) + 0.00010028359492526319,0.997398671342216*sin(x1) + 0.000100283594925263,0.9973986713422164*sin(x) + 0.00010028359492526319,0.997398671342216*sin(x) + 0.000100283594925263
SRB-2026-06-25-1715-L2,sin-noise-2,10,0.010098580347158362,9.85803461635578e-05,6,6,0.9973986713422164*sin(x1) + 0.00010028359492526514,0.997398671342216*sin(x1) + 0.000100283594925265,0.9973986713422164*sin(x) + 0.00010028359492526514,0.997398671342216*sin(x) + 0.000100283594925265
SRB-2026-06-25-1715-L2,sin-noise-2,11,0.010098580347158362,9.85803461635578e-05,6,6,0.9973986713422164*sin(x1) + 0.0001002835949252679,0.997398671342216*sin(x1) + 0.000100283594925268,0.9973986713422164*sin(x) + 0.0001002835949252679,0.997398671342216*sin(x) + 0.000100283594925268
SRB-2026-06-25-1715-L2,sin-noise-2,12,0.010098580347158362,9.85803461635578e-05,6,6,0.9973986713422164*sin(x1) + 0.00010028359492526536,0.997398671342216*sin(x1) + 0.000100283594925265,0.9973986713422164*sin(x) + 0.00010028359492526536,0.997398671342216*sin(x) + 0.000100283594925265
SRB-2026-06-25-1715-L2,sin-noise-2,13,0.010098580347158362,9.85803461635578e-05,6,6,0.9973986713422164*sin(x1) + 0.00010028359492526707,0.997398671342216*sin(x1) + 0.000100283594925267,0.9973986713422164*sin(x) + 0.00010028359492526707,0.997398671342216*sin(x) + 0.000100283594925267
SRB-2026-06-25-1715-L2,sin-noise-2,14,0.010098580347158362,9.85803461635578e-05,6,6,0.9973986713422164*sin(x1) + 0.00010028359492526776,0.997398671342216*sin(x1) + 0.000100283594925268,0.9973986713422164*sin(x) + 0.00010028359492526776,0.997398671342216*sin(x) + 0.000100283594925268
SRB-2026-06-25-1715-L2,sin-noise-2,15,0.010098580347158362,9.858034616355783e-05,6,6,0.9973986713422164*sin(x1) + 0.00010028359492525625,0.997398671342216*sin(x1) + 0.000100283594925256,0.9973986713422164*sin(x) + 0.00010028359492525625,0.997398671342216*sin(x) + 0.000100283594925256
SRB-2026-06-25-1715-L2,sin-noise-2,16,0.010098580347158362,9.85803461635578e-05,6,6,0.9973986713422164*sin(x1) + 0.00010028359492526595,0.997398671342216*sin(x1) + 0.000100283594925266,0.9973986713422164*sin(x) + 0.00010028359492526595,0.997398671342216*sin(x) + 0.000100283594925266
SRB-2026-06-25-1715-L2,sin-noise-2,17,0.010098580347158362,9.85803461635578e-05,6,6,0.9973986713422164*sin(x1) + 0.00010028359492526373,0.997398671342216*sin(x1) + 0.000100283594925264,0.9973986713422164*sin(x) + 0.00010028359492526373,0.997398671342216*sin(x) + 0.000100283594925264
SRB-2026-06-25-1715-L2,sin-noise-2,18,0.010098580347158362,9.85803461635578e-05,6,6,0.9973986713422163*sin(x1) + 0.0001002835949252675,0.997398671342216*sin(x1) + 0.000100283594925267,0.9973986713422163*sin(x) + 0.0001002835949252675,0.997398671342216*sin(x) + 0.000100283594925267
SRB-2026-06-25-1715-L2,sin-noise-2,19,0.010098580347158362,9.85803461635578e-05,6,6,0.9973986713422164*sin(x1) + 0.00010028359492526446,0.997398671342216*sin(x1) + 0.000100283594925264,0.9973986713422164*sin(x) + 0.00010028359492526446,0.997398671342216*sin(x) + 0.000100283594925264
SRB-2026-06-25-1715-L2,sin-noise-2,20,0.010098580347158362,9.85803461635578e-05,6,6,0.9973986713422164*sin(x1) + 0.00010028359492526793,0.997398671342216*sin(x1) + 0.000100283594925268,0.9973986713422164*sin(x) + 0.00010028359492526793,0.997398671342216*sin(x) + 0.000100283594925268
SRB-2026-06-25-1715-L2,sin-noise-2,21,0.010098580347158362,9.85803461635578e-05,6,6,0.9973986713422164*sin(x1) + 0.00010028359492526805,0.997398671342216*sin(x1) + 0.000100283594925268,0.9973986713422164*sin(x) + 0.00010028359492526805,0.997398671342216*sin(x) + 0.000100283594925268
SRB-2026-06-25-1715-L2,sin-noise-2,22,0.010098580347158362,9.85803461635578e-05,6,6,0.9973986713422164*sin(x1) + 0.00010028359492526799,0.997398671342216*sin(x1) + 0.000100283594925268,0.9973986713422164*sin(x) + 0.00010028359492526799,0.997398671342216*sin(x) + 0.000100283594925268
SRB-2026-06-25-1715-L2,sin-noise-2,23,0.010098580347158362,9.85803461635578e-05,6,6,0.9973986713422164*sin(x1) + 0.00010028359492526811,0.997398671342216*sin(x1) + 0.000100283594925268,0.9973986713422164*sin(x) + 0.00010028359492526811,0.997398671342216*sin(x) + 0.000100283594925268
SRB-2026-06-25-1715-L2,sin-noise-2,24,0.010098580347158362,9.85803461635578e-05,6,6,0.9973986713422164*sin(x1) + 0.00010028359492526465,0.997398671342216*sin(x1) + 0.000100283594925265,0.9973986713422164*sin(x) + 0.00010028359492526465,0.997398671342216*sin(x) + 0.000100283594925265
SRB-2026-06-25-1715-L2,sin-noise-2,25,0.010098580347158362,9.85803461635578e-05,6,6,0.9973986713422164*sin(x1) + 0.00010028359492526761,0.997398671342216*sin(x1) + 0.000100283594925268,0.9973986713422164*sin(x) + 0.00010028359492526761,0.997398671342216*sin(x) + 0.000100283594925268
SRB-2026-06-25-1715-L2,sin-noise-2,26,0.010098580347158362,9.85803461635578e-05,6,6,0.9973986713422164*sin(x1) + 0.00010028359492526289,0.997398671342216*sin(x1) + 0.000100283594925263,0.9973986713422164*sin(x) + 0.00010028359492526289,0.997398671342216*sin(x) + 0.000100283594925263
SRB-2026-06-25-1715-L2,sin-noise-2,27,0.010098580347158362,9.85803461635578e-05,6,6,0.9973986713422164*sin(x1) + 0.00010028359492526297,0.997398671342216*sin(x1) + 0.000100283594925263,0.9973986713422164*sin(x) + 0.00010028359492526297,0.997398671342216*sin(x) + 0.000100283594925263
SRB-2026-06-25-1715-L2,sin-noise-2,28,0.010098580347158362,9.858034616355783e-05,6,6,0.9973986713422166*sin(x1) + 0.00010028359492526768,0.997398671342217*sin(x1) + 0.000100283594925268,0.9973986713422166*sin(x) + 0.00010028359492526768,0.997398671342217*sin(x) + 0.000100283594925268
SRB-2026-06-25-1715-L2,sin-noise-2,29,0.010098580347158362,9.858034616355783e-05,6,6,0.9973986713422164*sin(x1) + 0.00010028359492527323,0.997398671342216*sin(x1) + 0.000100283594925273,0.9973986713422164*sin(x) + 0.00010028359492527323,0.997398671342216*sin(x) + 0.000100283594925273
SRB-2026-06-25-1715-L2,sin-noise-2,30,0.010098580347158362,9.85803461635578e-05,6,6,0.9973986713422164*sin(x1) + 0.0001002835949252623,0.997398671342216*sin(x1) + 0.000100283594925262,0.9973986713422164*sin(x) + 0.0001002835949252623,0.997398671342216*sin(x) + 0.000100283594925262
SRB-2026-06-25-1715-L2,sin-noise-2,31,0.010098580347158362,9.85803461635578e-05,6,6,0.9973986713422164*sin(x1) + 0.0001002835949252682,0.997398671342216*sin(x1) + 0.000100283594925268,0.9973986713422164*sin(x) + 0.0001002835949252682,0.997398671342216*sin(x) + 0.000100283594925268
SRB-2026-06-25-1715-L2,sin-noise-2,32,0.010098580347158362,9.85803461635578e-05,6,6,0.9973986713422164*sin(x1) + 0.00010028359492526587,0.997398671342216*sin(x1) + 0.000100283594925266,0.9973986713422164*sin(x) + 0.00010028359492526587,0.997398671342216*sin(x) + 0.000100283594925266
SRB-2026-06-25-1715-L4,sin-noise-0,1,0.000100000001,2.0928596821776095e-28,6,2,0.999999999999979*sin(x1) - 8.018352691888109e-17,sin(x1),0.999999999999979*sin(x) - 8.018352691888109e-17,sin(x)
SRB-2026-06-25-1715-L4,sin-noise-0,2,0.000100000001,2.0928596821776095e-28,6,2,0.999999999999979*sin(x1) - 8.04410249348464e-17,sin(x1),0.999999999999979*sin(x) - 8.04410249348464e-17,sin(x)
SRB-2026-06-25-1715-L4,sin-noise-0,3,0.000100000001,2.0928596821776095e-28,6,2,0.999999999999979*sin(x1) - 7.997664597095323e-17,sin(x1),0.999999999999979*sin(x) - 7.997664597095323e-17,sin(x)
SRB-2026-06-25-1715-L4,sin-noise-0,4,0.000100000001,2.0928596821776095e-28,6,2,0.999999999999979*sin(x1) - 8.036157408189066e-17,sin(x1),0.999999999999979*sin(x) - 8.036157408189066e-17,sin(x)
SRB-2026-06-25-1715-L4,sin-noise-0,5,0.000100000001,2.0928596821776095e-28,6,2,0.999999999999979*sin(x1) - 8.020385570961519e-17,sin(x1),0.999999999999979*sin(x) - 8.020385570961519e-17,sin(x)
SRB-2026-06-25-1715-L4,sin-noise-0,6,0.000100000001,2.0928596821776095e-28,6,2,0.999999999999979*sin(x1) - 7.997664597095312e-17,sin(x1),0.999999999999979*sin(x) - 7.997664597095312e-17,sin(x)
SRB-2026-06-25-1715-L4,sin-noise-0,7,0.000100000001,2.092858757731236e-28,6,2,0.999999999999979*sin(x1) - 7.978542143367157e-17,sin(x1),0.999999999999979*sin(x) - 7.978542143367157e-17,sin(x)
SRB-2026-06-25-1715-L4,sin-noise-0,8,0.000100000001,2.0928596821776095e-28,6,2,0.999999999999979*sin(x1) - 7.997664597095306e-17,sin(x1),0.999999999999979*sin(x) - 7.997664597095306e-17,sin(x)
SRB-2026-06-25-1715-L4,sin-noise-0,9,0.000100000001,2.0928596821776095e-28,6,2,0.999999999999979*sin(x1) - 8.039020295801114e-17,sin(x1),0.999999999999979*sin(x) - 8.039020295801114e-17,sin(x)
SRB-2026-06-25-1715-L4,sin-noise-0,10,0.000100000001,2.0928596821776095e-28,6,2,0.999999999999979*sin(x1) - 8.058163240409061e-17,sin(x1),0.999999999999979*sin(x) - 8.058163240409061e-17,sin(x)
SRB-2026-06-25-1715-L4,sin-noise-0,11,0.000100000001,2.0928596821776095e-28,6,2,0.999999999999979*sin(x1) - 7.997664597095317e-17,sin(x1),0.999999999999979*sin(x) - 7.997664597095317e-17,sin(x)
SRB-2026-06-25-1715-L4,sin-noise-0,12,0.000100000001,2.0928596821776095e-28,6,2,0.999999999999979*sin(x1) - 8.025679526881858e-17,sin(x1),0.999999999999979*sin(x) - 8.025679526881858e-17,sin(x)
SRB-2026-06-25-1715-L4,sin-noise-0,13,0.000100000001,2.0928596821776095e-28,6,2,0.999999999999979*sin(x1) - 8.039020295801114e-17,sin(x1),0.999999999999979*sin(x) - 8.039020295801114e-17,sin(x)
SRB-2026-06-25-1715-L4,sin-noise-0,14,0.000100000001,2.0928596821776095e-28,6,2,0.999999999999979*sin(x1) - 8.039020295801114e-17,sin(x1),0.999999999999979*sin(x) - 8.039020295801114e-17,sin(x)
SRB-2026-06-25-1715-L4,sin-noise-0,15,0.000100000001,2.0928596821776095e-28,6,2,0.999999999999979*sin(x1) - 8.044653064900355e-17,sin(x1),0.999999999999979*sin(x) - 8.044653064900355e-17,sin(x)
SRB-2026-06-25-1715-L4,sin-noise-0,16,0.000100000001,2.0928596821776095e-28,6,2,0.999999999999979*sin(x1) - 8.036098032133086e-17,sin(x1),0.999999999999979*sin(x) - 8.036098032133086e-17,sin(x)
SRB-2026-06-25-1715-L4,sin-noise-0,17,0.000100000001,2.0928597369462425e-28,6,2,0.999999999999979*sin(x1) - 8.082886014557046e-17,sin(x1),0.999999999999979*sin(x) - 8.082886014557046e-17,sin(x)
SRB-2026-06-25-1715-L4,sin-noise-0,18,0.000100000001,2.0928596821776095e-28,6,2,0.999999999999979*sin(x1) - 8.033938098117588e-17,sin(x1),0.999999999999979*sin(x) - 8.033938098117588e-17,sin(x)
SRB-2026-06-25-1715-L4,sin-noise-0,19,0.000100000001,2.0928596821776095e-28,6,2,0.999999999999979*sin(x1) - 8.04410249348464e-17,sin(x1),0.999999999999979*sin(x) - 8.04410249348464e-17,sin(x)
SRB-2026-06-25-1715-L4,sin-noise-0,20,0.000100000001,2.0928596821776095e-28,6,2,0.999999999999979*sin(x1) - 8.036157408189007e-17,sin(x1),0.999999999999979*sin(x) - 8.036157408189007e-17,sin(x)
SRB-2026-06-25-1715-L4,sin-noise-0,21,0.000100000001,2.0928597369462425e-28,6,2,0.999999999999979*sin(x1) - 8.066466810270113e-17,sin(x1),0.999999999999979*sin(x) - 8.066466810270113e-17,sin(x)
SRB-2026-06-25-1715-L4,sin-noise-0,22,0.000100000001,2.0928597369462425e-28,6,2,0.999999999999979*sin(x1) - 8.070868734617875e-17,sin(x1),0.999999999999979*sin(x) - 8.070868734617875e-17,sin(x)
SRB-2026-06-25-1715-L4,sin-noise-0,23,0.000100000001,2.0928596821776095e-28,6,2,0.999999999999979*sin(x1) - 8.047151812094755e-17,sin(x1),0.999999999999979*sin(x) - 8.047151812094755e-17,sin(x)
SRB-2026-06-25-1715-L4,sin-noise-0,24,0.000100000001,2.0928596821776095e-28,6,2,0.999999999999979*sin(x1) - 8.061996064495387e-17,sin(x1),0.999999999999979*sin(x) - 8.061996064495387e-17,sin(x)
SRB-2026-06-25-1715-L4,sin-noise-0,25,0.000100000001,2.0928596821776095e-28,6,2,0.999999999999979*sin(x1) - 7.997664597095252e-17,sin(x1),0.999999999999979*sin(x) - 7.997664597095252e-17,sin(x)
SRB-2026-06-25-1715-L4,sin-noise-0,26,0.000100000001,2.0928596821776095e-28,6,2,0.999999999999979*sin(x1) - 7.997664597095306e-17,sin(x1),0.999999999999979*sin(x) - 7.997664597095306e-17,sin(x)
SRB-2026-06-25-1715-L4,sin-noise-0,27,0.000100000001,2.0928596821776095e-28,6,2,0.999999999999979*sin(x1) - 8.041730801232327e-17,sin(x1),0.999999999999979*sin(x) - 8.041730801232327e-17,sin(x)
SRB-2026-06-25-1715-L4,sin-noise-0,28,0.000100000001,2.0928596821776095e-28,6,2,0.999999999999979*sin(x1) - 8.030973482802198e-17,sin(x1),0.999999999999979*sin(x) - 8.030973482802198e-17,sin(x)
SRB-2026-06-25-1715-L4,sin-noise-0,29,0.000100000001,2.0928596821776095e-28,6,2,0.999999999999979*sin(x1) - 7.997664597095324e-17,sin(x1),0.999999999999979*sin(x) - 7.997664597095324e-17,sin(x)
SRB-2026-06-25-1715-L4,sin-noise-0,30,0.000100000001,2.0928596821776095e-28,6,2,0.999999999999979*sin(x1) - 8.063414844682038e-17,sin(x1),0.999999999999979*sin(x) - 8.063414844682038e-17,sin(x)
SRB-2026-06-25-1715-L4,sin-noise-0,31,0.000100000001,2.0928596821776095e-28,6,2,0.999999999999979*sin(x1) - 7.997664597095323e-17,sin(x1),0.999999999999979*sin(x) - 7.997664597095323e-17,sin(x)
SRB-2026-06-25-1715-L4,sin-noise-0,32,0.000100000001,2.0928596821776095e-28,6,2,0.999999999999979*sin(x1) - 8.039020295801114e-17,sin(x1),0.999999999999979*sin(x) - 8.039020295801114e-17,sin(x)
SRB-2026-06-25-1715-L4,sin-noise-1,1,0.007959629902070648,0.006859634861308238,35,35,0.0015678176012969992*x1**3 + 0.9950478964012944*sin(x1) + 0.07815772727959196*sin(2.695081757772661*exp(x1 + 0.991465170960755*exp(x1))) + 0.053161945857150006*cos(2.695081757772661*exp(x1 + 0.991465170960755*exp(x1))) - 0.033086817314210454,0.001567817601297*x1**3 + 0.995047896401294*sin(x1) + 0.078157727279592*sin(2.695081757772661*exp(x1 + 0.991465170960755*exp(x1))) + 0.05316194585715*cos(2.695081757772661*exp(x1 + 0.991465170960755*exp(x1))) - 0.0330868173142105,0.0015678176012969992*x**3 + 0.9950478964012944*sin(x) + 0.07815772727959196*sin(2.695081757772661*exp(x + 0.991465170960755*exp(x))) + 0.053161945857150006*cos(2.695081757772661*exp(x + 0.991465170960755*exp(x))) - 0.033086817314210454,0.001567817601297*x**3 + 0.995047896401294*sin(x) + 0.078157727279592*sin(2.695081757772661*exp(x + 0.991465170960755*exp(x))) + 0.05316194585715*cos(2.695081757772661*exp(x + 0.991465170960755*exp(x))) - 0.0330868173142105
SRB-2026-06-25-1715-L4,sin-noise-1,2,0.008529001396072268,0.008129001394946003,27,19,0.9987193703377507*sin(x1) - 0.12413957485605474*cos(1.0 + 0.000362150501765929/(sin(x1) + 1.0)**3) + 0.055998260389508485 + 2.970579442257319e-13/(sin(x1) + 1.0)**3,0.998719370337751*sin(x1) - 0.124139574856055*cos(1 + 0.000362150501765929/(sin(x1) + 1)**3) + 0.0559982603895085,0.9987193703377507*sin(x) - 0.12413957485605474*cos(1.0 + 0.000362150501765929/(sin(x) + 1.0)**3) + 0.055998260389508485 + 2.970579442257319e-13/(sin(x) + 1.0)**3,0.998719370337751*sin(x) - 0.124139574856055*cos(1 + 0.000362150501765929/(sin(x) + 1)**3) + 0.0559982603895085
SRB-2026-06-25-1715-L4,sin-noise-1,3,0.00866196152572268,0.00706196152473817,31,31,0.9730062439675138*sin(x1) + 0.07982228771034598*sin(x1 + (x1 + 1.952451678420285)**3 + 7.045940803288401*exp(x1) + exp(sin(x1)) - 0.04754832157971504) + 0.16394904373767866*cos(sin(x1 + 1.952451678420285)) - 0.11287048120669022,0.973006243967514*sin(x1) + 0.079822287710346*sin(x1 + (x1 + 1.952451678420285)**3 + 7.045940803288401*exp(x1) + exp(sin(x1)) - 0.04754832157971504) + 0.163949043737679*cos(sin(x1 + 1.952451678420285)) - 0.11287048120669,0.9730062439675138*sin(x) + 0.07982228771034598*sin(x + (x + 1.952451678420285)**3 + 7.045940803288401*exp(x) + exp(sin(x)) - 0.04754832157971504) + 0.16394904373767866*cos(sin(x + 1.952451678420285)) - 0.11287048120669022,0.973006243967514*sin(x) + 0.079822287710346*sin(x + (x + 1.952451678420285)**3 + 7.045940803288401*exp(x) + exp(sin(x)) - 0.04754832157971504) + 0.163949043737679*cos(sin(x + 1.952451678420285)) - 0.11287048120669
SRB-2026-06-25-1715-L4,sin-noise-1,4,0.008634486285025472,0.008234486283908802,30,30,1.0238094210568345*sin(x1) - 0.17366165454308435*cos(0.11423600830185815/(sin(x1) + 1.0))**2 - 0.022761668013899995*cos(0.11423600830185815/(sin(x1) + 1.0)) + 0.17036410906366825,1.02380942105683*sin(x1) - 0.173661654543084*cos(0.11423600830185815/(sin(x1) + 1))**2 - 0.0227616680139*cos(0.11423600830185815/(sin(x1) + 1)) + 0.170364109063668,1.0238094210568345*sin(x) - 0.17366165454308435*cos(0.11423600830185815/(sin(x) + 1.0))**2 - 0.022761668013899995*cos(0.11423600830185815/(sin(x) + 1.0)) + 0.17036410906366825,1.02380942105683*sin(x) - 0.173661654543084*cos(0.11423600830185815/(sin(x) + 1))**2 - 0.0227616680139*cos(0.11423600830185815/(sin(x) + 1)) + 0.170364109063668
SRB-2026-06-25-1715-L4,sin-noise-1,5,0.008580571703633503,0.008080571595993551,41,41,-4.045923985462309*exp(sin(0.058417322850992326/(sin(x1) + 1))) + 0.9893764925683182*sin(x1) + 3.48238628327766*sin(0.058417322850992326/(sin(x1) + 1)) - 7.555046764986871*cos(sin(0.058417322850992326/(sin(x1) + 1))) + 11.616002822040996,-4.04592398546231*exp(sin(0.058417322850992326/(sin(x1) + 1))) + 0.989376492568318*sin(x1) + 3.48238628327766*sin(0.058417322850992326/(sin(x1) + 1)) - 7.55504676498687*cos(sin(0.058417322850992326/(sin(x1) + 1))) + 11.616002822041,-4.045923985462309*exp(sin(0.058417322850992326/(sin(x) + 1))) + 0.9893764925683182*sin(x) + 3.48238628327766*sin(0.058417322850992326/(sin(x) + 1)) - 7.555046764986871*cos(sin(0.058417322850992326/(sin(x) + 1))) + 11.616002822040996,-4.04592398546231*exp(sin(0.058417322850992326/(sin(x) + 1))) + 0.989376492568318*sin(x) + 3.48238628327766*sin(0.058417322850992326/(sin(x) + 1)) - 7.55504676498687*cos(sin(0.058417322850992326/(sin(x) + 1))) + 11.616002822041
SRB-2026-06-25-1715-L4,sin-noise-1,6,0.008529630598347167,0.0080296305639746,31,31,1.0156610352691922*sin(x1) + 0.656904055938912*cos(0.10834741131701538/(sin(x1) + 1)) + 0.8995534902015694*cos(cos(0.10834741131701538/(sin(x1) + 1)) + 1.0) - 0.30303936676741721,1.01566103526919*sin(x1) + 0.656904055938912*cos(0.10834741131701538/(sin(x1) + 1)) + 0.899553490201569*cos(cos(0.10834741131701538/(sin(x1) + 1)) + 1) - 0.303039366767417,1.0156610352691922*sin(x) + 0.656904055938912*cos(0.10834741131701538/(sin(x) + 1)) + 0.8995534902015694*cos(cos(0.10834741131701538/(sin(x) + 1)) + 1.0) - 0.30303936676741721,1.01566103526919*sin(x) + 0.656904055938912*cos(0.10834741131701538/(sin(x) + 1)) + 0.899553490201569*cos(cos(0.10834741131701538/(sin(x) + 1)) + 1) - 0.303039366767417
SRB-2026-06-25-1715-L4,sin-noise-1,7,0.008881770486234451,0.008481770485049236,25,25,1.0147477939205496*sin(x1) + 0.13496254400829988*sin(0.05850730426494767/(sin(x1) + 1.0)) - 0.025457368462351727 + 2.168194755198642e-5/(sin(x1) + 1.0),1.01474779392055*sin(x1) + 0.1349625440083*sin(0.05850730426494767/(sin(x1) + 1)) - 0.0254573684623517 + 2.16819475519864e-5/(sin(x1) + 1),1.0147477939205496*sin(x) + 0.13496254400829988*sin(0.05850730426494767/(sin(x) + 1.0)) - 0.025457368462351727 + 2.168194755198642e-5/(sin(x) + 1.0),1.01474779392055*sin(x) + 0.1349625440083*sin(0.05850730426494767/(sin(x) + 1)) - 0.0254573684623517 + 2.16819475519864e-5/(sin(x) + 1)
SRB-2026-06-25-1715-L4,sin-noise-1,8,0.008511385252537076,0.007011239111051444,45,39,7.709798249349093e-15*exp(x1**3) - 11.02022584147929*sin(x1) - 12.075520802941316*sin(sin(x1) + 2.718281828459045) - 12.137876896633497*sin(sin(x1) + sin(sin(x1) + 2.718281828459045) + 2.7140359878173994) + 0.09392611998499044*cos(1.022925946783527*exp(x1**3)*sin(sin(x1) + 2.718281828459045)) + 5.088205914302534,-11.0202258414793*sin(x1) - 12.0755208029413*sin(sin(x1) + 2.718281828459045) - 12.1378768966335*sin(sin(x1) + sin(sin(x1) + 2.718281828459045) + 2.7140359878173994) + 0.0939261199849904*cos(1.022925946783527*exp(x1**3)*sin(sin(x1) + 2.718281828459045)) + 5.08820591430253,7.709798249349093e-15*exp(x**3) - 11.02022584147929*sin(x) - 12.075520802941316*sin(sin(x) + 2.718281828459045) - 12.137876896633497*sin(sin(x) + sin(sin(x) + 2.718281828459045) + 2.7140359878173994) + 0.09392611998499044*cos(1.022925946783527*exp(x**3)*sin(sin(x) + 2.718281828459045)) + 5.088205914302534,-11.0202258414793*sin(x) - 12.0755208029413*sin(sin(x) + 2.718281828459045) - 12.1378768966335*sin(sin(x) + sin(sin(x) + 2.718281828459045) + 2.7140359878173994) + 0.0939261199849904*cos(1.022925946783527*exp(x**3)*sin(sin(x) + 2.718281828459045)) + 5.08820591430253
SRB-2026-06-25-1715-L4,sin-noise-1,9,0.008471547695172419,0.006671547694012847,47,39,-0.001279087508506893*(x1 - 0.00944144655384534)**4 - 0.12214726192905873*(sin(x1) - 0.00944144655384534)**3 + 8.669773753709701e-6*exp((x1 - 0.00944144655384534)**2) + 1.0651665718335133*sin(x1) - 0.077548712735857*sin((x1 - 0.00944144655384534)**2 - exp((x1 - 0.00944144655384534)**2) + 2.019900914401937) + 0.036929951439543679,-0.00127908750850689*(x1 - 0.00944144655384534)**4 - 0.122147261929059*(sin(x1) - 0.00944144655384534)**3 + 1.06516657183351*sin(x1) - 0.077548712735857*sin((x1 - 0.00944144655384534)**2 - exp((x1 - 0.00944144655384534)**2) + 2.019900914401937) + 0.0369299514395437,-0.001279087508506893*(x - 0.00944144655384534)**4 - 0.12214726192905873*(sin(x) - 0.00944144655384534)**3 + 8.669773753709701e-6*exp((x - 0.00944144655384534)**2) + 1.0651665718335133*sin(x) - 0.077548712735857*sin((x - 0.00944144655384534)**2 - exp((x - 0.00944144655384534)**2) + 2.019900914401937) + 0.036929951439543679,-0.00127908750850689*(x - 0.00944144655384534)**4 - 0.122147261929059*(sin(x) - 0.00944144655384534)**3 + 1.06516657183351*sin(x) - 0.077548712735857*sin((x - 0.00944144655384534)**2 - exp((x - 0.00944144655384534)**2) + 2.019900914401937) + 0.0369299514395437
SRB-2026-06-25-1715-L4,sin-noise-1,10,0.00850807147399345,0.008008071472901534,25,17,1.0079194748665197*sin(x1) - 0.10270096296837121*cos(0.010841598450420561/(sin(x1) + 1)**2) + 0.087244828331251899 + 1.9833375309064098e-9/(sin(x1) + 1)**2,1.00791947486652*sin(x1) - 0.102700962968371*cos(0.010841598450420561/(sin(x1) + 1)**2) + 0.0872448283312519,1.0079194748665197*sin(x) - 0.10270096296837121*cos(0.010841598450420561/(sin(x) + 1)**2) + 0.087244828331251899 + 1.9833375309064098e-9/(sin(x) + 1)**2,1.00791947486652*sin(x) - 0.102700962968371*cos(0.010841598450420561/(sin(x) + 1)**2) + 0.0872448283312519
SRB-2026-06-25-1715-L4,sin-noise-1,11,0.008881770486168636,0.008481770485049236,25,25,1.0147477939205543*sin(x1) + 0.13496254400831578*sin(0.05850730426494767/(sin(x1) + 1.0)) - 0.0254573684623549 + 2.1681947551986223e-5/(sin(x1) + 1.0),1.01474779392055*sin(x1) + 0.134962544008316*sin(0.05850730426494767/(sin(x1) + 1)) - 0.0254573684623549 + 2.16819475519862e-5/(sin(x1) + 1),1.0147477939205543*sin(x) + 0.13496254400831578*sin(0.05850730426494767/(sin(x) + 1.0)) - 0.0254573684623549 + 2.1681947551986223e-5/(sin(x) + 1.0),1.01474779392055*sin(x) + 0.134962544008316*sin(0.05850730426494767/(sin(x) + 1)) - 0.0254573684623549 + 2.16819475519862e-5/(sin(x) + 1)
SRB-2026-06-25-1715-L4,sin-noise-1,12,0.008672751386390933,0.008272751373732675,29,29,1.0189097637629694*sin(x1) + 2.5600870936050444*sin(cos(0.06786788363289009/(sin(x1) + 1.0))) - 2.2408203482538456*cos(0.06786788363289009/(sin(x1) + 1.0)) + 0.063374681518100101,1.01890976376297*sin(x1) + 2.56008709360504*sin(cos(0.06786788363289009/(sin(x1) + 1))) - 2.24082034825385*cos(0.06786788363289009/(sin(x1) + 1)) + 0.0633746815181001,1.0189097637629694*sin(x) + 2.5600870936050444*sin(cos(0.06786788363289009/(sin(x) + 1.0))) - 2.2408203482538456*cos(0.06786788363289009/(sin(x) + 1.0)) + 0.063374681518100101,1.01890976376297*sin(x) + 2.56008709360504*sin(cos(0.06786788363289009/(sin(x) + 1))) - 2.24082034825385*cos(0.06786788363289009/(sin(x) + 1)) + 0.0633746815181001
SRB-2026-06-25-1715-L4,sin-noise-1,13,0.00855322260889016,0.00815322260773726,25,17,1.0075111738492817*sin(x1) + 0.15645211700327724*sin(0.00555725057886462/(sin(x1) + 1.0)**2) - 0.016267243299022901 + 3.092635523555739e-9/(sin(x1) + 1.0)**2,1.00751117384928*sin(x1) + 0.156452117003277*sin(0.00555725057886462/(sin(x1) + 1)**2) - 0.0162672432990229,1.0075111738492817*sin(x) + 0.15645211700327724*sin(0.00555725057886462/(sin(x) + 1.0)**2) - 0.016267243299022901 + 3.092635523555739e-9/(sin(x) + 1.0)**2,1.00751117384928*sin(x) + 0.156452117003277*sin(0.00555725057886462/(sin(x) + 1)**2) - 0.0162672432990229
SRB-2026-06-25-1715-L4,sin-noise-1,14,0.007996566242017287,0.0067964284365910075,34,32,-12.097641041958765*sqrt(sin(x1) + cos(1) + 2.0) + 4.427778479579527*sin(x1) - 0.9165342865655854*cos(sin(x1) + cos(1) + 2.0) + 0.09086455559582174*cos(1.0211720717469862*exp(x1**3)) + 18.47334049361195,-12.0976410419588*(sin(x1) + 2.54030230586814)**0.5 + 4.42777847957953*sin(x1) - 0.916534286565585*cos(sin(x1) + cos(1) + 2) + 0.0908645555958217*cos(1.0211720717469862*exp(x1**3)) + 18.4733404936119,-12.097641041958765*sqrt(sin(x) + cos(1) + 2.0) + 4.427778479579527*sin(x) - 0.9165342865655854*cos(sin(x) + cos(1) + 2.0) + 0.09086455559582174*cos(1.0211720717469862*exp(x**3)) + 18.47334049361195,-12.0976410419588*(sin(x) + 2.54030230586814)**0.5 + 4.42777847957953*sin(x) - 0.916534286565585*cos(sin(x) + cos(1) + 2) + 0.0908645555958217*cos(1.0211720717469862*exp(x**3)) + 18.4733404936119
SRB-2026-06-25-1715-L4,sin-noise-1,15,0.008429630566700803,0.008029630563974604,31,31,1.015661035269414*sin(x1) + 0.6569040559504408*cos(0.10834741131701538/(sin(x1) + 1.0)) + 0.8995534902154705*cos(cos(0.10834741131701538/(sin(x1) + 1.0)) + 1) - 0.3030393667732782,1.01566103526941*sin(x1) + 0.656904055950441*cos(0.10834741131701538/(sin(x1) + 1)) + 0.89955349021547*cos(cos(0.10834741131701538/(sin(x1) + 1)) + 1) - 0.303039366773278,1.015661035269414*sin(x) + 0.6569040559504408*cos(0.10834741131701538/(sin(x) + 1.0)) + 0.8995534902154705*cos(cos(0.10834741131701538/(sin(x) + 1.0)) + 1) - 0.3030393667732782,1.01566103526941*sin(x) + 0.656904055950441*cos(0.10834741131701538/(sin(x) + 1)) + 0.89955349021547*cos(cos(0.10834741131701538/(sin(x) + 1)) + 1) - 0.303039366773278
SRB-2026-06-25-1715-L4,sin-noise-1,16,0.00866860706382721,0.007968607062098674,21,21,-0.14347559184595157*sin(x1)**3 + 1.0844687344051456*sin(x1) - 0.12376277788775725*sin(0.01943179747536589/sin(x1)**4) + 0.016806812274055328,-0.143475591845952*sin(x1)**3 + 1.08446873440515*sin(x1) - 0.123762777887757*sin(0.01943179747536589/sin(x1)**4) + 0.0168068122740553,-0.14347559184595157*sin(x)**3 + 1.0844687344051456*sin(x) - 0.12376277788775725*sin(0.01943179747536589/sin(x)**4) + 0.016806812274055328,-0.143475591845952*sin(x)**3 + 1.08446873440515*sin(x) - 0.123762777887757*sin(0.01943179747536589/sin(x)**4) + 0.0168068122740553
SRB-2026-06-25-1715-L4,sin-noise-1,17,0.008342027378715894,0.005942033277508782,94,78,5.6713797460676986e-8*sqrt(1.05399600274175*exp(x1) + 6.66923282286338*exp(1.05399600274175*exp(x1))) - 0.0029489191391195426*(-sin(cos(2*x1) - 0.05258865764684663) + sin(1.05399600274175*exp(x1) + cos(2*x1) + 0.89750483425137037) + 2.0)**3 + 0.8630181645630527*sin(x1) - 0.1814544532676999*sin(x1 + sin(x1)) + 0.22211950349087833*sin(x1 + sin(x1 + sin(x1))) - 0.07050596471239615*sin(cos(2*x1) - 0.05258865764684663) + 0.07050596471239615*sin(1.05399600274175*exp(x1) + 6.66923282286338*exp(1.05399600274175*exp(x1)) + cos(2*x1) - 0.10249516574862963) + 0.023024234428471241,-0.00294891913911954*(-sin(cos(2*x1) - 0.05258865764684663) + sin(1.05399600274175*exp(x1) + cos(2*x1) + 0.89750483425137037) + 2)**3 + 0.863018164563053*sin(x1) - 0.1814544532677*sin(x1 + sin(x1)) + 0.222119503490878*sin(x1 + sin(x1 + sin(x1))) - 0.0705059647123961*sin(cos(2*x1) - 0.05258865764684663) + 0.0705059647123961*sin(1.05399600274175*exp(x1) + 6.66923282286338*exp(1.05399600274175*exp(x1)) + cos(2*x1) - 0.10249516574862963) + 0.0230242344284712,5.6713797460676986e-8*sqrt(1.05399600274175*exp(x) + 6.66923282286338*exp(1.05399600274175*exp(x))) - 0.0029489191391195426*(-sin(cos(2*x) - 0.05258865764684663) + sin(1.05399600274175*exp(x) + cos(2*x) + 0.89750483425137037) + 2.0)**3 + 0.8630181645630527*sin(x) - 0.1814544532676999*sin(x + sin(x)) + 0.22211950349087833*sin(x + sin(x + sin(x))) - 0.07050596471239615*sin(cos(2*x) - 0.05258865764684663) + 0.07050596471239615*sin(1.05399600274175*exp(x) + 6.66923282286338*exp(1.05399600274175*exp(x)) + cos(2*x) - 0.10249516574862963) + 0.023024234428471241,-0.00294891913911954*(-sin(cos(2*x) - 0.05258865764684663) + sin(1.05399600274175*exp(x) + cos(2*x) + 0.89750483425137037) + 2)**3 + 0.863018164563053*sin(x) - 0.1814544532677*sin(x + sin(x)) + 0.222119503490878*sin(x + sin(x + sin(x))) - 0.0705059647123961*sin(cos(2*x) - 0.05258865764684663) + 0.0705059647123961*sin(1.05399600274175*exp(x) + 6.66923282286338*exp(1.05399600274175*exp(x)) + cos(2*x) - 0.10249516574862963) + 0.0230242344284712
SRB-2026-06-25-1715-L4,sin-noise-1,18,0.008650300293896917,0.008050300292664755,27,19,1.0116438202857951*sin(x1) - 0.11792264623026104*cos(0.9724564342249767 + 0.006550601914747478/(sin(x1) + 1)**2) + 0.048417685569584881 + 1.181953052767203e-9/(sin(x1) + 1)**2,1.0116438202858*sin(x1) - 0.117922646230261*cos(0.9724564342249767 + 0.006550601914747478/(sin(x1) + 1)**2) + 0.0484176855695849,1.0116438202857951*sin(x) - 0.11792264623026104*cos(0.9724564342249767 + 0.006550601914747478/(sin(x) + 1)**2) + 0.048417685569584881 + 1.181953052767203e-9/(sin(x) + 1)**2,1.0116438202858*sin(x) - 0.117922646230261*cos(0.9724564342249767 + 0.006550601914747478/(sin(x) + 1)**2) + 0.0484176855695849
SRB-2026-06-25-1715-L4,sin-noise-1,19,0.008542081604198047,0.007942081603080742,27,27,0.09615435776737008*sin(x1)**6 - 0.09674034437375882*sin(x1)**3 + 1.046274982135382*sin(x1) - 0.06133348558553149*cos(0.007415725898712131/sin(x1)**3) + 0.02056979047408736,0.0961543577673701*sin(x1)**6 - 0.0967403443737588*sin(x1)**3 + 1.04627498213538*sin(x1) - 0.0613334855855315*cos(0.007415725898712131/sin(x1)**3) + 0.0205697904740874,0.09615435776737008*sin(x)**6 - 0.09674034437375882*sin(x)**3 + 1.046274982135382*sin(x) - 0.06133348558553149*cos(0.007415725898712131/sin(x)**3) + 0.02056979047408736,0.0961543577673701*sin(x)**6 - 0.0967403443737588*sin(x)**3 + 1.04627498213538*sin(x) - 0.0613334855855315*cos(0.007415725898712131/sin(x)**3) + 0.0205697904740874
SRB-2026-06-25-1715-L4,sin-noise-1,20,0.008411934235091033,0.006514087253155135,41,19,-4.997116992794836e-39*exp(3*(x1 - 0.004584373343263632)**3) + 6.781171541416623e-13*exp((x1 - sin(x1) - 0.004584373343263632)**3) + 1.0404582368479882*sin(x1) - 0.11482977187113785*sin(x1 - 2.7595314464248343*exp((x1 - 0.004584373343263632)**3)) - 0.0289796075053205,1.04045823684799*sin(x1) - 0.114829771871138*sin(x1 - 2.7595314464248343*exp((x1 - 0.004584373343263632)**3)) - 0.0289796075053205,-4.997116992794836e-39*exp(3*(x - 0.004584373343263632)**3) + 6.781171541416623e-13*exp((x - sin(x) - 0.004584373343263632)**3) + 1.0404582368479882*sin(x) - 0.11482977187113785*sin(x - 2.7595314464248343*exp((x - 0.004584373343263632)**3)) - 0.0289796075053205,1.04045823684799*sin(x) - 0.114829771871138*sin(x - 2.7595314464248343*exp((x - 0.004584373343263632)**3)) - 0.0289796075053205
SRB-2026-06-25-1715-L4,sin-noise-1,21,0.008407487169877291,0.006907487167379205,48,48,0.00086544681186905532*exp(x1 - 1.0104736658016115*exp(x1 - 1.0104736658016115*exp(x1))) - 0.11914997533054415*sin(x1) - 0.0961643937647019*sin(0.03074925785041775*exp(-x1)) + 0.12716051106867907*sin(0.03074925785041775*exp(-x1 + 1.0104736658016115*exp(x1))) + 1.2266005478905937*sin(sin(x1)) - 0.011975777507635671,0.000865446811869055*exp(x1 - 1.0104736658016115*exp(x1 - 1.0104736658016115*exp(x1))) - 0.119149975330544*sin(x1) - 0.0961643937647019*sin(0.03074925785041775*exp(-x1)) + 0.127160511068679*sin(0.03074925785041775*exp(-x1 + 1.0104736658016115*exp(x1))) + 1.22660054789059*sin(sin(x1)) - 0.0119757775076357,0.00086544681186905532*exp(x - 1.0104736658016115*exp(x - 1.0104736658016115*exp(x))) - 0.11914997533054415*sin(x) - 0.0961643937647019*sin(0.03074925785041775*exp(-x)) + 0.12716051106867907*sin(0.03074925785041775*exp(-x + 1.0104736658016115*exp(x))) + 1.2266005478905937*sin(sin(x)) - 0.011975777507635671,0.000865446811869055*exp(x - 1.0104736658016115*exp(x - 1.0104736658016115*exp(x))) - 0.119149975330544*sin(x) - 0.0961643937647019*sin(0.03074925785041775*exp(-x)) + 0.127160511068679*sin(0.03074925785041775*exp(-x + 1.0104736658016115*exp(x))) + 1.22660054789059*sin(sin(x)) - 0.0119757775076357
SRB-2026-06-25-1715-L4,sin-noise-1,22,0.008752643973786809,0.007952643972784237,27,27,-0.04089719112802447*sin(x1)**3 + 0.09459350662404481*sin(x1)**2 + 0.993004588817689*sin(x1) + 0.11381065704649809*sin(0.025145334419782745/sin(x1)**3) - 0.055856026130746445,-0.0408971911280245*sin(x1)**3 + 0.0945935066240448*sin(x1)**2 + 0.993004588817689*sin(x1) + 0.113810657046498*sin(0.025145334419782745/sin(x1)**3) - 0.0558560261307464,-0.04089719112802447*sin(x)**3 + 0.09459350662404481*sin(x)**2 + 0.993004588817689*sin(x) + 0.11381065704649809*sin(0.025145334419782745/sin(x)**3) - 0.055856026130746445,-0.0408971911280245*sin(x)**3 + 0.0945935066240448*sin(x)**2 + 0.993004588817689*sin(x) + 0.113810657046498*sin(0.025145334419782745/sin(x)**3) - 0.0558560261307464
SRB-2026-06-25-1715-L4,sin-noise-1,23,0.008591654033298908,0.0077995876066190295,60,31,0.7133415472820782*sin(x1 + 0.007120528747067823) + 0.07260726587188139*sin(cos(1) + (sin(x1 + 0.007120528747067823) + 1)**(-4)) - 0.3281348297455657*cos(sin(x1 + 0.007120528747067823) + 1) + 4.5279069210262346e-20*cos(cos(sin(x1 + 0.007120528747067823) + 1)) + 0.1029325407535282 + 4.5279069210262346e-20*cos(sin(x1 + 0.007120528747067823) + 1)**2/(sin(x1 + 0.007120528747067823) + 1)**4,0.713341547282078*sin(x1 + 0.007120528747067823) + 0.0726072658718814*sin(cos(1) + (sin(x1 + 0.007120528747067823) + 1)**(-4)) - 0.328134829745566*cos(sin(x1 + 0.007120528747067823) + 1) + 0.102932540753528,0.7133415472820782*sin(x + 0.007120528747067823) + 0.07260726587188139*sin(cos(1) + (sin(x + 0.007120528747067823) + 1)**(-4)) - 0.3281348297455657*cos(sin(x + 0.007120528747067823) + 1) + 4.5279069210262346e-20*cos(cos(sin(x + 0.007120528747067823) + 1)) + 0.1029325407535282 + 4.5279069210262346e-20*cos(sin(x + 0.007120528747067823) + 1)**2/(sin(x + 0.007120528747067823) + 1)**4,0.713341547282078*sin(x + 0.007120528747067823) + 0.0726072658718814*sin(cos(1) + (sin(x + 0.007120528747067823) + 1)**(-4)) - 0.328134829745566*cos(sin(x + 0.007120528747067823) + 1) + 0.102932540753528
SRB-2026-06-25-1715-L4,sin-noise-1,24,0.008493269599260887,0.006293541090140267,36,25,-3.0423081672003049e-35*exp(3*x1 + 3.0618631079438949*exp(x1)) + 1.005883587981226*sin(x1) - 0.028606750732778675*sin(3.0618631079438949*exp(x1)) + 0.11676819764611586*sin(3.0618631079438949*exp(x1 + 1.0206210359812983*exp(x1))) - 0.013940653421754891,1.00588358798123*sin(x1) - 0.0286067507327787*sin(3.0618631079438949*exp(x1)) + 0.116768197646116*sin(3.0618631079438949*exp(x1 + 1.0206210359812983*exp(x1))) - 0.0139406534217549,-3.0423081672003049e-35*exp(3*x + 3.0618631079438949*exp(x)) + 1.005883587981226*sin(x) - 0.028606750732778675*sin(3.0618631079438949*exp(x)) + 0.11676819764611586*sin(3.0618631079438949*exp(x + 1.0206210359812983*exp(x))) - 0.013940653421754891,1.00588358798123*sin(x) - 0.0286067507327787*sin(3.0618631079438949*exp(x)) + 0.116768197646116*sin(3.0618631079438949*exp(x + 1.0206210359812983*exp(x))) - 0.0139406534217549
SRB-2026-06-25-1715-L4,sin-noise-1,25,0.008555866147762204,0.00795586614652605,27,27,-0.1561725413790912*sin(x1 + 0.021328616798350873)**3 + 1.0963984799954825*sin(x1 + 0.021328616798350873) + 0.08181409387674385*cos(0.8414709848078965/sin(x1 + 0.021328616798350873)) - 0.020924925494288451,-0.156172541379091*sin(x1 + 0.021328616798350873)**3 + 1.09639847999548*sin(x1 + 0.021328616798350873) + 0.0818140938767438*cos(0.8414709848078965/sin(x1 + 0.021328616798350873)) - 0.0209249254942885,-0.1561725413790912*sin(x + 0.021328616798350873)**3 + 1.0963984799954825*sin(x + 0.021328616798350873) + 0.08181409387674385*cos(0.8414709848078965/sin(x + 0.021328616798350873)) - 0.020924925494288451,-0.156172541379091*sin(x + 0.021328616798350873)**3 + 1.09639847999548*sin(x + 0.021328616798350873) + 0.0818140938767438*cos(0.8414709848078965/sin(x + 0.021328616798350873)) - 0.0209249254942885
SRB-2026-06-25-1715-L4,sin-noise-1,26,0.008644219051269053,0.008044219049211192,25,25,1.0994210209459832*sin(x1) - 0.060610527251792674*cos(27.0/(sin(x1) + 1.9977691281320293)**3) - 0.088102224843995939 + 0.28890313324268353/(sin(x1) + 1.9977691281320293)**3,1.09942102094598*sin(x1) - 0.0606105272517927*cos(27/(sin(x1) + 1.9977691281320293)**3) - 0.0881022248439959 + 0.288903133242684/(sin(x1) + 1.99776912813203)**3,1.0994210209459832*sin(x) - 0.060610527251792674*cos(27.0/(sin(x) + 1.9977691281320293)**3) - 0.088102224843995939 + 0.28890313324268353/(sin(x) + 1.9977691281320293)**3,1.09942102094598*sin(x) - 0.0606105272517927*cos(27/(sin(x) + 1.9977691281320293)**3) - 0.0881022248439959 + 0.288903133242684/(sin(x) + 1.99776912813203)**3
SRB-2026-06-25-1715-L4,sin-noise-1,27,0.007784282741000875,0.006584287804865873,27,27,0.9292512883978468*sin(x1) - 0.08989136328484006*cos(2.671352496784381*exp(x1 + 0.98273566368897508*exp(x1)) + 2.0) - 0.08989136328484006*cos(sin(x1) + 8.073957357505158) - 0.04396874839458642,0.929251288397847*sin(x1) - 0.0898913632848401*cos(2.671352496784381*exp(x1 + 0.98273566368897508*exp(x1)) + 2) - 0.0898913632848401*cos(sin(x1) + 8.073957357505158) - 0.0439687483945864,0.9292512883978468*sin(x) - 0.08989136328484006*cos(2.671352496784381*exp(x + 0.98273566368897508*exp(x)) + 2.0) - 0.08989136328484006*cos(sin(x) + 8.073957357505158) - 0.04396874839458642,0.929251288397847*sin(x) - 0.0898913632848401*cos(2.671352496784381*exp(x + 0.98273566368897508*exp(x)) + 2) - 0.0898913632848401*cos(sin(x) + 8.073957357505158) - 0.0439687483945864
SRB-2026-06-25-1715-L4,sin-noise-1,28,0.008685421515478742,0.008085421514264928,27,25,-0.1392073559692443*sin(x1 + 0.010152718770868749)**3 + 1.0813793140481518*sin(x1 + 0.010152718770868749) + 0.07087058296353056*cos(1.0/sin(x1 + 0.010152718770868749)) - 0.00809588984160628,-0.139207355969244*sin(x1 + 0.010152718770868749)**3 + 1.08137931404815*sin(x1 + 0.010152718770868749) + 0.0708705829635306*cos(1/sin(x1 + 0.010152718770868749)) - 0.00809588984160628,-0.1392073559692443*sin(x + 0.010152718770868749)**3 + 1.0813793140481518*sin(x + 0.010152718770868749) + 0.07087058296353056*cos(1.0/sin(x + 0.010152718770868749)) - 0.00809588984160628,-0.139207355969244*sin(x + 0.010152718770868749)**3 + 1.08137931404815*sin(x + 0.010152718770868749) + 0.0708705829635306*cos(1/sin(x + 0.010152718770868749)) - 0.00809588984160628
SRB-2026-06-25-1715-L4,sin-noise-1,29,0.008645676168466133,0.006939585287889159,41,32,-0.00024041639812490354*(exp(x1) + 2.718281828459045)**2 + 0.00028160665948973091*exp(2*x1) - 3.230507464445193e-15*exp(2*x1 + exp(x1)) + 0.992906565919388*sin(x1) + 0.08843854808750622*sin(15.902769182115088*exp(2*x1 + exp(x1))) - 0.0092467328207603112,-0.000240416398124904*(exp(x1) + 2.71828182845905)**2 + 0.000281606659489731*exp(2*x1) + 0.992906565919388*sin(x1) + 0.0884385480875062*sin(15.902769182115088*exp(2*x1 + exp(x1))) - 0.00924673282076031,-0.00024041639812490354*(exp(x) + 2.718281828459045)**2 + 0.00028160665948973091*exp(2*x) - 3.230507464445193e-15*exp(2*x + exp(x)) + 0.992906565919388*sin(x) + 0.08843854808750622*sin(15.902769182115088*exp(2*x + exp(x))) - 0.0092467328207603112,-0.000240416398124904*(exp(x) + 2.71828182845905)**2 + 0.000281606659489731*exp(2*x) + 0.992906565919388*sin(x) + 0.0884385480875062*sin(15.902769182115088*exp(2*x + exp(x))) - 0.00924673282076031
SRB-2026-06-25-1715-L4,sin-noise-1,30,0.008739869876635407,0.008139869875182127,43,43,1.0218831258516852*sin(x1) - 0.387788963436986*cos(0.07201602519626249/(sin(x1) + 1.0))**3 - 0.038870274017085614*cos(0.07201602519626249/(sin(x1) + 1.0))**2 + 0.30348049932230714*cos(0.07201602519626249/(sin(x1) + 1.0)) + 0.097924546771688487,1.02188312585169*sin(x1) - 0.387788963436986*cos(0.07201602519626249/(sin(x1) + 1))**3 - 0.0388702740170856*cos(0.07201602519626249/(sin(x1) + 1))**2 + 0.303480499322307*cos(0.07201602519626249/(sin(x1) + 1)) + 0.0979245467716885,1.0218831258516852*sin(x) - 0.387788963436986*cos(0.07201602519626249/(sin(x) + 1.0))**3 - 0.038870274017085614*cos(0.07201602519626249/(sin(x) + 1.0))**2 + 0.30348049932230714*cos(0.07201602519626249/(sin(x) + 1.0)) + 0.097924546771688487,1.02188312585169*sin(x) - 0.387788963436986*cos(0.07201602519626249/(sin(x) + 1))**3 - 0.0388702740170856*cos(0.07201602519626249/(sin(x) + 1))**2 + 0.303480499322307*cos(0.07201602519626249/(sin(x) + 1)) + 0.0979245467716885
SRB-2026-06-25-1715-L4,sin-noise-1,31,0.008566756228925856,0.008156738530556071,31,31,0.0007053916654856525*exp(x1) + 0.06818323568505125*cos(x1 + 1.580544085055209)**3 - 1.031411763131507*cos(x1 + 1.580544085055209) + 0.0688424347259695*cos(x1 + exp(1.787010451975406*exp(x1)) + 0.5805440850552094) - 0.01579338067684124,0.000705391665485653*exp(x1) + 0.0681832356850512*cos(x1 + 1.580544085055209)**3 - 1.03141176313151*cos(x1 + 1.580544085055209) + 0.0688424347259695*cos(x1 + exp(1.787010451975406*exp(x1)) + 0.5805440850552094) - 0.0157933806768412,0.0007053916654856525*exp(x) + 0.06818323568505125*cos(x + 1.580544085055209)**3 - 1.031411763131507*cos(x + 1.580544085055209) + 0.0688424347259695*cos(x + exp(1.787010451975406*exp(x)) + 0.5805440850552094) - 0.01579338067684124,0.000705391665485653*exp(x) + 0.0681832356850512*cos(x + 1.580544085055209)**3 - 1.03141176313151*cos(x + 1.580544085055209) + 0.0688424347259695*cos(x + exp(1.787010451975406*exp(x)) + 0.5805440850552094) - 0.0157933806768412
SRB-2026-06-25-1715-L4,sin-noise-1,32,0.008200146411886664,0.007300145637913727,38,25,-11.57163223151307*sqrt(sin(x1) + 6.3058071887055274) + 2.1049735982233914e-6*exp(x1**2 + sqrt(sin(x1) + 1)) + 3.2841935694954034*sin(x1) - 0.06203727688297467*cos(127.0794274515313*exp(x1**2) + 1.0033413191656677) + 29.000659422533849,-11.5716322315131*(sin(x1) + 6.30580718870553)**0.5 + 3.2841935694954*sin(x1) - 0.0620372768829747*cos(127.0794274515313*exp(x1**2) + 1.0033413191656677) + 29.0006594225339,-11.57163223151307*sqrt(sin(x) + 6.3058071887055274) + 2.1049735982233914e-6*exp(x**2 + sqrt(sin(x) + 1)) + 3.2841935694954034*sin(x) - 0.06203727688297467*cos(127.0794274515313*exp(x**2) + 1.0033413191656677) + 29.000659422533849,-11.5716322315131*(sin(x) + 6.30580718870553)**0.5 + 3.2841935694954*sin(x) - 0.0620372768829747*cos(127.0794274515313*exp(x**2) + 1.0033413191656677) + 29.0006594225339
SRB-2026-06-25-1715-L4,sin-noise-2,1,0.0001985803471583618,9.858034616355783e-05,6,6,0.9973986713422166*sin(x1) + 0.00010028359492526797,0.997398671342217*sin(x1) + 0.000100283594925268,0.9973986713422166*sin(x) + 0.00010028359492526797,0.997398671342217*sin(x) + 0.000100283594925268
SRB-2026-06-25-1715-L4,sin-noise-2,2,0.0001985803471583618,9.858034616355783e-05,6,6,0.9973986713422166*sin(x1) + 0.00010028359492526795,0.997398671342217*sin(x1) + 0.000100283594925268,0.9973986713422166*sin(x) + 0.00010028359492526795,0.997398671342217*sin(x) + 0.000100283594925268
SRB-2026-06-25-1715-L4,sin-noise-2,3,0.0001985803471583618,9.858034616355783e-05,6,6,0.9973986713422166*sin(x1) + 0.00010028359492526795,0.997398671342217*sin(x1) + 0.000100283594925268,0.9973986713422166*sin(x) + 0.00010028359492526795,0.997398671342217*sin(x) + 0.000100283594925268
SRB-2026-06-25-1715-L4,sin-noise-2,4,0.0001985803471583618,9.858034616355783e-05,6,6,0.9973986713422166*sin(x1) + 0.00010028359492526795,0.997398671342217*sin(x1) + 0.000100283594925268,0.9973986713422166*sin(x) + 0.00010028359492526795,0.997398671342217*sin(x) + 0.000100283594925268
SRB-2026-06-25-1715-L4,sin-noise-2,5,0.0001985803471583618,9.858034616355783e-05,6,6,0.9973986713422166*sin(x1) + 0.00010028359492526795,0.997398671342217*sin(x1) + 0.000100283594925268,0.9973986713422166*sin(x) + 0.00010028359492526795,0.997398671342217*sin(x) + 0.000100283594925268
SRB-2026-06-25-1715-L4,sin-noise-2,6,0.0001985803471583618,9.858034616355783e-05,6,6,0.9973986713422166*sin(x1) + 0.00010028359492526795,0.997398671342217*sin(x1) + 0.000100283594925268,0.9973986713422166*sin(x) + 0.00010028359492526795,0.997398671342217*sin(x) + 0.000100283594925268
SRB-2026-06-25-1715-L4,sin-noise-2,7,0.0001985803471583618,9.858034616355783e-05,6,6,0.9973986713422166*sin(x1) + 0.00010028359492526795,0.997398671342217*sin(x1) + 0.000100283594925268,0.9973986713422166*sin(x) + 0.00010028359492526795,0.997398671342217*sin(x) + 0.000100283594925268
SRB-2026-06-25-1715-L4,sin-noise-2,8,0.0001985803471583618,9.858034616355783e-05,6,6,0.9973986713422166*sin(x1) + 0.00010028359492526795,0.997398671342217*sin(x1) + 0.000100283594925268,0.9973986713422166*sin(x) + 0.00010028359492526795,0.997398671342217*sin(x) + 0.000100283594925268
SRB-2026-06-25-1715-L4,sin-noise-2,9,0.0001985803471583618,9.858034616355783e-05,6,6,0.9973986713422166*sin(x1) + 0.00010028359492526795,0.997398671342217*sin(x1) + 0.000100283594925268,0.9973986713422166*sin(x) + 0.00010028359492526795,0.997398671342217*sin(x) + 0.000100283594925268
SRB-2026-06-25-1715-L4,sin-noise-2,10,0.0001985803471583618,9.858034616355783e-05,6,6,0.9973986713422166*sin(x1) + 0.00010028359492526795,0.997398671342217*sin(x1) + 0.000100283594925268,0.9973986713422166*sin(x) + 0.00010028359492526795,0.997398671342217*sin(x) + 0.000100283594925268
SRB-2026-06-25-1715-L4,sin-noise-2,11,0.0001985803471583618,9.858034616355783e-05,6,6,0.9973986713422166*sin(x1) + 0.00010028359492526795,0.997398671342217*sin(x1) + 0.000100283594925268,0.9973986713422166*sin(x) + 0.00010028359492526795,0.997398671342217*sin(x) + 0.000100283594925268
SRB-2026-06-25-1715-L4,sin-noise-2,12,0.0001985803471583618,9.858034616355783e-05,6,6,0.9973986713422166*sin(x1) + 0.00010028359492526795,0.997398671342217*sin(x1) + 0.000100283594925268,0.9973986713422166*sin(x) + 0.00010028359492526795,0.997398671342217*sin(x) + 0.000100283594925268
SRB-2026-06-25-1715-L4,sin-noise-2,13,0.0001985803471583618,9.858034616355783e-05,6,6,0.9973986713422166*sin(x1) + 0.00010028359492526795,0.997398671342217*sin(x1) + 0.000100283594925268,0.9973986713422166*sin(x) + 0.00010028359492526795,0.997398671342217*sin(x) + 0.000100283594925268
SRB-2026-06-25-1715-L4,sin-noise-2,14,0.0001985803471583618,9.858034616355783e-05,6,6,0.9973986713422166*sin(x1) + 0.00010028359492526795,0.997398671342217*sin(x1) + 0.000100283594925268,0.9973986713422166*sin(x) + 0.00010028359492526795,0.997398671342217*sin(x) + 0.000100283594925268
SRB-2026-06-25-1715-L4,sin-noise-2,15,0.0001985803471583618,9.858034616355783e-05,6,6,0.9973986713422166*sin(x1) + 0.00010028359492526795,0.997398671342217*sin(x1) + 0.000100283594925268,0.9973986713422166*sin(x) + 0.00010028359492526795,0.997398671342217*sin(x) + 0.000100283594925268
SRB-2026-06-25-1715-L4,sin-noise-2,16,0.0001985803471583618,9.858034616355783e-05,6,6,0.9973986713422166*sin(x1) + 0.00010028359492526795,0.997398671342217*sin(x1) + 0.000100283594925268,0.9973986713422166*sin(x) + 0.00010028359492526795,0.997398671342217*sin(x) + 0.000100283594925268
SRB-2026-06-25-1715-L4,sin-noise-2,17,0.0001985803471583618,9.858034616355783e-05,6,6,0.9973986713422166*sin(x1) + 0.00010028359492526795,0.997398671342217*sin(x1) + 0.000100283594925268,0.9973986713422166*sin(x) + 0.00010028359492526795,0.997398671342217*sin(x) + 0.000100283594925268
SRB-2026-06-25-1715-L4,sin-noise-2,18,0.0001985803471583618,9.858034616355783e-05,6,6,0.9973986713422166*sin(x1) + 0.00010028359492526795,0.997398671342217*sin(x1) + 0.000100283594925268,0.9973986713422166*sin(x) + 0.00010028359492526795,0.997398671342217*sin(x) + 0.000100283594925268
SRB-2026-06-25-1715-L4,sin-noise-2,19,0.0001985803471583618,9.858034616355783e-05,6,6,0.9973986713422166*sin(x1) + 0.00010028359492526795,0.997398671342217*sin(x1) + 0.000100283594925268,0.9973986713422166*sin(x) + 0.00010028359492526795,0.997398671342217*sin(x) + 0.000100283594925268
SRB-2026-06-25-1715-L4,sin-noise-2,20,0.0001985803471583618,9.858034616355783e-05,6,6,0.9973986713422166*sin(x1) + 0.00010028359492526795,0.997398671342217*sin(x1) + 0.000100283594925268,0.9973986713422166*sin(x) + 0.00010028359492526795,0.997398671342217*sin(x) + 0.000100283594925268
SRB-2026-06-25-1715-L4,sin-noise-2,21,0.0001985803471583618,9.858034616355783e-05,6,6,0.9973986713422166*sin(x1) + 0.00010028359492526795,0.997398671342217*sin(x1) + 0.000100283594925268,0.9973986713422166*sin(x) + 0.00010028359492526795,0.997398671342217*sin(x) + 0.000100283594925268
SRB-2026-06-25-1715-L4,sin-noise-2,22,0.0001985803471583618,9.858034616355783e-05,6,6,0.9973986713422166*sin(x1) + 0.00010028359492526795,0.997398671342217*sin(x1) + 0.000100283594925268,0.9973986713422166*sin(x) + 0.00010028359492526795,0.997398671342217*sin(x) + 0.000100283594925268
SRB-2026-06-25-1715-L4,sin-noise-2,23,0.0001985803471583618,9.858034616355783e-05,6,6,0.9973986713422166*sin(x1) + 0.00010028359492526795,0.997398671342217*sin(x1) + 0.000100283594925268,0.9973986713422166*sin(x) + 0.00010028359492526795,0.997398671342217*sin(x) + 0.000100283594925268
SRB-2026-06-25-1715-L4,sin-noise-2,24,0.0001985803471583618,9.858034616355783e-05,6,6,0.9973986713422166*sin(x1) + 0.00010028359492526795,0.997398671342217*sin(x1) + 0.000100283594925268,0.9973986713422166*sin(x) + 0.00010028359492526795,0.997398671342217*sin(x) + 0.000100283594925268
SRB-2026-06-25-1715-L4,sin-noise-2,25,0.0001985803471583618,9.858034616355783e-05,6,6,0.9973986713422166*sin(x1) + 0.00010028359492526795,0.997398671342217*sin(x1) + 0.000100283594925268,0.9973986713422166*sin(x) + 0.00010028359492526795,0.997398671342217*sin(x) + 0.000100283594925268
SRB-2026-06-25-1715-L4,sin-noise-2,26,0.0001985803471583618,9.858034616355783e-05,6,6,0.9973986713422166*sin(x1) + 0.00010028359492526795,0.997398671342217*sin(x1) + 0.000100283594925268,0.9973986713422166*sin(x) + 0.00010028359492526795,0.997398671342217*sin(x) + 0.000100283594925268
SRB-2026-06-25-1715-L4,sin-noise-2,27,0.0001985803471583618,9.858034616355783e-05,6,6,0.9973986713422166*sin(x1) + 0.00010028359492526795,0.997398671342217*sin(x1) + 0.000100283594925268,0.9973986713422166*sin(x) + 0.00010028359492526795,0.997398671342217*sin(x) + 0.000100283594925268
SRB-2026-06-25-1715-L4,sin-noise-2,28,0.00019858034715836186,9.85803461635578e-05,6,6,0.9973986713422164*sin(x1) + 0.00010028359492526728,0.997398671342216*sin(x1) + 0.000100283594925267,0.9973986713422164*sin(x) + 0.00010028359492526728,0.997398671342216*sin(x) + 0.000100283594925267
SRB-2026-06-25-1715-L4,sin-noise-2,29,0.0001985803471583618,9.858034616355783e-05,6,6,0.9973986713422166*sin(x1) + 0.00010028359492526795,0.997398671342217*sin(x1) + 0.000100283594925268,0.9973986713422166*sin(x) + 0.00010028359492526795,0.997398671342217*sin(x) + 0.000100283594925268
SRB-2026-06-25-1715-L4,sin-noise-2,30,0.0001985803471583618,9.858034616355783e-05,6,6,0.9973986713422166*sin(x1) + 0.00010028359492526795,0.997398671342217*sin(x1) + 0.000100283594925268,0.9973986713422166*sin(x) + 0.00010028359492526795,0.997398671342217*sin(x) + 0.000100283594925268
SRB-2026-06-25-1715-L4,sin-noise-2,31,0.0001985803471583618,9.858034616355783e-05,6,6,0.9973986713422166*sin(x1) + 0.00010028359492526795,0.997398671342217*sin(x1) + 0.000100283594925268,0.9973986713422166*sin(x) + 0.00010028359492526795,0.997398671342217*sin(x) + 0.000100283594925268
SRB-2026-06-25-1715-L4,sin-noise-2,32,0.0001985803471583618,9.858034616355783e-05,6,6,0.9973986713422166*sin(x1) + 0.00010028359492526795,0.997398671342217*sin(x1) + 0.000100283594925268,0.9973986713422166*sin(x) + 0.00010028359492526795,0.997398671342217*sin(x) + 0.000100283594925268
